time	IkBa_cytoplasm	IkBa_mRNA_cytoplasm	IkBa_mRNA_nucleus	IkBa_pre_mRNA_1	IkBa_pre_mRNA_2	JNK	JNK_P	LPS	MSK1	MSK1_P	TNFR1_EL	TNFR1_cytoplasm	TNFa_TNFR1_EL	TNFa_TNFR1_cytoplasm	TNFa_mRNA_LSEC	TNFa_mRNA_MC	TNFa_pre_mRNA_LSEC	TNFa_pre_mRNA_MC	p38	p38_P	p65_2P	p65_IkBa_nucleus	p65_cytoplasm	p65_nucleus	s11	s14	s15	s16	s19	s3	s5	s8
0.0.	0.510679872952	0.954577660503	0.000124095095865	20.9158330985	20.9158330985	0.916438841557	0.08356115844260001	5.0	14.9904622516	0.00953774842945	0.00122834645669	5.5275590551200005e-05	-1.5407439555097882e-33	0.0	0.0	0.0	0.0	0.0	0.902499906231	0.09750009376890001	0.238450337937	0.870509482564	0.000256557042108	0.0128210126003	1.02135960422	0.29998908305	1.09169502571e-05	0.0	0.0435253045909	0.00359387714163	0.0714016751111	0.179665419134
900.0.	0.36963725160873	0.9561262996396461	0.000125576760249	22.9418247394022	21.165573448954795	0.9028145652311671	0.09718543476843201	3.776799617957813	14.989439238218006	0.010560761811450001	0.0010901849080150001	4.905888091518132e-05	1.3574404937963691e-09	3.3742470812726164e-05	3.195269132328298e-08	1.872738262131307e-07	0.017933805101106003	0.009323261707200001	0.8895856215359771	0.110414378463922	0.269005729736332	0.7490830213574311	0.000411186246497	0.020552348212984	0.7392745836417961	0.29996587805925	3.412194100666316e-05	2.199136447433193e-05	0.037453814026868	0.0063012352357200005	0.15672140616680702	0.314988593299422
1800.0.	0.037811401363795	1.031890653343146	0.000167074282481	57.24065766649416	28.16001062485016	0.8718680176150171	0.128131982384582	2.852843068356338	14.98667136284463	0.013328637184816002	0.000680690655759	3.0632298711692955e-05	2.558956246652838e-09	0.000133752668509	6.194722754547963e-08	3.692279739117407e-07	0.034733767558417006	0.018167834793633	0.860219029230434	0.13978097076946502	0.4676731950217	0.39096770483385	0.0029040864042940004	0.14520006738222202	0.075622730316503	0.299931140844639	6.885915561718054e-05	6.639625138236507e-05	0.019548051880477	0.010618534259539	0.17157120552104202	0.530843254482918
2700.0.	0.028150765914373002	1.779799845179312	0.00043993881915	178.6538223573196	74.15090654697666	0.8459320205045301	0.154067979495068	2.1549233203222222	14.984045790375452	0.015954209653976002	0.000154427291819	6.950660984989999e-06	2.3170261913963375e-09	0.000262282209252	8.962836672530317e-08	5.396766308820168e-07	0.050237502460256	0.026450497959932002	0.835444482060768	0.164555517939131	0.7978042891451581	0.20092289989939502	0.005801749453033	0.290083089665264	0.056301307045455	0.29991727398024703	8.272602000963499e-05	0.00026499345501400005	0.010045878059683001	0.007991063626126001	0.10761457745998101	0.399496483173152
3600.0.	0.090985224824341	3.853154042707857	0.0008527263405130001	224.01751380358803	143.72478468894684	0.8629083745573011	0.137091625442297	1.6277427131690052	14.985393690394957	0.014606309634477002	7.551960103776286e-06	3.407049083077104e-07	4.852435471262615e-10	0.000298154615595	1.1474555533738711e-07	6.969706119988436e-07	0.064304715261287	0.034091132213428	0.8535416189871081	0.14645838101279102	0.873354652129894	0.36771824582622803	0.002785984795767	0.13929584382801902	0.18197003582253202	0.29996384087558303	3.6159124674133624e-05	0.001134826713064	0.018385626270452	0.005354621403642	0.11306669390784801	0.26768721208955604
4500.0.	0.24207938744304403	5.944682617757174	0.000987770158729	159.7497741382306	166.48547371520306	0.8807932163640121	0.11920678363558601	1.229531610372452	14.987261894031812	0.012738105997628	3.4960733725240943e-06	1.581806684034344e-07	4.5241519481854467e-10	0.000299145203809	1.371178434571425e-07	8.396843727492314e-07	0.07683413407759701	0.04102069651997901	0.871245901618767	0.128754098381132	0.6816412398705021	0.5657933360035561	0.000855754148961	0.042785431831568	0.48415840360876605	0.29997546395667	2.4536043586618063e-05	0.0022855278554390003	0.028289405699579002	0.004773417054698001	0.12068479747063401	0.238627604297408
5400.0.	0.39184303963062905	6.675620672737491	0.000871988642298	103.31756470727346	146.97064891112908	0.8900155444281511	0.10998445557144601	0.9287389024500851	14.988174860073732	0.011825139955703001	2.2647873977285197e-06	1.0277190662839031e-07	4.4792264075977725e-10	0.00029944592351700003	1.566588687801023e-07	9.667879494902997e-07	0.08777749541528501	0.047189586502505	0.879818701585593	0.12018129841430501	0.5318777887069981	0.646409228203457	0.00048311230591600006	0.024151862823783003	0.7836857532497801	0.299976628549163	2.337145109374097e-05	0.003493055383087	0.032320200355308006	0.005204050270975	0.136093430454017	0.26015640423785
6300.0.	0.508461741835604	6.211606249796608	0.0006863018572580001	68.96415584876797	115.67371466547216	0.894715692487636	0.10528430751196201	0.7015321457880771	14.988612070532655	0.011387929496782	1.672613828005072e-06	7.612390999318544e-08	4.464482990651274e-10	0.00029959055100300003	1.7338984080118252e-07	1.077789136124009e-06	0.09714680140062001	0.052574498780369	0.8839216110368351	0.11607838896306301	0.45544672043750506	0.675556989677456	0.000360650441432	0.018027803017119003	1.016923192949788	0.299976777461514	2.322253874303372e-05	0.004714195779407001	0.033777586848821005	0.0056830415315070005	0.14644848668575	0.284104419739484
7200.0.	0.585384753187672	5.201973089658463	0.0005173659205490001	49.46322981316302	87.20015392926442	0.8971056448501561	0.10289435514944101	0.5299092675646551	14.98882091146107	0.011179088568364	1.331088348526201e-06	6.07552323156979e-08	4.458039597840774e-10	0.000299673962193	1.8743664824290799e-07	1.17280747265885e-06	0.10501268132313601	0.057181939828471	0.8858812002876251	0.11411879971227301	0.42034402840435503	0.685966735447744	0.000309910595422	0.015490335109327001	1.17076924784496	0.299976810883739	2.31891165174422e-05	0.005915193444117	0.034298073374881	0.005978145606150001	0.151953199673899	0.29885899886488604
8100.0.	0.6195384838094741	4.125655997116168	0.00038956744966300004	38.74143803719245	65.66019295076492	0.8983204128376241	0.101679587161974	0.400272223496957	14.988920651001587	0.011079349027846	1.112887822650626e-06	5.093621418576518e-08	4.454734458968984e-10	0.00029972725353600004	1.9901195514789572e-07	1.252557957230556e-06	0.11149434777569	0.061047330273762	0.8868171289261101	0.11318287107378801	0.404827885969792	0.68964061420486	0.000291504937272	0.014569837371276002	1.2390767411444061	0.299976823972922	2.317602733470782e-05	0.0070697050577960005	0.034481767134604005	0.006129158784326001	0.15436007266398602	0.306409428101938
9000.0.	0.6105114810846171	3.21233429318705	0.000301892839169	33.152637925004264	50.88297115534431	0.8989381665849061	0.101061833414692	0.30234959587613003	14.988968334931425	0.011031665098013	9.63982440322558e-07	4.423548817208847e-08	4.4528512845204857e-10	0.000299763620833	2.083874688596278e-07	1.318249353619584e-06	0.1167440546469	0.06422997303342501	0.8872646674953941	0.112735332504503	0.398375140425662	0.6905180236338261	0.000294791965007	0.01473409675258	1.2210227664892281	0.29997683075998005	2.31692402762592e-05	0.008158287017014001	0.034525637848279	0.006198103747076001	0.154519414626823	0.30985662115128704
9900.0.	0.562614886419316	2.527820408197936	0.000246168687264	30.72974862176741	41.49088421203236	0.8992527066350311	0.100747293364567	0.228382767504646	14.988991181385892	0.011008818643548001	8.576083524761838e-07	3.94486734332272e-08	4.4516865970065606e-10	0.00029978960066300004	2.158634655896213e-07	1.371426537430324e-06	0.12093002667737901	0.066805339488803	0.88747916623539	0.11252083376450801	0.396436811026997	0.6897823820121171	0.000318485138499	0.01591872134214	1.125229603178497	0.29997683474749703	2.316525275992265e-05	0.009167807757356001	0.034488856423169005	0.006222801534339	0.152647236352522	0.31109155706374203
10800.0.	0.486260113606828	2.060267467400084	0.00021428271574700002	30.52911353258418	36.11663598220994	0.8994131941944711	0.10058680580512701	0.172511189823488	14.989002167107808	0.010997832921635	7.790422783519021e-07	3.5913217956939924e-08	4.450929796973196e-10	0.000299808788913	2.2174175322124832e-07	1.413797172590803e-06	0.124221320093851	0.06885663746983	0.887582364031102	0.112417635968795	0.397245761902067	0.6876379681914431	0.000366128680348	0.018300894971605003	0.9725200745995771	0.299976837265088	2.3162735168537703e-05	0.010090661127000002	0.034381636889168	0.0062210513665510005	0.14861910460409603	0.31100418320197204
11700.0.	0.39740604577041605	1.7735039471747671	0.000200412150994	32.22390487866517	33.778820404046776	0.899495342872596	0.100504657127001	0.130308039058322	14.98900747950624	0.010992520523203	7.195408813472541e-07	3.323567073325303e-08	4.450416296460409e-10	0.000299823320979	2.2630565727423702e-07	1.4470778840012709e-06	0.126776619842004	0.070467360001291	0.8876323097327801	0.11236769026711801	0.40029580349728006	0.683916884914041	0.00044388887564000005	0.022188920751572003	0.7948119438551761	0.299976838937594	2.3161062661943462e-05	0.010923833257559001	0.034195584495901	0.006199236405302001	0.14222945929112102	0.309913667888223
12600.0.	0.314615870924672	1.632867255068617	0.00020119755396400002	35.79276344980294	33.91121796161221	0.8995375949729231	0.10046240502667501	0.09842947032533	14.989010070865369	0.010989929164074002	6.735997845138342e-07	3.116833472517366e-08	4.4500557040983735e-10	0.000299834541203	2.2980787438140018e-07	1.472880347811881e-06	0.128737443740055	0.07171579048123901	0.887656704359792	0.112343295640106	0.40553162186046005	0.6785164853187371	0.000554403695365	0.027714689658749	0.629231586486174	0.29997684009331904	2.3159906937547293e-05	0.011667918201558	0.033925566848101	0.006158736177995	0.133701133831643	0.307888995063936
13500.0.	0.253594965396891	1.613365642120825	0.00021473630774500001	41.04728300883244	36.19314941976008	0.8995594822085131	0.10044051779108501	0.074349677150549	14.989011351737393	0.010988648292051002	6.375901625426239e-07	2.954791296325029e-08	4.4497945782158405e-10	0.00029984333585400004	2.324651465288256e-07	1.492642130947468e-06	0.13022516569096002	0.072671684203769	0.8876687857244201	0.11233121427547801	0.41254049305946405	0.6721570041817101	0.0006813613882530001	0.034062601918285	0.507189758552142	0.299976840917732	2.315908252423924e-05	0.012326173008072	0.033607595114674	0.0061026957865130006	0.12451750944780701	0.305087378159271
14400.0.	0.221031784935653	1.695067671713692	0.000238311415638	46.97031935043678	40.16667032237746	0.8995709394784871	0.100429060521111	0.05616076640056301	14.98901199749913	0.010988002530310001	6.090283836966409e-07	2.826264231722043e-08	4.449601480579559e-10	0.00029985031151400003	2.3445788401380356e-07	1.5075963378570152e-06	0.131340808867198	0.07339482852567	0.887674894134132	0.11232510586576501	0.419711968465361	0.6669002967601511	0.0007801235629690001	0.039000728178058004	0.44206337810748303	0.299976841521496	2.3158478759987662e-05	0.012903677120945001	0.033344761062687	0.006043588527094	0.11746388433078801	0.30213235658194004
15300.0.	0.213406115894642	1.849816772568533	0.000266130119579	51.75329738186668	44.85542481330432	0.8995770288452921	0.10042297115430501	0.042421592179611	14.989012332565284	0.010987667464157	5.861612873354666e-07	2.72336308147837e-08	4.4494555221715235e-10	0.00029985589635700004	2.359328357078316e-07	1.518769423577083e-06	0.132166543992032	0.073934961448277	0.8876780765678801	0.11232192343201701	0.424655457137725	0.664728773939892	0.000812038708285	0.040596498338007006	0.42681202389237805	0.29997684197358904	2.315802666763418e-05	0.013406630572312	0.033236184855064	0.006001300273006001	0.11458141384968001	0.30001809730807705
16200.0.	0.22219481925734103	2.033318391675958	0.000290449629	54.09548257842894	48.95439023241129	0.8995803359411441	0.10041966405845301	0.032043570599811	14.989012513512188	0.010987486517257	5.677187741249543e-07	2.6403724231635672e-08	4.4493432548784643e-10	0.000299860400582	2.370072791752273e-07	1.5269963569584841e-06	0.13276803758397202	0.074332523622293	0.8876798046520441	0.11232019534785301	0.426138030902498	0.665574762264403	0.000785186654107	0.039253907484103005	0.44438942052920605	0.299976842318593	2.3157681663593693e-05	0.013841799692950001	0.033278483385694	0.005987410627382001	0.11547403018038802	0.29932357646769703
17100.0.	0.238947868871547	2.196498912300931	0.00030573768400500004	54.07374203401297	51.53112778604017	0.899582186164376	0.10041781383522201	0.024204429020725	14.989012616442624	0.010987383586819001	5.52760169971599e-07	2.5730592445876872e-08	4.4492555745942834e-10	0.00029986405393	2.377736806509269e-07	1.532944441522406e-06	0.133197062493144	0.074619823606068	0.8876807943900931	0.112319205609805	0.42485256694529805	0.6679500600227071	0.0007339027282310001	0.036689715614056005	0.477895515446879	0.29997684258621804	2.31574140387683e-05	0.014216101526589002	0.03339724723218	0.0059973415852050006	0.118339080611115	0.29981998218416
18000.0.	0.25718670899817503	2.305815915017698	0.000310948010307	52.60521334199213	52.40929776336338	0.8995832623628011	0.10041673763679601	0.018283055643293	14.989012678727812	0.010987321301639002	5.405754919086643e-07	2.518228640445183e-08	4.4491861795913916e-10	0.0002998670298	2.383041954732792e-07	1.537139817613767e-06	0.133494018557535	0.074822328427302	0.887681397907472	0.11231860209242601	0.42228660234103804	0.670529887141592	0.000683977141037	0.034193431190730005	0.5143731956731541	0.29997684279679004	2.3157203466399364e-05	0.014536308529154001	0.033526237719485	0.006018978206929	0.121572638781184	0.300901651576909
18900.0.	0.272665398541902	2.352444102595724	0.000308380437102	50.634637859451516	51.97653235470277	0.899583918882158	0.10041608111743901	0.013810287499393002	14.98901271899471	0.010987281034744	5.306200794375214e-07	2.47342965367767e-08	4.4491306143575476e-10	0.00029986946121600004	2.386546884758181e-07	1.5399930621274991e-06	0.13369018412258102	0.07495990733862301	0.8876817910900551	0.11231820890984401	0.41962956646555305	0.672642707495252	0.0006461333292540001	0.032301230304022	0.545330577370021	0.299976842964542	2.3157035714014545e-05	0.014808851564668001	0.033631878134331	0.006042114973125	0.12428554362733402	0.30205835395560104
19800.0.	0.283159972944428	2.347010036553156	0.000301466558121	48.79221785449062	50.81121605958267	0.899584341483553	0.100415658516044	0.01043173770298	14.98901274672669	0.010987253302768	5.224701861727966e-07	2.4367554382432e-08	4.449085658763826e-10	0.00029987145166800004	2.3886815400548326e-07	1.541822060257144e-06	0.133809631186374	0.07504794150030801	0.8876820637541071	0.112317936245791	0.41750639568323805	0.674078629711595	0.0006224429823680001	0.031116702271655004	0.566319729990958	0.299976843099647	2.3156900609380343e-05	0.015039699500232002	0.033703673902350004	0.006061157299426001	0.126143778560625	0.30301037579330303
20700.0.	0.28811031195151504	2.308886726780221	0.00029326518086	47.394832533547905	49.4288999585984	0.8995846289504421	0.100415371049155	0.007879716594378	14.989012766895732	0.01098723313373	5.157921144021832e-07	2.4067043650701414e-08	4.449048958845782e-10	0.00029987308265700004	2.389775311907809e-07	1.5428714633187629e-06	0.13387080181150302	0.07509826717258701	0.8876822631805931	0.11231773681930501	0.41612797751969205	0.674851671570035	0.000611534424571	0.030571266088577003	0.5762204119139871	0.29997684320951	2.3156790746335513e-05	0.015234296067702002	0.03374232587216	0.006074076851256001	0.127119603325997	0.303656300858176
21600.0.	0.28819188912695104	2.25751969096736	0.00028589179842900003	46.54414674410172	48.18614216425243	0.8995848348571691	0.10041516514242801	0.005952022116757	14.989012782211741	0.010987217817722	5.103203190248348e-07	2.3820814900330403e-08	4.44901874382069e-10	0.000299874419036	2.390079688225854e-07	1.5433287067145871e-06	0.13388777629832602	0.075119951681275	0.887682415273859	0.112317584726039	0.41547937638515303	0.675069151922794	0.000610856308397	0.03053735524632	0.576383569483778	0.29997684329961505	2.3156700641169102e-05	0.01539753786012	0.033753199933334005	0.0060808546324760005	0.12733529698649101	0.303995173190514
22500.0.	0.28484136193296	2.20790417362452	0.000280501488137	46.21254416693361	47.277625958400556	0.8995849890352071	0.10041501096438901	0.004495918970044001	14.989012794224701	0.010987205804761	5.058415843609689e-07	2.361927350080352e-08	4.4489937092488286e-10	0.00029987551288000004	2.389786177725612e-07	1.5433368968154258e-06	0.13387127678514402	0.07511991742707001	0.8876825349425831	0.112317465057315	0.415436665470351	0.674877843176214	0.000617401319189	0.030864603747201003	0.569682517192172	0.29997684337408603	2.3156626170739053e-05	0.015533780621296001	0.033743634647115	0.00608245837176	0.12698697767942202	0.304075370185903
23400.0.	0.279772395274975	2.169304190417917	0.000277477673301	46.298024314426925	46.76797513122986	0.8995851086681891	0.100414891331407	0.0033960370096600004	14.989012803871626	0.010987196157834	5.021833953879443e-07	2.3454656337003172e-08	4.44897280553887e-10	0.000299876406322	2.389040326923645e-07	1.54300500999967e-06	0.133829452063294	0.07510343558623	0.88768263126081	0.11231736873908801	0.415824687038773	0.6744416896469101	0.000627962268063	0.031392651373076	0.559544584752213	0.299976843436066	2.3156564190739364e-05	0.015646863981394	0.033721827168152	0.006080320782712	0.12630400290343	0.30396851720798
24300.0.	0.27454963311435604	2.145711348346794	0.000276652137754	46.65928756921241	46.62883671342937	0.8995852040711301	0.10041479592846601	0.0025652302561110004	14.989012811752804	0.010987188276655001	4.992052560658735e-07	2.3320641139255097e-08	4.448955248140914e-10	0.000299877133674	2.387952585714495e-07	1.5424158684837801e-06	0.13376848593468402	0.07507451210304801	0.8876827100809801	0.11231728991891801	0.41644905411742605	0.673923669950099	0.0006394281246970001	0.031965945709382	0.5490990602653391	0.29997684348798404	2.315651227238302e-05	0.015740147317641	0.033695926371624	0.006076056365341	0.12551453295752601	0.30375532887990403
25200.0.	0.270297174690421	2.136991559164296	0.00027750659621300004	47.14444227930258	46.772854988852814	0.899585281733108	0.10041471826648801	0.0019376721302350002	14.989012818274698	0.010987181754762002	4.967921161576917e-07	2.321205069023815e-08	4.4489404135818725e-10	0.000299877723037	2.3866066756278254e-07	1.541632323129687e-06	0.133693065740561	0.075036186856858	0.887682775390035	0.11231722460986301	0.41712434829348904	0.673462627647829	0.000649232591159	0.032456171050813006	0.54059414255826	0.29997684353173903	2.315646851736155e-05	0.015816551463856	0.033672874394819	0.006071225224034	0.12480904178864001	0.30351380145606205
26100.0.	0.267584629765727	2.140224155832768	0.00027935733243	47.61865701951602	47.084791645427444	0.8995853459423131	0.100414654057284	0.0014636398722280002	14.98901282372618	0.010987176303280001	4.94849327406079e-07	2.312462585467936e-08	4.4489278071755083e-10	0.00029987819752500005	2.385066003626094e-07	1.54070201524157e-06	0.133606741459448	0.074990764041163	0.8876828300360161	0.11231716996388201	0.41770320158197805	0.6731504555661331	0.000655791246391	0.032784105722985	0.535169051549747	0.29997684356883003	2.3156431426172822e-05	0.015878602580566	0.033657265859741	0.006067090762782001	0.12430994319601502	0.30330709904810904
27000.0.	0.266475747824576	2.151050128661481	0.00028152365731000004	47.98692465433301	47.44991882161709	0.899585399670713	0.10041460032888401	0.001105574902043	14.989012828320833	0.010987171708626	4.932987264580326e-07	2.3054849312119e-08	4.4489170328703535e-10	0.000299878576229	2.38337856018767e-07	1.5396610262445712e-06	0.133512199941033	0.07493998872081101	0.887682876133111	0.11231712386678701	0.41809826621432006	0.673021023045084	0.000658676704752	0.032928380035214005	0.532951286544002	0.299976843600453	2.315639980302588e-05	0.015928475701598003	0.033650794235527005	0.006064429196135	0.1240600049328	0.30317402993408704
27900.0.	0.26667857753658003	2.1649094592255222	0.000283462282569	48.204816996133275	47.77666728758327	0.8995854450676911	0.10041455493190501	0.0008351069735260001	14.989012832221487	0.010987167807972001	4.920755590348142e-07	2.2999807145521014e-08	4.448907771051827e-10	0.000299878874964	2.3815806497570938e-07	1.5385366648861112e-06	0.133411473765659	0.07488518165622901	0.8876829152980531	0.11231708470184501	0.418287429374652	0.6730567915844831	0.0006584290840730001	0.032915999680404005	0.5333569450997261	0.29997684362757004	2.3156372686254375e-05	0.015968036363342	0.033652582614146005	0.006063472479884001	0.124033865761625	0.303126192754795
28800.0.	0.267725301502661	2.178012055881771	0.00028484331126000004	48.27440006055574	48.00943430608241	0.8995854837441061	0.10041451625549101	0.000630806339708	14.989012835555187	0.010987164474273	4.911260404548713e-07	2.295707906560538e-08	4.4488997619936556e-10	0.000299879106866	2.3796997261389458e-07	1.5373495900180911e-06	0.13330609999106702	0.074827341982448	0.8876829487951201	0.11231705120477901	0.41830085082181806	0.673208478598032	0.0006561271700870001	0.032800903939124	0.535450392511849	0.29997684365096	2.31563492967374e-05	0.015998879366360002	0.03366016688902	0.006064003911191	0.12416489848715301	0.30315275533261504
29700.0.	0.269128338806145	2.187900833412745	0.000285558505976	48.22937492849881	48.12997711473183	0.8995855169418451	0.10041448305775201	0.000476485828559	14.989012838422772	0.010987161606685001	4.904054034853729e-07	2.2924650564835112e-08	4.448892793368563e-10	0.000299879282867	2.377756544296202e-07	1.5361154240602e-06	0.133197240625999	0.074767225249214	0.887682977629595	0.11231702237030401	0.41819759909224	0.67341741309737	0.0006529437254720001	0.032641731089607	0.538256466936703	0.29997684367125704	2.3156328999188383e-05	0.016022364173348	0.033670613531749	0.006065547432686001	0.12437441013120601	0.303229918471966
30600.0.	0.270486760354513	2.193568117551868	0.000285675605477	48.11699203763623	48.14971307878016	0.899585545639289	0.100414454360308	0.00035991829905	14.989012840905344	0.010987159124114	4.898763237513749e-07	2.290084206138615e-08	4.448886690709637e-10	0.00029987941208500004	2.3757667914851657e-07	1.534845977470604e-06	0.13308577395301602	0.07470540264446701	0.8876830026108651	0.11231699738903402	0.41804235187834704	0.673632366423859	0.000649839539554	0.032486520823927	0.540973310113063	0.29997684368898403	2.3156311272747344e-05	0.016039646759792	0.033681361124577	0.006067563783278	0.124593514639333	0.30333072240644904
31500.0.	0.27153894278032004	2.1952145145944	0.00028536639701900004	47.98299271312582	48.097596492322616	0.899585570619817	0.10041442937978001	0.000271867858867	14.989012843068739	0.010987156960716001	4.895076408426726e-07	2.288425134942211e-08	4.44888131004148e-10	0.000299879502129	2.373742322638367e-07	1.533550176937406e-06	0.132972363694141	0.074642305886784	0.88768302439677	0.112316975603129	0.41788902359386304	0.6738181367395351	0.0006474296594900001	0.032366025733049	0.5430776752017921	0.299976843704568	2.3156295688378892e-05	0.016051707941307003	0.033690649583844004	0.0060695929196860005	0.124774535023892	0.30343216729014305
32400.0.	0.272169961565693	2.193815639196609	0.000284835384777	47.862364033808255	48.008095885828475	0.8995855925182511	0.100414407481346	0.00020535808509900003	14.98901284496683	0.010987155062628	4.892733133354824e-07	2.287370657546033e-08	4.448876532125068e-10	0.000299879559359	2.3716920954027252e-07	1.532234768369883e-06	0.13285751136096802	0.074578261225311	0.887683043525858	0.11231695647404101	0.41777298573778204	0.6739572081735561	0.000645979906995	0.032293537087685	0.544339713065014	0.299976843718365	2.3156281891305142e-05	0.016059378333392	0.033697603118118	0.006071325196108	0.124893477491161	0.30351877203930805
33300.0.	0.272387555625544	2.190661979157798	0.00028426588366200004	47.7757896473028	47.912108343004384	0.8995856118536221	0.100414388145975	0.000155119267468	14.98901284664393	0.010987153385529	4.89151560551296e-07	2.286822761784762e-08	4.4488722579167414e-10	0.000299879589095	2.3696228775034978e-07	1.530904848979967e-06	0.132741595857922	0.074513515173366	0.887683060441491	0.112316939558408	0.41771020351053906	0.674047133324552	0.000645475760611	0.032268328925861005	0.544774901452149	0.299976843730669	2.315626958720733e-05	0.016063360177163002	0.033702099354992	0.006072613273961001	0.12494676421806701	0.303583169961957
34200.0.	0.272281421548003	2.186986028766163	0.00028378925794000004	47.730292682442965	47.83177480253183	0.899585629053096	0.100414370946501	0.00011717087802100001	14.989012848136666	0.01098715189279	4.891241546196553e-07	2.2866994229859593e-08	4.448868404951057e-10	0.000299879595788	2.3675397816717336e-07	1.529564269806533e-06	0.132624903431271	0.07444825397594601	0.887683075510269	0.11231692448963002	0.41770061992968405	0.674095957431265	0.0006457192035240001	0.03228050044466	0.544562633489834	0.299976843741725	2.315625853128036e-05	0.01606424630474	0.033704540551531	0.006073446593369	0.12494516192537701	0.303624832611119
35100.0.	0.27197893719825	2.183727441769205	0.000283475332737	47.72233733753768	47.77886397631311	0.899585644469969	0.100414355529628	8.850618546901041e-05	14.989012849475422	0.010987150554032	4.891758344044417e-07	2.2869319666614053e-08	4.4488649044345724e-10	0.000299879583167	2.365446670057075e-07	1.5282159401151891e-06	0.132507650311	0.07438261833147501	0.8876830890363641	0.11231691096353501	0.417733458130689	0.6741172478770121	0.000646426266004	0.032315853139071	0.543957664889813	0.299976843751737	2.3156248519471732e-05	0.016062536532505	0.033705605071239	0.006073908201893001	0.12490702988996301	0.303647911534131
36000.0.	0.27160715646196804	2.18143692537293	0.00028333834930600004	47.741935331281546	47.755776108681864	0.89958565839752	0.100414341602077	6.685402549273095e-05	14.989012850685468	0.010987149343986001	4.892938188662395e-07	2.2874628786570834e-08	4.448861698892787e-10	0.00029987955435200003	2.3633464599047958e-07	1.526862057528969e-06	0.132389999824752	0.07431671452159701	0.8876831012728281	0.11231689872707101	0.41779279540474	0.6741256913015651	0.0006473094272540001	0.03236001091745	0.5432141034298651	0.299976843760875	2.3156239381411815e-05	0.016058651768074	0.033706027241008005	0.0060741281937670005	0.12485228284261701	0.303658910516989
36900.0.	0.27126681444786105	2.180290486139132	0.000283351988502	47.776685016248564	47.7580751441047	0.8995856710798861	0.10041432891971101	5.0498851587583765e-05	14.989012851787862	0.01098714824159	4.894674020076195e-07	2.2882439824231922e-08	4.4488587402519306e-10	0.00029987951195700003	2.361241354566049e-07	1.5255042819736078e-06	0.132272075331406	0.074250622823643	0.887683112430632	0.11231688756926701	0.41786234810120004	0.67413382738701	0.000648135797587	0.032401329231709006	0.5425334193496371	0.299976843769282	2.3156230974667544e-05	0.016052946103838003	0.033706434041259004	0.006074243031157001	0.12479791456941801	0.30366465186103403
37800.0.	0.271019964808561	2.180174224999271	0.00028346762072300005	47.815026378902544	47.777564698487176	0.899585682720717	0.100414317278879	3.814480867636142e-05	14.989012852800192	0.010987147229261	4.896876150667761e-07	2.289234918899156e-08	4.4488559882660097e-10	0.000299879458175	2.359133018058833e-07	1.524143867133777e-06	0.132153969994211	0.074184403868192	0.8876831226859491	0.11231687731395001	0.41792885405503505	0.674150182681243	0.000648757366531	0.032432407499646	0.542039719982884	0.299976843777076	2.3156223180042403e-05	0.016045717150715	0.033707251797437006	0.006074366189423	0.124755460106459	0.30367080877199404
38700.0.	0.27088954927692604	2.180800103071403	0.00028363125085	47.84832754698466	47.80514406909577	0.89958569349016	0.100414306509437	2.8813059766966414e-05	14.989012853737156	0.010987146292297	4.899469443608307e-07	2.2904018768199512e-08	4.4488534092205526e-10	0.000299879394839	2.3570227069615057e-07	1.5227817597869028e-06	0.13203575416511001	0.074118103443103	0.8876831321860791	0.11231686781382001	0.41798382519722305	0.6741787747019911	0.0006491150483860001	0.032450291392531	0.5417788888221811	0.299976843784359	2.3156215897711435e-05	0.016037214843366	0.033708681385066004	0.006074572307234001	0.12473033879623802	0.30368111290451405
39600.0.	0.270867205318822	2.181820051734617	0.000283796235126	47.8717335655166	47.83295161710608	0.899585703530532	0.10041429646906501	2.1764230623845132e-05	14.989012854611058	0.010987145418396	4.902390953296524e-07	2.291716530922913e-08	4.4488509748598237e-10	0.000299879323487	2.3549113700610461e-07	1.52141867485712e-06	0.13191748096374	0.07405175612329301	0.887683141054297	0.112316858945602	0.41802379330555706	0.6742196988471141	0.000649223030837	0.032455690269814	0.541734200819457	0.29997684379121203	2.3156209044028364e-05	0.016027648924681	0.033710727574846	0.0060748940655910005	0.12472266436442801	0.30369719828186004
40500.0.	0.270925040570137	2.182916208600789	0.00028393051231000003	47.88397211494876	47.855583547126734	0.8995857129609751	0.10041428703862201	1.643982758092859e-05	14.989012855432199	0.010987144597257002	4.905587950364957e-07	2.293155153208681e-08	4.4488486614959543e-10	0.000299879245407	2.3527997236354729e-07	1.520055152120076e-06	0.131799190492274	0.073985388013118	0.8876831493938451	0.11231685060605401	0.41804944066214106	0.674270354692115	0.0006491425567790001	0.032451666269547	0.541849871257992	0.299976843797707	2.315620254887806e-05	0.01601719529408	0.033713260346981	0.0060753287030340004	0.124728909760434	0.303718926981889
41400.0.	0.271027643263974	2.183856473319946	0.00028401855806700003	47.886474926453914	47.87042330575634	0.89958572188129	0.10041427811830701	1.241798690529183e-05	14.989012856209209	0.010987143820248001	4.909016267472788e-07	2.294697868554743e-08	4.44884644926702e-10	0.00029987916167700004	2.3506883083260508e-07	1.518691599042364e-06	0.131680913019514	0.07391901881818301	0.887683157291225	0.11231684270867401	0.41806413671122106	0.6743268513075911	0.000648954083265	0.032442242251145004	0.5420550766072181	0.29997684380390305	2.3156196353474312e-05	0.016006001382075002	0.033716085156556004	0.006075849884367	0.12474380546559401	0.30374498248477505
42300.0.	0.27114176671189905	2.184514840576065	0.000284059301417	47.882214954621645	47.87729040168674	0.89958573037511	0.100414269624487	9.380049639869113e-06	14.989012856949323	0.010987143080135	4.91263891312636e-07	2.2963280309403512e-08	4.448844321517811e-10	0.000299879073201	2.3485775321002256e-07	1.517328323144638e-06	0.13156267138626002	0.073852663410494	0.887683164818944	0.112316835180955	0.418072378411644	0.674385231591749	0.0006487343774790001	0.032431256588784	0.5422833234872291	0.299976843809848	2.3156190408523512e-05	0.015994190692993	0.033719004149798004	0.006076420726221001	0.124761991048856	0.30377352087284804
43200.0.	0.271242448646564	2.184863393007521	0.00028406171376700004	47.87459651269012	47.87769694793051	0.8995857385125391	0.10041426148705801	7.0853135792013355e-06	14.989012857658599	0.010987142370853001	4.91642490973353e-07	2.298031700575757e-08	4.4488422642820924e-10	0.000299878980736	2.346467702706349e-07	1.515965556449665e-06	0.13144448282235202	0.07378633301081801	0.887683172037784	0.112316827962115	0.41807849765706806	0.674442312685352	0.000648541848089	0.032421629732906	0.542484687356663	0.29997684381558404	2.3156184672690395e-05	0.015981866639057003	0.03372185818463	0.006077004833255	0.12477915002271	0.30380272258527
44100.0.	0.27131546485254904	2.184946610850651	0.000284039736225	47.86661495245965	47.873992677931646	0.8995857463523471	0.10041425364724901	5.35196192376604e-06	14.989012858342138	0.010987141687317	4.920348319435205e-07	2.299797205530413e-08	4.448840265849099e-10	0.000299878884915	2.3443590521899547e-07	1.514603473950669e-06	0.131326360319257	0.07372003608185	0.8876831789987081	0.112316821001191	0.41808582217918006	0.674496091851143	0.0006484104767220001	0.03241506078024	0.542630719776918	0.29997684382114503	2.315617911131429e-05	0.015969115772237003	0.033724547124599005	0.006077573656403001	0.12479255992163701	0.30383116030204105
45000.0.	0.271356797725587	2.184848989493775	0.00028400781511800003	47.86037313726022	47.86861247187563	0.899585753943808	0.10041424605578901	4.042657549769341e-06	14.98901285900419	0.010987141025264002	4.924387427295719e-07	2.3016147741719948e-08	4.448838316400283e-10	0.000299878786267	2.3422517554131e-07	1.513242207562315e-06	0.13120831366691602	0.07365377900292	0.887683185744444	0.112316814255456	0.4180963164493	0.6745457773332431	0.0006483507498890001	0.032412074066986	0.542713385532543	0.29997684382656103	2.315617369533372e-05	0.015956010505365003	0.033727031381915004	0.00607810983998	0.12480113623211	0.303857966295762
45900.0.	0.271370187475029	2.184664828070322	0.00028397777362500003	47.85693782838235	47.8635490836065	0.8995857613282301	0.10041423867136601	3.053661497876808e-06	14.989012859648332	0.010987140381120001	4.928524056426415e-07	2.303476226974836e-08	4.4488364077046213e-10	0.00029987868523900004	2.34014594404357e-07	1.511881856659147e-06	0.131090350236954	0.073587566579645	0.887683192310815	0.112316807689084	0.41811061899122803	0.6745915615157291	0.00064835508666	0.032412290552142	0.542740165037313	0.299976843831856	2.315616840038466e-05	0.015942611400945002	0.03372932057551	0.006078607183508	0.124805127124211	0.30388283053554105
46800.0.	0.27136388027936004	2.184475726930836	0.00028395723071100005	47.856454501689115	47.86008665845975	0.8995857685402451	0.10041423145935101	2.306613515692733e-06	14.989012860277564	0.010987139751888001	4.932742993760618e-07	2.30537471812102e-08	4.4488345328629715e-10	0.000299878582199	2.3380417171219698e-07	1.510522496036127e-06	0.1309724755743	0.073521402428925	0.8876831987278551	0.112316801272044	0.41812833872508903	0.6746342667249351	0.0006484051912210001	0.032414795445722004	0.542727550645631	0.29997684383705103	2.3156163206044172e-05	0.015928969094581	0.033731455821296004	0.006079068334262001	0.12480563473828901	0.30390588533648
47700.0.	0.27134749480667103	2.184337933231387	0.00028394939048400004	47.858413356009365	47.8587652327198	0.8995857756088821	0.10041422439071501	1.742323408955339e-06	14.989012860894396	0.010987139135057	4.937031508648115e-07	2.307304518869878e-08	4.4488326860935016e-10	0.00029987847746100005	2.3359391490438507e-07	1.509164181921845e-06	0.13085469384407902	0.07345528926974901	0.887683205020737	0.11231679497916201	0.41814846590825006	0.674674976560612	0.0006484792236560001	0.032418496749434006	0.5426947796932421	0.299976843842161	2.3156158095195572e-05	0.015915125910093	0.033733491298848	0.0060795014178390006	0.12480411609419201	0.303927536911039
48600.0.	0.271329610538083	2.184278951608931	0.000283953802652	47.86196370345755	47.85950890618876	0.8995857825584711	0.10041421744112601	1.316081277050032e-06	14.989012861500933	0.010987138528521	4.94137894931701e-07	2.309260835967478e-08	4.4488308625515787e-10	0.000299878371284	2.3338382955891372e-07	1.507806956520743e-06	0.130737008169188	0.07338922914287101	0.887683211210562	0.11231678878933701	0.41816977737027006	0.67471473197187	0.0006485573991980001	0.032422405220515	0.542659011143484	0.299976843847203	2.3156153053495635e-05	0.015901117214747	0.033735479055287	0.0060799166329820005	0.12480197137756802	0.303948295130118
49500.0.	0.271316341387837	2.184301129465288	0.00028396762649	47.86619731694562	47.861838881329454	0.899585789409401	0.100414210590196	9.941150528650452e-07	14.989012862098942	0.010987137930515001	4.945776404658767e-07	2.311239659451286e-08	4.4488290581785377e-10	0.000299878263885	2.331739198476569e-07	1.506450851444163e-06	0.130619420885278	0.07332322357674101	0.8876832173150091	0.11231678268489001	0.41819115563104403	0.6747543330770011	0.000648625381457	0.032425804034774006	0.5426324728267591	0.29997684385218804	2.315614806892723e-05	0.015886972555706	0.033737459096315	0.006080323513168001	0.124800275424848	0.30396863661564505
50400.0.	0.271310872049224	2.184389242739978	0.000283986978929	47.870352938374225	47.86510067867674	0.8995857961787551	0.10041420382084201	7.509146703675066e-07	14.989012862689897	0.010987137339563	4.950216420809304e-07	2.313237635112816e-08	4.44882726957475e-10	0.00029987815544600004	2.3296418888039838e-07	1.505095890302051e-06	0.13050193373337002	0.073257273712842	0.887683223348893	0.11231677665100501	0.41821178444614604	0.6747942534749051	0.0006486754788060001	0.032428308606963004	0.5426215341317301	0.29997684385712503	2.3156143131423793e-05	0.015872716612465	0.03373945510179	0.006080729199214	0.124799661590063	0.30398891837658304
51300.0.	0.271313743979379	2.184519248626314	0.000284008064462	47.87392531929315	47.86865457812899	0.8995858028808461	0.10041419711875	5.672108480281593e-07	14.989012863275034	0.010987136754424	4.954692763689897e-07	2.315251957642016e-08	4.448825493893086e-10	0.00029987804612	2.327546389646954e-07	1.5037420906606439e-06	0.13038454800534102	0.07319138040037401	0.8876832293246251	0.11231677067527301	0.418231220206953	0.674834648824282	0.0006487060965170001	0.032429839198096	0.542627277974433	0.299976843862024	2.315613823255415e-05	0.01585836999467	0.033741474854664	0.0060811377534220005	0.12480033324629701	0.30400934351652104
52200.0.	0.27132359205063	2.184666041237506	0.00028402792545600004	47.87668690436166	47.872002081875394	0.8995858095276621	0.100414190471935	4.284483428235144e-07	14.989012863855397	0.010987136174063002	4.959200220090698e-07	2.317280281115659e-08	4.4488237287494814e-10	0.00029987793603500004	2.325452718021728e-07	1.50238946552123e-06	0.13026726465382701	0.073125544267766	0.8876832352525991	0.11231676474729901	0.418249364108701	0.6748754279236701	0.0006487201120650001	0.032430539680606	0.5426469741007091	0.299976843866891	2.315613336525797e-05	0.015843949910097	0.033743513794946	0.006081550323994001	0.12480215986178202	0.304029969450036
53100.0.	0.27133803610384905	2.184808941406566	0.00028404478048800003	47.87864559239973	47.87484293859803	0.899585816129242	0.10041418387035501	3.236327074955773e-07	14.98901286443185	0.010987135597610002	4.963734431070884e-07	2.319320644028097e-08	4.4488219721479333e-10	0.00029987782529600004	2.323360886367947e-07	1.5010380244371522e-06	0.130150084375232	0.07305976577669701	0.8876832411415201	0.11231675885837801	0.418266372448926	0.6749163517290481	0.000648722851574	0.03243067636071	0.542675862192854	0.299976843871733	2.315612852362373e-05	0.015829470723704	0.033745559970544	0.0060819658547970005	0.12480481087358901	0.304050743384889
54000.0.	0.271354494738826	2.184934520573172	0.00028405801304800003	47.879967691404225	47.877073239177136	0.8995858226939921	0.10041417730560401	2.444591772036833e-07	14.98901286500512	0.010987135024338	4.968291752449979e-07	2.321371406512923e-08	4.448820222417541e-10	0.000299877713992	2.321270903668631e-07	1.499687774357558e-06	0.130033007672436	0.072994045262902	0.8876832469986781	0.11231675300122002	0.41828254326999004	0.674957130990125	0.0006487202118130001	0.032430544077673006	0.542708779450454	0.29997684387655404	2.3156123702702514e-05	0.015814944425335	0.033747598919051006	0.0060823820203290005	0.124807887718341	0.304071549064021
54900.0.	0.271370779358942	2.185037032900542	0.00028406792485200004	47.88089305151076	47.87874383765818	0.899585829228952	0.100414170770644	1.846546654123903e-07	14.98901286557582	0.010987134453639	4.97286913800523e-07	2.3234311977822707e-08	4.4488184781597273e-10	0.000299877602199	2.3191827762961772e-07	1.49833872026472e-06	0.129916034902157	0.07292838296699401	0.887683252830174	0.11231674716972401	0.41829821023401204	0.674997502858078	0.000648717267624	0.032430396574765	0.5427413486799041	0.29997684388135804	2.3156118898351742e-05	0.015800381020884	0.033749617498105004	0.006082796121500001	0.12481102746169101	0.304092251549745
55800.0.	0.27138541716705	2.185117132953824	0.000284075379824	47.88166232509207	47.88000034648325	0.899585835740014	0.10041416425958201	1.394807339556408e-07	14.989012866144458	0.010987133885001001	4.977464041695799e-07	2.325498872128098e-08	4.4488167382039814e-10	0.00029987748997700004	2.3170965086513997e-07	1.4969908656554528e-06	0.12979916631073202	0.072862779057747	0.8876832586411181	0.11231674135878	0.41831366322738506	0.675037277469357	0.000648717495148	0.032430407660160004	0.542770624286365	0.29997684388615	2.315611410710421e-05	0.015785788859323	0.033751606214577005	0.006083205770639	0.12481396585505501	0.304112731471029
56700.0.	0.27139772385093003	2.185179691518235	0.000284081446911	47.88246740039544	47.8810229333764	0.89958584223211	0.10041415776748701	1.0535815654240621e-07	14.989012866711462	0.010987133317999	4.982074335827434e-07	2.327573472096622e-08	4.448815001570746e-10	0.00029987737738	2.3150121036462206e-07	1.495644212904756e-06	0.12968240206113602	0.072797233649682	0.887683264435784	0.112316735564114	0.418329103421318	0.6750763545891381	0.0006487225723670001	0.032430661233960004	0.542795237644843	0.29997684389093104	2.3156109326058274e-05	0.015771174906069	0.033753560056739004	0.006083609292681	0.12481655991175102	0.30413290508135704
57600.0.	0.271407691337579	2.185231446939367	0.00028408711540000003	47.883427739505386	47.88197833921627	0.8995858487093671	0.10041415129022901	7.95833290749992e-08	14.989012867277186	0.010987132752276	4.986698242569293e-07	2.329654197671172e-08	4.448813267440339e-10	0.00029987726445100004	2.3129295630682911e-07	1.4942987635404948e-06	0.129565742253403	0.07273174681635	0.8876832702177531	0.112316729782145	0.418344630943268	0.675114716522702	0.0006487326122990001	0.032431162947583005	0.542815172608887	0.299976843895704	2.3156104552785724e-05	0.015756544971404	0.033755478139842005	0.006084005851338	0.12481877837749501	0.304152730567927
58500.0.	0.271415772915563	2.185279026606499	0.000284093117878	47.88458915555203	47.882990038669476	0.89958585517524	0.10041414482435601	6.011405736878476e-08	14.989012867841929	0.010987132187532	4.991334276652559e-07	2.3317403804867964e-08	4.4488115351268717e-10	0.000299877151225	2.3108488878563957e-07	1.492954518450884e-06	0.12944918694004	0.07266631860037001	0.8876832759900181	0.11231672400988	0.41836025721347203	0.675152406370713	0.0006487466420600001	0.032431864157097	0.542831335755344	0.299976843900471	2.3156099785254752e-05	0.015741903901323	0.033757362618894005	0.006084395362721	0.12482067235800101	0.30417220373393
59400.0.	0.271422642666295	2.185327625652183	0.000284099862597	47.885938077361686	47.88412684089673	0.8995858616326201	0.100414138366976	4.540774978050992e-08	14.989012868405942	0.010987131623517	4.995981197431651e-07	2.33383146225801e-08	4.448809804056446e-10	0.00029987703773300004	2.3087700783084939e-07	1.491611478041206e-06	0.129332736137677	0.072600949021002	0.887683281755086	0.11231671824481301	0.418375931500224	0.675189500787106	0.0006487631507790001	0.032432689318795005	0.542845075246926	0.29997684390523505	2.3156095021765213e-05	0.015727255736946	0.033759217326558004	0.006084778282343	0.1248223384892	0.304191347350297
60300.0.	0.27142898674805804	2.185380402980267	0.00028410745401400003	47.88742341000257	47.8854063512909	0.899585868083926	0.10041413191567	3.429919440440326e-08	14.989012868969436	0.010987131060022	5.000637968783318e-07	2.335926976733544e-08	4.4488080737488547e-10	0.00029987692400100004	2.30669313423886e-07	1.490269642352197e-06	0.129216389835862	0.072535638079878	0.8876832875150531	0.11231671248484501	0.41839157169173	0.6752260845823671	0.0006487805720720001	0.032433560113203	0.5428577634002251	0.299976843909996	2.315609026089451e-05	0.015712603847647	0.033761046503329	0.006085155349762001	0.124823884586161	0.304210198389531
61200.0.	0.27143535910653	2.185438488364031	0.00028411576901100005	47.88897907666589	47.88680781837248	0.8995858745311831	0.10041412546841401	2.5908236864360143e-08	14.989012869532585	0.010987130496873	5.005303725566131e-07	2.3380265346032464e-08	4.448806343802299e-10	0.000299876810049	2.3046180550967817e-07	1.4889290111494718e-06	0.129100148003711	0.07247038576532701	0.8876832932716751	0.11231670672822401	0.41840709162899503	0.675262231782642	0.000648797623252	0.032434412405576	0.542870508106703	0.29997684391475504	2.315608550145239e-05	0.01569795104222	0.033762853850491	0.006085527356755001	0.12482540401304701	0.304228796435828
62100.0.	0.27144211053967904	2.185501403198469	0.000284124555323	47.89054240489523	47.88828872370085	0.899585880976082	0.100414119023514	1.957004381810255e-08	14.989012870095538	0.010987129933922	5.009977745570122e-07	2.340129810875553e-08	4.448804613880535e-10	0.000299876695895	2.3025448400562197e-07	1.487589583991062e-06	0.128984010594925	0.072405192055635	0.8876832990264191	0.11231670097347901	0.41842242050251804	0.675297994956506	0.000648813477681	0.032435204863642	0.5428840109624521	0.299976843919514	2.315608074244279e-05	0.015683299661695002	0.033764641996461	0.006085894978983	0.12482696123038801	0.30424717526876205
63000.0.	0.27144938214485903	2.185567676037483	0.00028413352488500005	47.89206592134583	47.889800514903875	0.8995858874200441	0.100414112579552	1.478242680301018e-08	14.989012870658414	0.010987129371047	5.014659426060396e-07	2.3422365343221913e-08	4.448802883702185e-10	0.00029987658155500004	2.3004734880835336e-07	1.4862513602784399e-06	0.12886797755158	0.07234005692152	0.887683304780515	0.112316695219383	0.41843751288156006	0.6753334023478681	0.000648827788403	0.032435920139407	0.542898554162321	0.29997684392427304	2.315607598303219e-05	0.015668651656813002	0.03376641235343	0.006086258685279001	0.12482858789946101	0.30426535832802704
63900.0.	0.27145714385179304	2.185635464307453	0.00028414242459200005	47.89352225006738	47.891300531921495	0.899585893864253	0.100414106135343	1.116605278033255e-08	14.989012871221314	0.010987128808145001	5.019348264164136e-07	2.344346478652419e-08	4.448801153031738e-10	0.000299876467039	2.298403997988634e-07	1.484914339295061e-06	0.128752048806995	0.07227498032799101	0.88768331053499	0.11231668946490801	0.41845235032215206	0.675368460901666	0.0006488406058710001	0.032436560755252	0.5429140775658671	0.299976843929034	2.3156071222523044e-05	0.015654008652691002	0.033768165268647	0.006086618718283	0.124830286958739	0.304283357745111
64800.0.	0.271465255687447	2.185703052783396	0.000284151077206	47.894903320447916	47.89275890207198	0.8995859003097021	0.10041409968989501	8.434388774905575e-09	14.989012871784327	0.010987128245131001	5.024043840472677e-07	2.3464594551340242e-08	4.448799421672039e-10	0.000299876352359	2.2963363684636282e-07	1.4835785202354649e-06	0.128636224287894	0.072209962235758	0.8876833162907061	0.11231668370919201	0.418466936922869	0.6754031626738011	0.0006488522405600001	0.032437142234878	0.5429303012270841	0.29997684393379603	2.3156066460331382e-05	0.015639372002799003	0.033769900344912	0.0060869751275350005	0.12483204128123901	0.30430117599740203
65700.0.	0.27147353192545304	2.185769166152429	0.0002841593936	47.8962158710609	47.8941606031701	0.899585906757221	0.100414093242375	6.370999260504535e-09	14.989012872347525	0.010987127681932001	5.028745805332765e-07	2.348575306424445e-08	4.4487976894580125e-10	0.00029987623752300005	2.2942705981120087e-07	1.4822439022272759e-06	0.128520503916037	0.072145002602295	0.8876833220483821	0.11231667795151601	0.41848129167922304	0.6754374922264821	0.000648863116318	0.03243768577068	0.542946853693254	0.299976843938561	2.315606169596833e-05	0.015624742833996001	0.033771616810343005	0.006087327831422001	0.12483382366913501	0.30431880900519503
66600.0.	0.271481794045326	2.18583309118591	0.00028416736300600003	47.89747535859389	47.89550382062746	0.899585913207508	0.100414086792089	4.8123975145790745e-09	14.989012872910967	0.010987127118489001	5.033453867386782e-07	2.350693901413924e-08	4.4487959562513924e-10	0.000299876122538	2.292206685470696e-07	1.480910484347801e-06	0.12840488760946	0.07208010138264201	0.887683327808621	0.11231667219127701	0.41849544023041	0.675471433176936	0.0006488736474850001	0.032438212079697	0.542963377923397	0.299976843943327	2.31560569290245e-05	0.015610122084115002	0.033773313845805	0.006087676686038	0.12483560570768601	0.30433624957421
67500.0.	0.271489905233738	2.185894644507104	0.00028417503033	47.89870003195746	47.89679612337176	0.8995859196611431	0.100414080338453	3.635092218876324e-09	14.989012873474707	0.010987126554750001	5.038167783993706e-07	2.3528151309149694e-08	4.4487942219363363e-10	0.00029987600741000005	2.290144629026693e-07	1.4795782656365849e-06	0.128289375283402	0.072015258530015	0.8876833335719291	0.112316666427969	0.41850940788531205	0.67550497282846	0.000648884157356	0.032438737326733004	0.542979600290817	0.29997684394809704	2.3156052159156893e-05	0.015595510533318	0.033774990816469	0.006088021544620001	0.12483736402904301	0.304353490367108
68400.0.	0.271497785273951	2.18595404205984	0.00028418246932400003	47.899906333466376	47.89804994179179	0.8995859261186161	0.100414073880981	2.7458029806772883e-09	14.989012874038778	0.010987125990675	5.042887353222583e-07	2.354938904059455e-08	4.4487924864157426e-10	0.000299875892144	2.2880844272296632e-07	1.478247245104879e-06	0.128173966851013	0.071950473996259	0.8876833393387291	0.11231666066116901	0.418523214947353	0.675538104549511	0.0006488948414450001	0.032439271287558004	0.542995360362	0.29997684395287	2.3156047386078083e-05	0.015580908830261002	0.033776647390756004	0.006088362298398001	0.12483908353249401	0.304370525945913
69300.0.	0.271505409059337	2.186011728549675	0.000284189758437	47.90110614431557	47.899278498478985	0.899585932580334	0.10041406741926201	2.074069529665705e-09	14.989012874603226	0.010987125426226001	5.047612407160797e-07	2.357065145287371e-08	4.4487907496081685e-10	0.000299875776744	2.286026078501434e-07	1.4769174217428032e-06	0.128058662223884	0.07188574773220101	0.8876833451093751	0.112316654890523	0.418536874559486	0.675570828135426	0.000648905768716	0.032439817410375	0.5430106079236471	0.299976843957647	2.3156042609547062e-05	0.015566317513916001	0.033778283558433	0.006088698896452	0.12484075787710001	0.30438735376458703
70200.0.	0.271512794285731	2.186068214652836	0.000284196963453	47.902305847622245	47.900492880731846	0.8995859390466421	0.100414060952955	1.5666690014396562e-09	14.989012875168077	0.010987124861376001	5.052342806321474e-07	2.3591937918301744e-08	4.4487890114452683e-10	0.000299875661213	2.283969581243173e-07	1.47558879452475e-06	0.12794346131245002	0.07182107968790401	0.8876833508841641	0.11231664911573401	0.418550392703039	0.6756031487256731	0.0006489169083500001	0.032440374154253	0.543025378367404	0.299976843962427	2.3156037829361622e-05	0.015551737031780002	0.033779899576469	0.006089031347224	0.12484238802043801	0.30440397424500504
71100.0.	0.27151998431434804	2.186123952871737	0.00028420412827600004	47.903506818314284	47.90170048882457	0.8995859455178251	0.10041405448177101	1.1833989772114992e-09	14.989012875733353	0.010987124296098001	5.057078434969795e-07	2.3613247916076552e-08	4.448787271869641e-10	0.000299875545555	2.2819149338408028e-07	1.474261362413471e-06	0.127828364026291	0.07175646981287101	0.8876833566633471	0.112316643336551	0.418563769660084	0.6756350749618321	0.0006489281683790001	0.032440936920779005	0.5430397584156791	0.299976843967211	2.3156033045351984e-05	0.015537167755064002	0.033781495876941	0.006089359707277001	0.12484397972950101	0.30442039021467704
72000.0.	0.27152703126578703	2.186179265093288	0.000284211273164	47.904706781990456	47.90290473701138	0.899585951994127	0.10041404800547	8.938921609978396e-10	14.989012876299078	0.010987123730372	5.061819197217292e-07	2.3634581014703733e-08	4.4487855308330206e-10	0.000299875429772	2.279862134669104e-07	1.4729351243631601e-06	0.127713370274364	0.071691918056191	0.8876833624471311	0.11231663755276701	0.418577002170449	0.675666617007409	0.000648939434463	0.032441499992845	0.5430538523096691	0.29997684397199903	2.3156028257375464e-05	0.015522609991355001	0.033783072968019	0.0060896840636720006	0.12484554090345801	0.30443660602616
72900.0.	0.271533982735959	2.186234320122332	0.00028421839836500004	47.90590148566353	47.90410566692181	0.8995859584757491	0.100414041523847	6.752103144251588e-10	14.989012876865269	0.010987123164180001	5.066565013758156e-07	2.365593685731024e-08	4.4487837882947904e-10	0.000299875313864	2.2778111820947998e-07	1.4716100793217809e-06	0.127598479965177	0.07162742436665001	0.887683368235694	0.112316631764204	0.41859008561864103	0.6756977848797241	0.0006489506008130001	0.032442058080979004	0.543067755241198	0.29997684397679103	2.3156023465312064e-05	0.01550806399519	0.033784631350567	0.0060900045156500006	0.124847079317281	0.30445262664072603
73800.0.	0.271540873695348	2.186289149773394	0.000284225490687	47.907086237994044	47.90530105512549	0.899585964962863	0.100414035036734	5.100268115084452e-10	14.989012877431941	0.010987122597508002	5.071315819142085e-07	2.36773151493722e-08	4.4487820442207195e-10	0.00029987519783600003	2.2757620744788962e-07	1.47028622623283e-06	0.127483693006914	0.071562988692822	0.8876833740291831	0.11231662597071501	0.41860301579295905	0.6757285873358241	0.000648961589448	0.032442607286126	0.5430815371512461	0.299976843981587	2.3156018669060692e-05	0.015493529976864002	0.033786171462433005	0.006090321159565	0.124848601113723	0.30446845687559404
74700.0.	0.27154772357016704	2.186343687861458	0.00028423253071600005	47.90825704520047	47.90648762945222	0.899585971455611	0.10041402854398601	3.852538133676628e-10	14.989012877999107	0.010987122030343001	5.076071559495531e-07	2.369871564846072e-08	4.448780298581909e-10	0.00029987508168600004	2.2737148101784408e-07	1.468963564036662e-06	0.127369009307541	0.071498610983125	0.887683379827723	0.112316620172175	0.41861578999348403	0.6757590313632681	0.000648972357578	0.032443145468652006	0.543095236892245	0.299976843986388	2.3156013868536053e-05	0.015479008109781001	0.033787693652994	0.0060906340791440005	0.124850110112764	0.30448410091662104
75600.0.	0.271554537442384	2.186397816759743	0.00028423949899100004	47.90941123947436	47.90766210992685	0.8995859779541151	0.10041402204548201	2.9100529102648623e-10	14.989012878566774	0.010987121462675001	5.080832190617717e-07	2.372013815567394e-08	4.448778551353926e-10	0.00029987496541700003	2.271669387547865e-07	1.467642091671497e-06	0.127254428774875	0.071434291185877	0.887683385631419	0.112316614368479	0.41862840747065305	0.67578912218636	0.0006489828953980001	0.032443672138302	0.543108864628144	0.299976843991193	2.3156009063666104e-05	0.015464498536582001	0.033789198183463	0.0060909433413430004	0.12485160781795102	0.30449956211128004
76500.0.	0.27156130980230103	2.186451409556952	0.00028424638021000003	47.91054763381039	47.90882191721535	0.899585984458477	0.100414015541119	2.1981373439279272e-10	14.989012879134954	0.010987120894495	5.085597676389807e-07	2.37415825084784e-08	4.4487768025160526e-10	0.00029987484903	2.269625804939972e-07	1.466321808074175e-06	0.12713995131664402	0.071370029249329	0.88768339144036	0.11231660855953801	0.41864086931918304	0.6758188636214361	0.0006489932178330001	0.032444188041239004	0.543122409339548	0.299976843996002	2.3156004254389833e-05	0.015450001374261002	0.033790685244657004	0.006091248996866001	0.12485309389490601	0.304514842994553
77400.0.	0.27156802926636003	2.186504360584991	0.00028425316522600003	47.911666323347035	47.90996550998482	0.8995859909687841	0.100414009030812	1.66038485614021e-10	14.989012879703655	0.010987120325795002	5.090367987445758e-07	2.376304857472798e-08	4.448775052050686e-10	0.000299874732524	2.2675840607067128e-07	1.465002712180728e-06	0.127025576840527	0.071305825121692	0.8876833972546201	0.11231660274527801	0.41865317802373603	0.675848258596625	0.000649003353851	0.032444694625911	0.543135848259344	0.29997684400081603	2.315599944065542e-05	0.015435516718425002	0.03379215498298	0.006091551083746	0.12485456687255302	0.304529945467834
78300.0.	0.27157468298396603	2.186556601789084	0.00028425985115	47.91276828725676	47.911092401005305	0.899585997485109	0.10041400251448701	1.2541881780568751e-10	14.989012880272877	0.010987119756569	5.095143100061834e-07	2.3784536247666652e-08	4.4487732999428265e-10	0.000299874615902	2.2655441531997549e-07	1.4636848029268158e-06	0.126911305254187	0.07124167875116201	0.8876834030742651	0.112316596925633	0.418665336861108	0.675877309676962	0.000649013336328	0.032445193536049	0.543149155686342	0.299976844005634	2.3155994622418804e-05	0.015421044646849002	0.033793607526684005	0.006091849632267001	0.12485602485194701	0.304544871045181
79200.0.	0.271581259929974	2.18660810612417	0.000284266440125	47.91385493671634	47.91220295168556	0.8995860040075151	0.100413995992082	9.473634863390934e-11	14.989012880842633	0.010987119186812002	5.099922995228835e-07	2.380604544175366e-08	4.4487715461796385e-10	0.00029987449916200003	2.2635060807709098e-07	1.4623680792480507e-06	0.126797136465296	0.07117759008593001	0.887683408899347	0.112316591100551	0.41867734932751405	0.6759060194856431	0.000649023194351	0.032445686226012	0.54316230957025	0.29997684401045704	2.3155989799642314e-05	0.015406585222441002	0.033795043006927004	0.006092144669799001	0.12485746607502402	0.304559621094929
80100.0.	0.27158775276540104	2.186658881440759	0.000284272937469	47.91492771888139	47.91329805818236	0.899586010536055	0.100413989463542	7.15600410648953e-11	14.989012881412922	0.010987118616519001	5.104707657877011e-07	2.3827576089175603e-08	4.4487697907501165e-10	0.000299874382307	2.261469841772464e-07	1.46105254008024e-06	0.12668307038155202	0.071113559074198	0.8876834147299141	0.112316585269984	0.41868921870032005	0.675934390968515	0.0006490329487670001	0.032446173738069004	0.543175295233097	0.299976844015284	2.315598497229369e-05	0.015392138495718001	0.033796461571000004	0.006092436224578001	0.12485888928162601	0.30457419702868405
81000.0.	0.271594158344097	2.186708959162241	0.00028427934975400003	47.915987840070535	47.91437882817179	0.8995860170707741	0.100413982928823	5.405358715056681e-11	14.989012881983758	0.010987118045685001	5.109497076228496e-07	2.3849128136932443e-08	4.448768033644747e-10	0.000299874265335	2.2594354345574228e-07	1.4597381843595748e-06	0.126569106910694	0.07104958566418701	0.887683420566004	0.112316579433893	0.41870094778098105	0.6759624274979811	0.000649042610838	0.032446656635357	0.5431881063825791	0.29997684402011604	2.3155980140345165e-05	0.015377704506862001	0.033797863387523004	0.006092724327997	0.124860293849542	0.304588600415914
81900.0.	0.271600477195646	2.1867583817439042	0.000284285683243	47.91703612667178	47.91544631751741	0.899586023611711	0.100413976387885	4.0829913459583575e-11	14.989012882555132	0.010987117474309001	5.114291241256366e-07	2.3870701544403163e-08	4.448766274855304e-10	0.000299874148247	2.257402857479704e-07	1.4584250110227721e-06	0.126455245960511	0.070985669804144	0.8876834264076531	0.112316573592244	0.41871253881382503	0.675990132846616	0.0006490521832950001	0.032447135054335004	0.543200744077859	0.299976844024953	2.3155975303772695e-05	0.015363283287439002	0.033799248645123	0.006093009015421	0.12486167975843102	0.304602833024541
82800.0.	0.271606712418687	2.186807191874333	0.000284291942894	47.91807300812626	47.91650136160017	0.899586030158902	0.100413969840695	3.084128031084062e-11	14.989012883127055	0.010987116902386001	5.11909014623265e-07	2.389229628131209e-08	4.448764514374606e-10	0.00029987403104300003	2.2553721088942627e-07	1.457113019007174e-06	0.126341487438851	0.07092181144234601	0.8876834322548901	0.112316567745008	0.41872399354099105	0.6760175110777921	0.0006490616627910001	0.032447608827686006	0.5432132145162161	0.299976844029794	2.315597046255539e-05	0.015348874861838	0.033800617546966005	0.006093290325822001	0.12486304744149801	0.304616896803023
83700.0.	0.271612868400448	2.186855425073688	0.00028429813194000004	47.91909858634445	47.91754450553109	0.899586036712374	0.100413963287223	2.329626713888084e-11	14.989012883699528	0.010987116329914	5.123893786350821e-07	2.39139123260299e-08	4.4487627521963555e-10	0.00029987391372400003	2.253343187157214e-07	1.455802207250835e-06	0.12622783125362802	0.07085801052710501	0.8876834381077401	0.11231656189215801	0.41873531333866704	0.676044566402442	0.000649071042817	0.032448077629898	0.5432255264721001	0.29997684403464003	2.3155965616674972e-05	0.015334479248461002	0.033801970303599	0.006093568300707001	0.12486439759131301	0.30463079382638203
84600.0.	0.271618949680599	2.186903106116833	0.00028430425196400005	47.92011274962647	47.918576015851855	0.8995860432721541	0.10041395672744301	1.759706656585642e-11	14.98901288427255	0.010987115756891002	5.128702158410408e-07	2.3935549664154433e-08	4.4487609883149956e-10	0.00029987379628900005	2.251316090625897e-07	1.454492574692576e-06	0.12611427731282202	0.07079426700676901	0.8876834439662261	0.11231655603367201	0.418746499380694	0.676071303042274	0.0006490803163220001	0.032448541108424	0.543237689024854	0.29997684403949104	2.3155960766115362e-05	0.015320096460722	0.033803307126103	0.006093842982767	0.12486573097426101	0.304644526228871
85500.0.	0.271624960145994	2.1869502487883112	0.00028431030327600004	47.92111529348056	47.91959594520683	0.8995860498382641	0.100413950161333	1.329211885651728e-11	14.989012884846126	0.010987115183315	5.133515260553484e-07	2.395720828732495e-08	4.448759222725582e-10	0.00029987367873900004	2.2492908176589451e-07	1.453184120272033e-06	0.12600082552448702	0.07073058082972901	0.8876834498303681	0.11231655016953	0.41875755278729204	0.676097725125508	0.000649089477606	0.03244899897817	0.54324970994818	0.29997684404434605	2.315595591086229e-05	0.015305726507875001	0.033804628220891	0.006094114414624	0.124867048288886	0.30465809614140804
86400.0.	0.27163090261523304	2.186996857951482	0.00028431628544000004	47.92210602137653	47.920604219757934	0.8995860564107241	0.10041394358887301	1.004033388375055e-11	14.989012885420259	0.010987114609185	5.1383330920446e-07	2.397888819223183e-08	4.448757455423686e-10	0.000299873561073	2.2472673666163238e-07	1.4518768429296859e-06	0.125887475796752	0.07066695194441301	0.887683455700182	0.11231654429971501	0.418768474733239	0.676123836626181	0.0006490985233190001	0.032449451071719	0.543261594879282	0.29997684404920605	2.3155951050903013e-05	0.015291369395712	0.033805933786661004	0.0060943826379080005	0.12486835008309201	0.304671505645116
87300.0.	0.271636778773242	2.187042932766178	0.00028432219777100004	47.923084811226246	47.921600724144184	0.899586062989552	0.100413937010044	7.584065835204444e-12	14.989012885994944	0.010987114034498001	5.143155653086904e-07	2.4000589379789072e-08	4.4487556864053045e-10	0.000299873443291	2.2452457358593707e-07	1.4505707416068919e-06	0.125774228037821	0.070603380299295	0.8876834615756861	0.112316538424212	0.418779266506393	0.6761496413456011	0.0006491074526660001	0.032449897349173	0.543273347188013	0.29997684405407105	2.3155946186226044e-05	0.015277025127136001	0.033807224013478	0.006094647692729001	0.124869636728287	0.304684756745395
88200.0.	0.271642589357086	2.187088470027581	0.000284328039728	47.92405164496059	47.92258536736879	0.8995860695747651	0.100413930424832	5.72869938324584e-12	14.989012886570189	0.010987113459253002	5.147982944668561e-07	2.4022311854443253e-08	4.448753915666798e-10	0.00029987332539400003	2.2432259237508159e-07	1.449265815245896e-06	0.12566108215598001	0.070539865842891	0.8876834674568911	0.11231653254300601	0.418789929520521	0.6761751429263291	0.0006491162670070001	0.032450337878568006	0.543284968348499	0.29997684405894004	2.315594131682099e-05	0.015262693702645002	0.033808499083468	0.006094909617555	0.12487090843753401	0.30469785136529104
89100.0.	0.27164833447443204	2.187133466903524	0.000284333811151	47.92500660697637	47.92355812223166	0.8995860761663751	0.10041392383322201	4.3272297722335605e-12	14.989012887145993	0.010987112883450001	5.152814968434452e-07	2.4044055623596102e-08	4.448752143204818e-10	0.000299873207382	2.2412079286547988e-07	1.447962062789851e-06	0.125548038059589	0.07047640852376101	0.887683473343813	0.112316526656085	0.41880046529450204	0.6762003448855191	0.0006491249691510001	0.032450772800284	0.543296458576075	0.29997684406381403	2.3155936442678326e-05	0.015248375120732	0.033809759172489004	0.006095168449361	0.12487216530987101	0.304710791353407
90000.0.	0.27165401394689803	2.187177922702302	0.000284339512336	47.925949861757765	47.92451903871295	0.8995860827643971	0.100413917235199	3.2686158435826842e-12	14.989012887722355	0.010987112307086001	5.157651726578991e-07	2.406582069712226e-08	4.4487503690162705e-10	0.000299873089254	2.239191748936887e-07	1.446659483182824e-06	0.12543509565709102	0.07041300829051	0.8876834792364611	0.11231652076343601	0.41881087541299405	0.6762252506546681	0.000649133562569	0.032451202287902	0.543307817513976	0.299976844068693	2.315593156378926e-05	0.015234069378222002	0.033811004452113005	0.00609542422396	0.12487340738334202	0.304723578500101
