time	species_1	species_10	species_11	species_12	species_13	species_14	species_15	species_16	species_17	species_18	species_19	species_2	species_20	species_21	species_22	species_23	species_24	species_25	species_26	species_27	species_3	species_4	species_5	species_6	species_7	species_8	species_9
0.0.	1200.0	0.0	0.0	0.0	1000.0	1.631326116999631e-55	0.0	300.0	0.0	10.0	0.0	0.0	100.0	0.0	0.0	0.0	0.0	0.0	-4.235164736271502e-22	0.0	0.0	0.0	0.0	0.0	1200.0	0.0	0.0
40.0.	614.8841593646622	2.96488852812462	0.131378078747731	1.656988360608222	15.692747595887258	0.30947230200245	430.99846163781353	57.542391591422145	3.688836010676666	6.311163989323312	0.869538299154576	2.6998240558991	3.001802791745382	0.32488575326878905	0.185567117631378	550.8318772327887	0.315729270655545	0.05902297841250401	77.31279041955094	18.441116240481048	31.356272875833653	1.840977475766911	0.009878078169371	0.566382101877952	455.04056308963123	22.1820094549687	197.14473032454933
80.0.	513.2242343809487	2.965683872531121	0.19935965418435603	7.541837830393801	18.811427936558147	0.370522270644615	399.8337388721118	11.96268162228325	1.075966629009441	8.924033370990534	1.693450891620315	9.95619791281039	3.798137979845399	6.983005410463935	0.545376911078411	565.914090768749	1.5233671025306341	0.074833961497852	80.31704553708188	12.593164527423875	99.48988472682434	4.390271385415568	0.08724784305491501	9.365888573463874	358.7901856080923	33.62528186723891	238.85009480824007
120.0.	427.07104184362606	3.32616269497984	0.25964781731581904	17.0571758717214	21.67165772563236	0.478355466102019	384.9965784938841	10.739718469614775	0.9681879230626481	9.03181207693732	2.184585249216732	19.39252963761784	4.210697412675784	24.817226868114247	0.8502508542120931	550.1287547203335	3.317763702191009	0.09301729911551301	75.74342345464888	14.450512882152035	162.5933845849596	5.919611874591775	0.229323118212082	28.39040613594968	300.16290928100324	39.04761908039137	232.3497285782467
160.0.	352.68769845963004	3.905541168679787	0.34214237942240505	30.468929893793362	24.48472443057904	0.6345220192655141	370.5281258873852	13.123840752951184	1.157822878549656	8.842177121450307	2.6290207990179413	30.545955166077327	4.511723420334494	53.41654228860713	1.1417173341998	519.3254381461692	5.621453337013789	0.11702882318317501	69.37752847561828	17.74324514483225	212.27942898873624	7.022975501434607	0.428696911150558	53.69750237007121	254.56785254427237	43.82113363982709	221.18279440539953
200.0.	291.2473040218667	4.640466256089836	0.44782237364009203	47.507768725013555	27.002128735563804	0.831815389989763	354.32751116457985	15.820509366115553	1.363813282245308	8.636186717754656	3.025057330345585	43.0761732804427	4.709448598739439	90.56615764986931	1.4010755656905811	478.36354276929205	8.295919638862522	0.145206081243788	62.80571653320699	21.018651817601537	247.7218590949653	7.804995053027006	0.672012920827846	82.22305292445976	219.4748840601118	48.271301349028754	210.05284448102304
240.0.	241.88841295289006	5.456894572422714	0.570209833209908	67.07087480338535	28.98938397772368	1.050910223569212	336.79933499575196	18.33212750884134	1.5474424590762772	8.452557540923685	3.346630398194092	56.53451930612524	4.809107835321721	133.22329783869426	1.608370843601621	431.25782731727196	11.138250428621491	0.174471662120356	56.68444388204116	23.84709579370101	270.37195841827	8.337436280967056	0.9422712701908581	112.3704250781124	193.11442077409157	52.26505417678006	200.091439830197
280.0.	202.2336584190581	6.290029464848251	0.7012169006350081	87.81794494149754	30.34932434979422	1.269132492211019	318.7697096003927	20.44925826360843	1.6963958901946512	8.30360410980531	3.5877597015072613	70.60084536348143	4.830537975626431	178.47427719064152	1.7520201111666212	381.56759131429357	13.989214797641317	0.202124229869303	51.33576238773847	26.054600907616997	282.53937768720203	8.668355227155537	1.223545325031307	143.5411747254491	173.50719621331032	55.75686774029936	191.75390059613787
320.0.	169.83015626392915	7.100320497542561	0.8345077768087	108.69390966837227	31.099959234779188	1.469016631606095	300.951342423535	22.094946421806327	1.808682077392895	8.191317922607075	3.756391669707539	85.18143331510349	4.7958367103902475	224.01728296829324	1.829302274070376	331.93918679934023	16.77172875690946	0.22663471221508102	46.82061511655004	27.628793034227343	286.4525662243272	8.82662748602313	1.5032987774332032	175.6015792065804	158.89808168643862	58.78013460690264	185.09654441315396
360.0.	142.75960462476647	7.871224937285149	0.9664022279802701	129.08166737433262	31.318611787991795	1.640835311260624	283.7646846243535	23.278166943321402	1.8876152508996422	8.112384749100332	3.864874223989977	100.37200452252192	4.722521548424599	268.19011016176387	1.84408399535065	284.16000674494245	19.47233217439459	0.24749634926857803	43.05261828840841	28.64015741551347	283.8765107644026	8.831092278802181	1.772380479330222	208.56621095063787	147.9203156772492	61.401256669087125	179.9615272692075
400.0.	119.69793783373382	8.59975722119525	1.095344556367143	148.71984897779473	31.101583936782927	1.7810364509424872	267.3632209947077	24.050332717444245	1.938368440210167	8.061631559789815	3.925295720739527	116.3806265458507	4.622682654830093	309.8153101994276	1.80450387764611	239.41449556269347	22.110064250106973	0.264767051791424	39.892041812344765	29.18514851018674	276.1004322175907	8.697861493378454	2.02414803278845	242.44531078273678	139.55938724188755	63.69618540842485	176.10932464662676
440.0.	99.79549990939395	9.287819594287287	1.221015142791672	167.56006542128466	30.545250786130392	1.889765810146897	251.73133376277488	24.4777327845918	1.9662526558483822	8.033747344151603	3.9482979782445513	133.4536647427379	4.504418258624457	348.0442905739405	1.7213504527610741	198.50794319295505	24.71252539730394	0.278702198917678	37.196215292461716	29.35984087444711	264.06831543817964	8.44485724512499	2.253655149826574	277.16408803781223	133.06256429116124	65.74250280595615	173.2843577581198
480.0.	82.53764209469674	9.936431934392216	1.343562611121078	185.6443018783764	29.740395096171195	1.9689997956708871	236.78018403503515	24.629296320173292	1.9761795177047632	8.023820482295223	3.943290520486701	151.8075176205122	4.373528328892051	382.2642739953514	1.606929044991341	161.99491615439538	27.300766458816767	0.289558656545887	34.840099383726795	29.252756651531158	248.53743752788253	8.09420681736882	2.457226512848463	312.5073678524582	127.85641670341955	67.61741749733733	171.23749688164503
520.0.	67.6250259875076	10.542653088433632	1.463072761602668	203.02186302703478	28.771764979313158	2.021534415456989	222.41739830565234	24.573087588634998	1.972672096044383	8.027327903955609	3.9189569396161783	171.5614723300363	4.234804786489946	412.0721859932126	1.474015575678967	130.2212377036412	29.880498777608246	0.297530839113734	32.72261714566209	28.945591511509072	230.22125467775334	7.67270602330414	2.6324306059214972	348.08114343297245	123.48805723866805	69.39700231554323	169.72961678704857
560.0.	54.875448995519086	11.098794101106321	1.579283581970575	219.70534069570985	27.717798267147813	2.050586535435185	208.58727474582543	24.375894016526104	1.9600160029003062	8.039983997099684	3.883557454068929	192.6771976145886	4.092758855086792	437.29213166312917	1.334665830338645	103.312202262402	32.43838092733976	0.302766022283569	30.76745536767552	28.51508137354461	209.89234411227386	7.210255763523529	2.778298605316658	383.30465276748737	119.59079011578783	71.15467999631021	168.53148757467818
600.0.	44.14644480156436	11.59368276812945	1.691537882734152	235.66113811592012	26.648304777904066	2.05967434481436	195.28356596336332	24.10238147690599	1.942327182428961	8.057672817571031	3.844836144826993	214.92404287714118	3.951783045992394	457.99865701241475	1.1989732109078761	81.14968657466116	34.943553161847056	0.305414520182962	28.921699752888035	28.032713374261615	188.4217222010229	6.736563162163362	2.8955369362914762	417.45241610096275	115.87048273603672	72.95825519922253	167.4279487396187
640.0.	35.283103056177175	12.015468217549225	1.7989336683366361	250.82628131867781	25.620459177327245	2.052512706054117	182.5399132805335	23.812320636152535	1.923444310870293	8.076555689129702	3.809578121174032	237.8923282026893	3.815874983597765	474.50849520691645	1.074132307630022	63.37820600284384	37.354226918537236	0.30567757472753304	27.153029133632078	27.561613268330312	166.74114261601923	6.277221087206585	2.986482174040759	449.7512175491527	112.10577368645826	74.86587949240133	166.22823050273377
680.0.	28.09542712358265	12.354876659527271	1.9005753689276321	265.13729987273035	24.67518306079546	2.032805670114802	170.40757475504313	23.556361603362657	1.9066772959938172	8.093322704006171	3.783062987207252	261.0599866141333	3.688188388070309	487.3244762505166	0.9641529171148011	49.458507473665065	39.62723903869246	0.30382741881998804	25.44558296311388	27.152099204094913	145.7441578414336	5.850739898886207	3.054697194309121	479.507841300477	108.15238195035703	76.92222888762704	164.77899465278568
720.0.	22.36201588473145	12.60760491219438	1.995799164793478	278.5550125919767	23.83601378239523	2.003973222316337	158.9327047418067	23.37218669205063	1.8945387962514082	8.105461203748582	3.7687131185913243	283.88997591748597	3.570707319556986	497.04612529045636	0.8702711820439881	38.75589918898202	41.72697141920258	0.30019390375209304	23.795047185949244	26.838367052946438	126.17203335252974	5.467600299501486	3.104328624215372	506.2217261775225	103.94226022657453	79.1563004381755	162.97409473719037
760.0.	17.848804052439384	12.77506565216797	2.084284029891376	291.07522036480907	23.111053516054987	1.968923860425345	148.14236043583003	23.28282372430195	1.888595899159157	8.111404100840836	3.768095515866527	305.9200910996392	3.4642076748918322	504.2793273191079	0.791781964973941	30.63133253877331	43.630627006211064	0.29513088786619	22.203926003404316	26.63801291175862	108.53488528781217	5.131266110992288	3.139469246413172	529.6431334794689	99.47328724017883	81.58145903368379	160.75672888533788
800.0.	14.330040926201699	12.863599231133032	2.166039036111119	302.7252988764118	22.496975309530864	1.9299524784269662	138.0414326700507	23.297644840308855	1.889500905350185	8.110499094649805	3.781230483216712	326.81605626455826	3.368478672082784	509.5715563665926	0.726920462498099	24.507863836460903	45.3291062054115	0.28898149880961205	20.677819557993594	26.554383582484242	93.0927005473397	4.840258774286751	3.163717579642658	549.7669415069568	94.79143304275402	84.19733814118563	158.1138630113422
840.0.	11.603423816720527	12.882857663991379	2.24131521710875	313.5531037592597	21.983490279682872	1.8887654068258382	128.61706610674787	23.415258735398783	1.897164081253131	8.102835918746859	3.8070450309782	346.3820313425989	3.282666778888759	513.3805861882005	0.673546877437585	19.903441381815174	46.824749279264196	0.282054587166785	19.22299065378954	26.5804936699108	79.8883121763953	4.590316158761887	3.179985645152451	566.7803877554944	89.97069918656607	86.99265429023225	155.06606897511696
880.0.	9.497323419140733	12.84409538879787	2.310499822372613	323.61499656037165	21.55710728998188	1.846583104005974	119.84564280691072	23.62701888548381	1.910985305956913	8.089014694043074	3.843818422123621	364.54079288507194	3.205609032475418	516.069812979736	0.629567734330282	16.436289524630148	48.12783730279952	0.274614648720307	17.84503373618263	26.703086857696633	68.80726316634836	4.376067431313719	3.190497337033282	580.9931784074439	85.095630643855	89.94807810885298	151.65651259751223
920.0.	7.871710991985397	12.758803764215285	2.374029642607833	332.96687718326024	21.203741170719752	1.804265251741768	111.69889835944761	23.92016935437024	1.930072898139728	8.069927101860252	3.889536900661875	381.30083181361255	3.136084013254847	517.918570086613	0.5931398567418	13.81450809144016	49.25326069052741	0.266881484205364	16.54827752064816	26.905959390700293	59.640684114589305	4.192090784010191	3.196887977724842	592.7724080968704	80.24875809827388	93.03868771439217	147.94154409912645
960.0.	6.615386496518973	12.637814746294914	2.4323353525923332	341.6591546789512	20.910240960081488	1.7624224474587922	104.14785630943145	24.280201258900895	1.9534133842691341	8.046586615730849	3.942138647765557	396.72345169021105	3.072966160088002	519.1379055950176	0.5627348336383471	11.819685175382498	50.217988466010304	0.25903472280664	15.335593579316244	27.172278424011044	52.13717323260575	4.033462020245937	3.200334392196006	602.4933182543681	75.50309295887033	96.23588550922517	143.98374742323443
1000.0.	5.641644241408623	12.490815698106882	2.485813677624394	349.73495676096337	20.665118385993868	1.72150027670311	97.16467485899292	24.692406191905235	1.979986128668815	8.020013871331166	3.9996646187144913	410.8964563199577	3.015300051794075	519.8862778992295	0.537129698831819	10.290342119243867	51.03941222439642	0.251219684783184	14.208400771404143	27.486002648905295	46.039185446118466	3.8959657921171362	3.201676285700896	610.5077785173214	70.9186210588435	99.50885979779737	139.84726693638297
1040.0.	4.883695198885323	12.326155830822161	2.534818852185958	357.23041566012205	20.458767211811303	1.681835416103359	90.72305200989256	25.142799209630525	2.008832193851275	7.9911678061487095	4.060341150691334	423.91607113190247	2.962319959254673	520.2828162422965	0.51536632000076	9.107747139729454	51.734385260425434	0.24355278849008202	13.166757583686277	27.83264325744959	41.10513852086135	3.776116301473927	3.201513959077731	617.1276063176458	66.54147388350124	102.82573623328419	135.5948291029057
1080.0.	4.290499660048774	12.150831342463134	2.579665049739441	364.1760029971715	20.28339698618488	1.643689472017146	84.79786458966417	25.61861363140712	2.03909075585601	7.9609092441439735	4.12261797113966	435.87613251153823	2.913437310032846	520.4176260668679	0.49670267373969706	8.184717214308051	52.318727654462066	0.23612592972638602	12.209496005500954	28.199595129135297	37.12065631284535	3.671086743866899	3.200280770264612	622.6184305580283	62.40465810557813	106.15454820371733	131.28586925900376
1120.0.	3.823249829711589	11.970566488438473	2.620633657596317	370.5981994850612	20.13282892465081	1.607267510074861	79.36454280763276	26.108531225681375	2.070014720643745	7.92998527935624	4.18517903813387	446.86268574516015	2.868212559890879	520.3594353194896	0.48056684220414503	7.457159110836803	52.807008364046126	0.22900989026455001	11.334378982230357	28.57621116543124	33.90253362520474	3.578605682479746	3.1982942538081662	627.2001553362327	58.529557510423786	109.46410851248002	126.97532168003215
1160.0.	3.452526497376017	11.789938338755823	2.657981580922501	376.521076836628	20.002242155201245	1.572727304165874	74.39848356278812	26.60275873157997	2.100973910789957	7.899026089210028	4.246937637349956	456.9521483596832	2.8263220952705623	520.1611257920255	0.46651780275408006	6.877826546384915	53.212476385840134	0.222257053274023	10.538273135308227	28.953733692953993	31.298326659279013	3.49685068458938	3.1957910810587062	631.0510349364987	54.927720206659224	112.72481495079306	122.71279949560923
1200.0.	3.156060105058955	11.612515785900403	2.691948545921214	381.96758251675743	19.887918855774707	1.5401837627215031	69.87464883528824	27.093017911398324	2.131451200926907	7.868548799073077	4.307022675669979	466.21156203752616	2.787526344882096	519.8636877493822	0.45421379072911605	6.41176448929249	53.547065362826075	0.215903709543275	9.81732996485639	29.3251519422189	29.18362645070966	3.424352981787043	3.1929505310485142	634.3133439019572	51.60265855947556	115.90938378646713	118.54202393739618
1240.0.	2.916996712644234	11.440997873897784	2.722762563091248	386.9604556708442	19.787012352829375	1.509711465794491	65.76739077224235	27.572486408029665	2.161034811752015	7.83896518824797	4.3647601933296585	474.6998830699202	2.751642255831845	519.4990431186469	0.44338760815950906	6.032999011425894	53.82143230307951	0.20997215986811202	9.167168059163217	29.685025028724194	27.458342730950832	3.35991790822525	3.18991012435147	637.0994027855592	48.551524779499886	118.9934825678057	114.50044842726614
1280.0.	2.722569647341063	11.27734464621236	2.750643423757531	391.5227835087847	19.69734816821308	1.4813470137181342	62.05048399761077	28.03570883153069	2.18940859759147	7.810591402408516	4.419652409523001	482.469629184261	2.718521373582126	519.0920759757196	0.433827780320774	5.722133555572209	54.04501278440746	0.20447272536482303	8.583048449367462	30.029292257751475	26.04278805520038	3.302561393771175	3.186776066755852	639.49726752528	45.766602696344876	121.95622703166187	110.61906744818248
1320.0.	2.563089575485313	11.122897761784655	2.775804480226766	395.67825006003113	19.617260191303593	1.455091993088137	58.69731588222649	28.478488143704194	2.216341371589566	7.783658628410419	4.471355701391547	489.5684798365525	2.688033611366568	518.6621162210554	0.425364410474717	5.464601241756925	54.226086236338844	0.199405701056935	8.060035906866162	30.355082842976092	24.873989950467113	3.251460806015875	3.183630337578092	641.5757474571259	43.23659743020757	124.78051303656841	106.922414423542
1360.0.	2.4311808341668373	10.978489903069462	2.798453118827145	399.4511471041974	19.545460068437304	1.430916775294957	55.681176438735825	28.897763302993834	2.241675895144374	7.75832410485561	4.519658459884757	496.0406229840129	2.660056151389443	518.22404918077	0.417858699610741	5.2493917328876645	54.37184950651853	0.19476323856598102	7.593140570454611	30.660532073182626	23.902431078432112	3.205917755790435	3.180535650903117	643.3886350673972	40.947725122299246	127.45316864131186	103.42874850865391
1400.0.	2.321206322487395	10.84454268833102	2.818790361044448	402.86621953687967	19.480935950429284	1.408765018615169	52.97559304144867	29.291477819628117	2.265317951168476	7.734682048831508	4.56445953609979	501.9277703336602	2.634466611000952	517.789169222501	0.41119526501962	5.068121965037886	54.48849795452338	0.190531119957408	7.17743639830535	30.94460838010889	23.089282597927685	3.165330440018601	3.177539086425219	644.9781551005394	38.884614592730514	129.96492868183375	100.1504172701149
1440.0.	2.22883574003679	10.721153076625065	2.837009980322553	405.94841078060654	19.422876008168647	1.388558583569844	50.55466537634318	29.65844371822022	2.28722581577387	7.712774184226111	4.605747849595112	507.2698419745768	2.6111395140437432	517.3658560540016	0.40527655928641804	4.9143566379513555	54.58131280770155	0.186690380622651	6.808155122095628	31.206954325936934	22.404121579471276	3.129173339447057	3.174674889181384	646.3777052005786	37.03103733116055	132.31025019246454	97.09436811768508
1480.0.	2.150722205596071	10.608168436077277	2.8532974409175402	408.72256247981306	19.37061208877735	1.370202533819403	48.39336871595661	29.998205455721852	2.307400377047687	7.692599622952291	4.643583606672295	512.1053644659138	2.589945149045451	516.9601248190874	0.40001884099183205	4.783110521478609	54.65475266894853	0.18321874718385703	6.480756292007715	31.447743536137576	21.823086468947064	3.096982435707504	3.171966738730867	647.6139879694131	35.370484328355175	134.48699890021157	94.26277068328977
1520.0.	2.08426045795637	10.505250642344004	2.867828876327552	411.2131096755241	19.3235792308597	1.3535899314005881	46.46780603069329	30.310908145765026	2.325876092178239	7.67412390782174	4.678081448037917	516.4716451930298	2.570750013519456	516.5760825138021	0.395349274737441	4.670483342903998	54.712546478541675	0.180091870251846	6.190975441492697	31.66755474815167	21.32740993192824	3.068344471772688	3.169429660282886	648.7086403465672	33.886609092725394	136.49604351412086	91.6537071754171
1560.0.	2.027406242215115	10.41192978905027	2.880770243492184	413.4437999737594	19.281287297249754	1.338606207214694	44.75540000417561	30.5971738796906	2.342712915142307	7.657287084857673	4.7093957125274954	520.4047888144706	2.5534181954845243	516.2163112160263	0.39120384126830304	4.573391460224325	54.75778508972035	0.17728434662217402	5.934853307354925	31.867263348285626	20.902266196708833	3.042889109722806	3.167071671616542	649.6794602621678	32.563556193815984	138.34079573890455	89.26188816195554
1600.0.	1.978541443196077	10.327648294444524	2.892276722666635	415.43745412643915	19.243301596929033	1.325132968748672	43.23502402971583	30.857989082042586	2.357989267062571	7.642010732937409	4.73770787726674	523.9396153994152	2.537813200507162	515.8821912224804	0.38752582069549	4.489370234906289	54.79300888056855	0.17477053820207503	5.70874945481235	32.047950048638064	20.535874264717595	3.020283122320888	3.164895214420303	650.5413186772109	31.386193999166714	140.02673089568358	87.07935610663799
1640.0.	1.9363733358479092	10.251796346978187	2.902492383825279	417.21577652141264	19.209229977591097	1.31305118093848	41.8870766744211	31.094604841460527	2.37179606479847	7.628203935201511	4.763216125748797	527.1095290794716	2.523799876872569	515.5741729022776	0.38426467600839004	4.416428067263233	54.82028935566917	0.172525204262467	5.509343679159456	32.21082575828225	20.218805506757604	3.000225985861546	3.162898395109904	651.3068311308209	30.34026903837996	141.56091819231463	85.09614663356817
1680.0.	1.899859227480341	10.183739729144738	2.911550107579361	418.7992174507666	19.1787144299222	1.30224371499628	40.69350723235121	31.30845116641531	2.384231775050558	7.615768224949423	4.786126910974836	529.946373890719	2.511246213168236	515.2920037627248	0.381375213163169	4.352938195986434	54.84130333831648	0.17052396928243702	5.333628306619541	32.35717126163305	19.94345217407416	2.98244642357523	3.161076049782107	651.9868489531599	29.412497777744665	142.95158251976807	83.30088625857682
1720.0.	1.8681499700771882	10.122841090711601	2.91957172918135	420.20688451277556	19.15142572921135	1.292597301754023	39.63780134630202	31.501065242162472	2.395398424224739	7.60460157577524	4.806648323381284	532.4803019436793	2.500024878224148	515.0349160615377	0.378816930833056	4.297558117493964	54.85739899538281	0.16874365114707002	5.178894110940358	32.48829004091875	19.703621122704682	2.966699587360463	3.159420644866969	652.59081756507	28.590609679775085	144.20771236939802	81.68131387073144
1760.0.	1.840547483561811	10.068475717461311	2.926668364969042	421.4564977595967	19.12706004028028	1.284003951892893	38.70493578372751	31.674033075492417	2.405398469426035	7.594601530573944	4.824985041144998	534.7396691989095	2.490014443802759	514.8017797387685	0.376553499922743	4.249169225715978	54.86965349308732	0.16716247451902103	5.042712091468667	32.60547245597145	19.49422403983889	2.952764667889257	3.157923025426061	653.127038318819	27.86335341227491	145.3387219062151	80.22472068677895
1800.0.	1.816472679762057	10.020042773403512	2.9329408784621993	422.56438183079285	19.105336729496784	1.276361918254001	37.88131077048708	31.828943428124106	2.414332422427553	7.5856675775724245	4.84133462952069	536.7509663648526	2.481100278883617	514.5912251390171	0.374552332370637	4.206831279483167	54.87892251489055	0.165760192617144	4.922912888127251	32.70996949595478	19.3110414627677	2.9404427963938	3.156573024594096	653.6028612855524	27.220476094700775	146.35416985950965	78.91830928599896
1840.0.	1.79544111095758	9.976972898224624	2.9384804456494082	423.54548792667106	19.085996870806344	1.269576278652253	37.154667183269616	31.967352646732355	2.422297114423574	7.577702885576402	4.855884960979553	538.5387867732256	2.473175135068916	514.401739758267	0.372784212424617	4.169747769807068	54.88588217531479	0.164518138092275	4.817565179325281	32.802974411213036	19.15054287008343	2.929555152303504	3.1553599491247	654.024829176971	26.65268362470337	147.26353386338963	77.74947655761028
1880.0.	1.7770443629993251	9.938732931154917	2.943369183794696	424.41343874286656	19.068802112482285	1.263559214398538	36.513994640118256	32.09075886747882	2.429384492511837	7.5706155074881405	4.868812543958937	540.1258292875755	2.466139459867841	514.2317429895253	0.37122297297349804	4.137239327531311	54.89106404792572	0.16341922072428902	4.7249540406643	32.885610686852644	19.009749173105934	2.919941225034813	3.154272956821932	654.3987869919457	26.151588476579175	148.07603614118506	76.70602808421593
1920.0.	1.760935729968394	9.904828418337196	2.9476808139397663	425.1805901443679	19.05353369969909	1.258230052676395	35.94943527943771	32.2005840676994	2.435680846859484	7.564319153140491	4.880281570529476	541.53293201772	2.459901482274182	514.0796425285916	0.36984520582635305	4.108723089293778	54.894884113755815	0.16244788664926402	4.6435599415864885	32.95892500519828	18.886127158894524	2.911457200273019	3.153301341681534	654.7299677454073	25.70964993576984	148.80051480064395	75.77633289512752
1960.0.	1.746819090160969	9.87480445091858	2.951481333259148	425.8581042075868	19.039991536504186	1.253515131973054	35.45218687986237	32.29816251928981	2.441266378381367	7.558733621618607	4.8904435187077695	542.7791314814064	2.45437711632342	513.943875740297	0.368629998959812	4.083696504706157	54.89766645249194	0.16159005099467502	4.572038821119189	33.023884040356336	18.77750796349037	2.903974454652277	3.152434741914614	655.0230615057532	25.32011053437546	149.44533425945374	74.94942795054972
2000.0.	1.734440185940647	9.848245280354318	2.9548296789968633	426.45602916746304	19.027993229290914	1.249347540289842	35.01440799356655	32.384734334204076	2.446215028906866	7.55378497109311	4.899437170928817	543.8817415400695	2.449489725659222	513.8229388952609	0.367558696375028	4.061724477639956	54.89966246546331	0.160833013281089	4.509203505136116	33.08137411952457	18.682023610203558	2.897378150574002	3.151663284859972	655.2822726990786	24.976931470157343	150.01832821733785	74.21508145009885
2040.0.	1.723579718410761	9.824773068395888	2.9577783705975023	426.9833826860655	19.017373090716895	1.2456667667206411	34.62912695701865	32.46144295586896	2.450594508074343	7.549405491925635	4.9073889346514346	544.8564466581748	2.445169787341284	513.7154067898091	0.366614677813553	4.042429031739166	54.90106635582535	0.160165362792236	4.454006596663629	33.132202962718964	18.598057145368223	2.891565927004239	3.150977681305222	655.5113690284808	24.674729004010022	150.52676892108548	73.56382334700109
2080.0.	1.7140478212187271	9.804046052832978	2.960374120740377	427.44823565920177	19.00798110467382	1.242418298685051	34.29015599857407	32.529335621717806	2.4544664628015322	7.545533537198446	4.914413373205676	545.7174045769538	2.441354487414689	513.6199448765623	0.36578315652478405	4.025480905657782	54.90202751191231	0.15957687932428702	4.40552487818874	33.17710286994705	18.524203039793377	2.886446683871177	3.150369280104529	655.7137242361958	24.408713212236826	150.9773570601965	72.98695049138877
2120.0.	1.705679590524035	9.785756346025565	2.962658409300155	427.85779447381145	18.9996818643361	1.239553189868777	33.992011163713535	32.5893659882063	2.45788674568217	7.54211325431781	4.920613874330947	546.4773541931891	2.437987274928946	513.5353156747418	0.36505099380009204	4.010592639604268	54.90266035499104	0.159058433273871	4.362945201995239	33.21673486047254	18.459235378574878	2.8819394581114253	3.14983009233642	655.8923561722335	24.174629993129567	151.37622735227987	72.47651276972569
2160.0.	1.698331430955821	9.7696275306686	2.964668016857907	428.21848021422335	18.992353500117925	1.237027617818363	33.72983840401213	32.64239826244989	2.460905747837003	7.539094252162976	4.926083400283122	547.1477251814107	2.435017395616355	513.4603809064737	0.364406529254579	3.997512827973113	54.90305212954355	0.158601887872995	4.325551803889853	33.25169338278648	18.402082000233296	2.877972389127669	3.1493527926832092	656.0499611232234	23.968706866769086	151.72896563583274	72.02528555395051
2200.0.	1.6918780381958571	9.755412174786663	2.966435516367587	428.536003793415	18.985886615119288	1.234802445116182	33.499345902534984	32.68921231974612	2.463568769549637	7.536431230450341	4.930905277025856	547.7387466222323	2.432399421563955	513.3941005226618	0.36383942595539703	3.986021295067454	54.903269036962534	0.15820000548260102	4.2927149512890495	33.282511307668194	18.351803220159823	2.874481770824935	3.14893070429182	656.1889450227662	23.78760283972829	152.04063402207507	71.62673278756522
2240.0.	1.686209883511117	9.742889354243458	2.96798972304623	428.8154363658542	18.98018324410289	1.232842794022167	33.296742515533914	32.73050940218879	2.465916408499334	7.534083591500644	4.935153991115695	548.2595525589217	2.430092789041885	513.3355295400327	0.36334052953483403	3.975925010785919	54.90336104439091	0.15784635917119103	4.263880823827563	33.30966499244472	18.30757412365107	2.871411186730591	3.148557772123745	656.3114519535517	23.628362412779225	152.3158013303381	71.27496415236476
2280.0.	1.6812310984438201	9.73186224467248	2.969356103599549	429.0612746738739	18.975155849381185	1.231117641283437	33.11868208003172	32.766918090627684	2.467984950681	7.532015049318979	4.938895971755054	548.718282978092	2.4280613531908	513.2838134079733	0.36290174042978	3.967054606889267	54.903365640219405	0.15753525029037901	4.238562519850127	33.33357926468606	18.26866967168973	2.868710724108322	3.148228528728257	656.4193902216565	23.488373673318243	152.558576624369	70.96468899427926
2320.0.	1.676857682116239	9.722155824396916	2.970557146605567	429.27750120304927	18.970726363944582	1.229599437348684	32.96221325408863	32.7990003217464	2.4698067533234322	7.530193246676548	4.942190342451163	549.122179192155	2.426272965475013	513.2381824564776	0.362515898381693	3.9592613865685813	54.903310756421966	0.157261632380492	4.216332082703733	33.354632220559274	18.23445205195349	2.866336262513019	3.147938055472847	656.5144562064332	23.365330321584644	152.77264417354587	70.69116904176583
2360.0.	1.673015971544945	9.71361471446201	2.971612696332563	429.4676391864502	18.966825289166437	1.2282637523543691	32.82473450907846	32.82725728596594	2.471410612435534	7.528589387564445	4.945089632100125	549.4776729934365	2.424699077602143	513.1979458407405	0.36217667832614703	3.952414743740059	54.90321703488832	0.157021041466877	4.1968134447311645	33.37315976920278	18.204359846327204	2.864248831922013	3.147681941524222	656.5981561457903	23.25719742008126	152.96129858516838	70.45017141879224
2400.0.	1.669641328683044	9.706101170365908	2.972540252526184	429.634802614448	18.963390851719737	1.22708894986075	32.70395387153926	32.852135092386256	2.472822110176031	7.527177889823945	4.94764043940207	549.7904692602247	2.423314373909474	513.1624852893628	0.361878496804995	3.946399926117361	54.90309957933908	0.156809532617033	4.179676192903571	33.38945988182004	18.177898687938473	2.86241403541494	3.147456242274534	656.6718259933181	23.162180620401163	153.12747919820234	70.23792302548453
2440.0.	1.666677007858869	9.699493231617703	2.9733552388146203	429.78174148600766	18.960368222042234	1.226055888308926	32.59785300864795	32.874030126190576	2.474063939191716	7.5259360608082595	4.949884047559819	550.0656219336622	2.4220964329377033	513.1312488774599	0.36161642804890803	3.9411160893337343	54.902969305326245	0.15662362250060102	4.164630067164783	33.40379652450191	18.15463315544238	2.8608015313418713	3.147257438430932	656.7366494719953	23.078698604295816	153.27380310403692	70.05106701970179
2480.0.	1.6640731747589972	9.693683029193117	2.974071242390217	429.91088258757594	18.957708794820633	1.225147649462527	32.50465526040501	32.89329405385112	2.475156202522819	7.524843797477156	4.951856988435671	550.3076034622264	2.421025417976224	513.1037449792759	0.36138612890340305	3.936474599402774	54.902833977265544	0.156460237612946	4.151420110141724	33.4164032685588	18.134179707322403	2.85938456999465	3.147082396613053	656.7936744436388	23.00535847118439	153.40259637571177	69.88662186852703
2520.0.	1.661786053770625	9.68857524674505	2.9747002275622663	430.02436611378175	18.955369530512908	1.224349292620944	32.42279723894282	32.91023845385806	2.476116688733944	7.5238833112660295	4.953591556918462	550.5203679381954	2.420083795701086	513.0795365036955	0.361183771805661	3.932397548483574	54.90269900251079	0.156316667776356	4.13982239447502	33.427486582609	18.116200499757007	2.85813957995575	3.146928332014734	656.8438277104252	22.940933808526484	153.51592325330543	69.74194323701015
2560.0.	1.6597771848318712	9.68408572861637	2.975252725662674	430.124078455856	18.953312355846418	1.22364763308965	32.35090363782353	32.925139067080124	2.476961122681162	7.52303887731881	4.955116277334623	550.7074082376902	2.419256081578622	513.0582354772907	0.361005985060578	3.928816454873229	54.902568037366336	0.15619052451134802	4.129640261368559	33.43722881783104	18.10039796205635	2.8570457995200043	3.146792773467282	656.887928362806	22.884345191638385	153.6156131586368	69.61468883077086
2600.0.	1.658012774287026	9.680140225944413	2.97573800364217	430.2116814834675	18.95150362046578	1.223031043222919	32.28776491947893	32.93823967253805	2.477703392840441	7.522296607159532	4.95645632444017	550.8718075311928	2.418528610424731	513.0394980106569	0.360849799710351	3.9256711228348333	54.90244344793025	0.15607970386692402	4.120701010883939	33.44579090244431	18.08651002665243	2.856084948847712	3.146673531078121	656.9266997858374	22.83464287346308	153.70328550499931	69.5027861990928
2640.0.	1.6564631268604542	9.676673271167218	2.9761642135329502	430.28863863709915	18.949913606402777	1.222489274280261	32.23231757542485	32.949755602396586	2.478355756456506	7.52164424354347	4.957633901951442	551.0162855621244	2.417889330351808	513.0230196626821	0.36071260234052105	3.922908641604906	54.90232665918119	0.15598235330732602	4.112852990927778	33.45331476427061	18.074305928184593	2.855240938796385	3.146568666499155	656.9607804329354	22.79099144091673	153.78037233412022	69.40440342726896
2680.0.	1.655102147932894	9.673627170826533	2.9765385247841163	430.35623813386303	18.94851608674876	1.222013297332947	32.183626680412765	32.95987691521874	2.47892902396966	7.521070976030316	4.958668581784492	551.1432401031852	2.417327618269921	513.0085312023144	0.36059209321532704	3.920482505944282	54.90221841826163	0.155896842269787	4.105963037759742	33.459925501644406	18.063582499838056	2.8544996126798132	3.146476465794073	656.9907334721829	22.752656231584403	153.84813885859472	69.3179225940011
2720.0.	1.653906906961693	9.670951106549778	2.9768672413058663	430.41561357186976	18.947287929781773	1.221595161500236	32.140870487488684	32.96877124966927	2.479432724276866	7.520567275723109	4.9595776072349995	551.2547839986208	2.416834115110452	512.9957947569324	0.360486249184827	3.918351843070615	54.90211899206417	0.155821736029952	4.099914226182722	33.46573332336748	18.0541609058235	2.85384851750679	3.146395414815064	657.0170554056051	22.718991321914633	153.90770201839646	69.24191583574635
2760.0.	1.652857254231026	9.668600334356883	2.977155904892078	430.46776219845896	18.946208744795523	1.221227867870363	32.10332683551312	32.97658638244838	2.479875252409985	7.52012474758999	4.960376163286274	551.3527781893555	2.416400578988923	512.9846003294688	0.36039329085477	3.916480732862878	54.902028314659844	0.155755772536659	4.094603892381167	33.47083527813668	18.045883757490245	2.853276701550037	3.146324176960953	657.0401837564793	22.689428915111286	153.96004717850172	69.1751238403223
2800.0.	1.65193548422174	9.666535472885624	2.977409386531884	430.51356108691203	18.945260565963245	1.220905257557153	32.0703611637536	32.983452514710336	2.480264001190231	7.519735998809745	4.961077617117116	551.4388611000446	2.416019754603962	512.9747626621294	0.360311653556719	3.914837609949908	54.90194609654873	0.155697841904185	4.089941896677984	33.47531679313739	18.038612567581907	2.852774535383398	3.146261573165406	657.0605039139081	22.663469973268768	154.00604310423452	69.11643658307604
2840.0.	1.651126039806704	9.664721871690512	2.977631966971008	430.553781445515	18.94442757071802	1.220621912450377	32.04141594953334	32.98948431090085	2.4806054783594482	7.519394521640529	4.96169373171856	551.5144747450087	2.415685257269468	512.9661184221493	0.360239961699994	3.913394737753813	54.90187190494898	0.15564696827655602	4.085849097321113	33.479253040454516	18.03222550296258	2.852333553798036	3.146206563951582	657.0783552177741	22.640675953715544	154.04645535403196	69.06487611756108
2880.0.	1.650415252246026	9.663129051395044	2.977827407744445	430.5891012626127	18.94369582932333	1.220373067330327	32.01600140454871	32.99478271308913	2.48090541060843	7.519094589391546	4.962234855338534	551.5808878854683	2.415391470088481	512.9585236840675	0.360177006128291	3.912127745805922	54.9018052221973	0.15560229380450502	4.082256009826455	33.48271014873374	18.026615401036686	2.8519463162642733	3.146158233385642	657.09403636096	22.62066152388632	154.08195822781457	69.01958123666849
2920.0.	1.649791112607368	9.661730208127379	2.977999013773533	430.6201164719209	18.943053082523182	1.220154532129798	31.9936872833609	32.99943655265961	2.481168835828883	7.518831164171093	4.962710089269461	551.6392165448863	2.415133452893498	512.9518516830101	0.360121724142106	3.9110152227261112	54.90174548767619	0.15556306450037602	4.079101629433719	33.48574627621558	18.021688019262072	2.851606283843126	3.146115774763086	657.1078101795376	22.60308814227877	154.1131454044597	68.97979382779064
2960.0.	1.649243070791881	9.660501775320641	2.978149688503094	430.647350804156	18.942488544391644	1.219962623236802	31.974095673785058	33.003523979809145	2.48140018481561	7.518599815184366	4.963127436285962	551.6904421634978	2.414906861694619	512.9459908141714	0.360073181883378	3.910038358185691	54.90169212740462	0.15552861775967702	4.076332396914181	33.48841255992957	18.017360490753827	2.851307710670341	3.146078477867444	657.1199078955661	22.58765840515719	154.14053939510822	68.94484675554571
3000.0.	1.6487618588236752	9.659423036592006	2.978281982447624	430.6712644740732	18.941992727734416	1.219794102836548	31.956894653524998	33.00711372977104	2.481603353543777	7.518396646456202	4.9634939318349645	551.7354276479855	2.414707877490609	512.9408428548429	0.360030558811041	3.909180627982669	54.90164457444272	0.155498371359608	4.073901290340198	33.49075395452041	18.013559962107834	2.851045548335921	3.146045717649053	657.130532871334	22.574111069666927	154.16459993100506	68.9141531168744
3040.0.	1.648339335473244	9.65847578401866	2.978398135918905	430.692261836371	18.94155728962503	1.219646125390386	31.94179271054013	33.01026624313002	2.481781767045922	7.518218232954059	4.963815759883225	551.7749315481753	2.414533143406716	512.9363213867866	0.35999313402553	3.908427517064528	54.901602282504044	0.15547181376493902	4.071767027519269	33.492809972910145	18.010222392314034	2.850815361664186	3.146016944181291	657.1398639283767	22.56221667397105	154.18573139587906	68.88719672522998
3080.0.	1.647968349643464	9.657644016695729	2.978500116620538	430.7106981296092	18.94117489487961	1.2195161904415541	31.928533836392706	33.01303465605654	2.481938435817048	7.5180615641829345	4.964098355140556	551.8096205699318	2.414379709225457	512.9323503982982	0.35996027422688204	3.907766275951878	54.901564734588234	0.15544849558984702	4.069893365641172	33.49461533980287	18.007291494043635	2.850613254564042	3.145991673762048	657.1480582793946	22.55177368397495	154.2042894039534	68.86352369260622
3120.0.	1.647642620259012	9.656913674988363	2.978589652716923	430.72688541428266	18.94083909548521	1.219402101022679	31.916893212326077	33.015465674808645	2.482076005585014	7.517923994414968	4.964346493202778	551.8400806122412	2.414244982471871	512.9288630470057	0.35993142311508103	3.9071857065597353	54.901531448000235	0.15542802208091	4.06824848631305	33.496200567919146	18.00471780072709	2.850435804768102	3.145969481039139	657.1552541164095	22.542605104235996	154.2205866158427	68.84273498992201
3160.0.	1.647356630672959	9.656272406374411	2.9786682619143683	430.7410977994162	18.940544224193253	1.219301927017656	31.90667341717661	33.01760034744703	2.482196801198392	7.517803198801591	4.964564369997174	551.866826496931	2.414126685302599	512.9258005660377	0.359906092062837	3.906675973890111	54.90150197678412	0.155410046501491	4.066804455589296	33.49759246581313	18.002457844729747	2.850280006412385	3.145949992048827	657.1615728940271	22.53455549783758	154.23489787605328	68.82447987757378
3200.0.	1.647105535843346	9.655709359217173	2.978737277029832	430.7535760414465	18.94028530067309	1.219213972901285	31.897701094538274	33.019474744399155	2.4823028653053862	7.517697134694595	4.964755671765653	551.8903105415365	2.414022816528571	512.9231112978324	0.359883851910335	3.906228440490072	54.901475912339066	0.155394264311213	4.065536749863655	33.498814585179495	18.000473433608594	2.850143219528264	3.145932878067009	657.1671213426001	22.527488366413294	154.24746474769597	68.80845010862173
3240.0.	1.646885080742455	9.655215001209513	2.978797868467315	430.76453158963716	18.940057948788905	1.21913674934404	31.889824023976285	33.02112055829676	2.482395992425405	7.517604007574576	4.964923636686169	551.9109301095073	2.413931618174145	512.9207498413532	0.35986432574876104	3.905835520939438	54.901452882788135	0.15538040804637102	4.064423839599538	33.499887614693094	17.998731012923344	2.850023125625011	3.145917850182365	657.1719932423632	22.521283847207688	154.2584995124255	68.79437481700286
3280.0.	1.646691528645802	9.654780959593928	2.978851063972694	430.7741501437611	18.93985832371723	1.2190689482269	31.882908547625846	33.02256563239908	2.4824777589493072	7.517522241050673	4.965071109111241	551.9290342571531	2.413851546041775	512.9186762999198	0.35984718257484605	3.9054905539585363	54.90143255152123	0.155368242817921	4.063446823849798	33.500829726645236	17.997201105398364	2.849917688636666	3.145904654509944	657.1762709862315	22.515836689126466	154.26818869658666	68.78201601233287
3320.0.	1.646521598110152	9.654399880589594	2.978897765994022	430.78259478216654	18.93968304776167	1.219009420662901	31.876837309297667	33.02383442590244	2.482549549545006	7.517450450454977	4.965200587292516	551.9449295833832	2.413781243810859	512.916855618166	0.359832131712334	3.90518769001395	54.901414615220354	0.15535756235338502	4.06258910937428	33.50165688193564	17.995857817408417	2.849825120591613	3.145893067971956	657.1800269558989	22.511054474220323	154.27669617808098	68.77116461124659
3360.0.	1.646372407592499	9.654065305750857	2.978938766935649	430.79000871159377	18.939529153848614	1.218957157668374	31.871507268329644	33.02494842351872	2.482612580391569	7.517387419608412	4.965314265361718	551.9588853763041	2.41371952025289	512.9152569978756	0.35981891790853604	3.904921792553829	54.90139880158989	0.155348185517578	4.061836128917056	33.50238309834774	17.99467840480537	2.8497438514386833	3.145882894580585	657.1833247331169	22.506856055027054	154.2841659225736	68.76163694286821
3400.0.	1.646241426787658	9.653771563243215	2.9789747625602203	430.79651768407547	18.939394035801314	1.218911273168094	31.866827954941684	33.02592649587846	2.482667919616959	7.517332080383023	4.965414070250042	551.9711381400017	2.413665329193039	512.9138533835363	0.35980731702490404	3.9046883512278123	54.901384866951474	0.15533995325472802	4.061175093867266	33.50302068647012	17.993642891030834	2.849672502530221	3.145873962164424	657.186220165568	22.503170181716413	154.29072439231027	68.75327167291123
3440.0.	1.6461264338728272	9.653513672256679	2.9790063637622852	430.8022321209154	18.93927540459185	1.218870989055363	31.862719937840353	33.02678521657114	2.482716505271487	7.517283494728494	4.965501694149162	551.9818955752247	2.413617751890959	512.9126210094756	0.359797132250162	3.904483405643679	54.901372593814656	0.15533272590132502	4.060594777109357	33.50358045712099	17.99273373128311	2.849609863321919	3.145866119486805	657.1887623045345	22.499934296094626	154.29648266598193	68.74592709714027
3480.0.	1.6460254779448822	9.653287258984045	2.979034106910496	430.80724897901194	18.939171249862405	1.218835622060742	31.859113478337008	33.02753914096924	2.482759161130709	7.517240838869274	4.965578623046796	551.9913400791369	2.413575981551704	512.9115390013372	0.35978819077301905	3.90430347838659	54.9013617884993	0.155326380825035	4.060085322379492	33.50407190368395	17.991935517236275	2.849554870901355	3.145859233709901	657.1909942295779	22.49709347227273	154.301538303737	68.73947876051903
3520.0.	1.64593684602205	9.653088482776628	2.979058462931749	430.8116533905942	18.939079806088817	1.218804572212162	31.855947348344138	33.028201051388095	2.482796610587217	7.517203389412767	4.96564616180735	551.9996318216943	2.41353930971157	512.9105890254871	0.35978034085898203	3.90414551617979	54.90135227885953	0.155320810350346	4.059638076893927	33.50450336236335	17.991234717456326	2.8495065920036273	3.145853188163798	657.1929537736934	22.494599486228022	154.3059769875432	68.73381736337618
3560.0.	1.645859034057246	9.65291397125348	2.979079845289795	430.8155201037411	18.938999522832287	1.218777312694846	31.853167792346504	33.02878217260488	2.482829488860452	7.517170511139533	4.965705456212744	552.0069114494341	2.413507114273644	512.9097549806637	0.35977344928242605	3.904006838200576	54.90134391214076	0.15531591993628802	4.059245444409472	33.50488215301296	17.990619449232337	2.849464207213253	3.145847880384391	657.1946741608285	22.49240999862577	154.30987396362556	68.72884692039064
3600.0.	1.645790721476875	9.652760763285468	2.9790986169924283	430.81891474777836	18.938929038589976	1.218753380942247	31.850727615849014	33.02929236128771	2.482858353726598	7.5171416462733855	4.96575751232933	552.0133024614785	2.413478848994542	512.9090227268442	0.35976739907091304	3.903885090684088	54.90133655298635	0.15531162657573402	4.05890075622242	33.50521470287731	17.99007927804702	2.849426997087588	3.145843220388067	657.1961845662622	22.490487837153005	154.3132953106039	68.72448314217972
3640.0.	1.6457307488175492	9.652626258903807	2.979115096745271	430.8218949447566	18.938867157812528	1.218732370809335	31.84858538492096	33.02974027246881	2.482883694946754	7.51711630505323	4.965803213523415	552.0189132972305	2.413454034247355	512.9083798468804	0.35976208752395605	3.903778207052044	54.90133008160157	0.155307857389429	4.058598157916549	33.505506655307144	17.989605041359464	2.8493943299688693	3.145839129154916	657.1975106091027	22.48880036627584	154.31629905419294	68.72065201281258
3680.0.	1.645678098084817	9.652508175296244	2.979129564355799	430.82451128567146	18.938812830707977	1.218713925697335	31.846704723320297	33.0301335058246	2.4829059425503712	7.517094057449614	4.965843335409434	552.0238391705558	2.41343224890671	512.907815436987	0.35975742447291204	3.9036843728958353	54.9013243920755	0.155304548391157	4.058332509937908	33.505762965264495	17.98918869376926	2.849365651280033	3.145835537295527	657.1986747850731	22.487318933793702	154.31893614687743	68.71728853971474
3720.0.	1.6456318755033572	9.652404508154087	2.9791422654788042	430.8268081878319	18.93876513549608	1.218697732514694	31.845053695319464	33.030478734197274	2.482925474112229	7.517074525887756	4.965878558980765	552.0281636810829	2.413413123220256	512.9073199226102	0.35975333075276605	3.903601995224179	54.90131939085688	0.155301643403245	4.058099300308524	33.5059879832154	17.9888231709807	2.849340474124107	3.145832383879272	657.1996968467815	22.486018384850173	154.3212513287998	68.71433565521258
3760.0.	1.645591296368112	9.65231349772189	2.979153415783392	430.82882464780954	18.93872326281761	1.218683516372948	31.84360426379732	33.030781816502746	2.482942621144718	7.517057378855267	4.965909482143313	552.0319602295848	2.4133963325471353	512.9068848966309	0.359749736860055	3.903529675457148	54.901314995376296	0.15529909310417903	4.057894567997256	33.50618552881672	17.988502270294696	2.8493183710288683	3.145829615404726	657.2005941378096	22.48487663519175	154.32328388417338	68.71174325143254
3800.0.	1.645555671740965	9.652233598979592	2.979163204611938	430.8305949026592	18.93868650203813	1.218671035928312	31.842331814428803	33.03104789691298	2.4829576747125213	7.5170423252874645	4.9659366298454914	552.0352932611796	2.413381591858394	512.9065029772029	0.35974658177431	3.9034661857109763	54.90131113280691	0.155296854192251	4.057714835646759	33.5063589556349	17.988220545628465	2.849298966697446	3.14582718489501	657.2013818862031	22.483874296462346	154.32506830582903	68.70946733244979
3840.0.	1.6455243967685411	9.6521634554554	2.979171798192846	430.8321490105578	18.938654229216954	1.218660079290601	31.841214737918143	33.031281491974575	2.48297089036401	7.517029109635976	4.965960462974851	552.0382193572249	2.4133686509068752	512.9061676828601	0.35974381192313903	3.903410447973291	54.9013077389529	0.155294888651136	4.057557050514396	33.5065112079843	17.987973215303626	2.84928193164255	3.145825051103043	657.2020734622779	22.48299434719616	154.32663487899964	68.70746926950636
3880.0.	1.645496940423905	9.652101876228521	2.9791793424614363	430.8335133606677	18.93862589653976	1.218650460430543	31.84023406320138	33.03148656712602	2.482982492462225	7.51701750753776	4.965981386171169	552.0407881942625	2.413357289985346	512.9058733228071	0.35974138027346003	3.903361515817083	54.901304757255666	0.15529316310500602	4.057418532624222	33.506644870842806	17.987756081054314	2.849266976596822	3.145823177813376	657.2026806050646	22.48222184394185	154.32801019411437	68.70571514681856
3920.0.	1.645472836498831	9.652047815734099	2.979185965536775	430.8347111208393	18.938601023037254	1.218642016024919	31.83937313540458	33.03166660389932	2.482992677988366	7.517007322011622	4.965999754687646	552.0430433861694	2.413347316201362	512.9056149005505	0.359739245533546	3.903318558344266	54.901302137907685	0.15529164825226402	4.057296929249698	33.50676221368536	17.987565456894416	2.849253847604754	3.145821533228958	657.203213621194	22.481543667627765	154.32921759720512	68.70417518699402
3960.0.	1.645451675694432	9.652000356029294	2.979191779896284	430.8357626307155	18.938579186433888	1.218634602686224	31.83861733310023	33.031824658937495	2.483001619881882	7.516998380118109	4.966015880415937	552.0450232236971	2.413338560206063	512.9053880292564	0.35973737145238005	3.903280846087367	54.901299837063625	0.155290318368342	4.057190174954161	33.506865228975705	17.987398106646822	2.8492423217132323	3.145820089432485	657.203681559565	22.480948300872548	154.3302775854897	68.70282324639966
4000.0.	1.6454330986763201	9.651958691221525	2.979196884285057	430.8366857468944	18.938560015989356	1.218628094530104	31.837953820069778	33.031963415821906	2.483009469973519	7.5169905300264706	4.9660300371767505	552.0467613238878	2.413330873321711	512.9051888574105	0.35973572620446004	3.90324773863071	54.90129781614003	0.155289150869138	4.057096456510567	33.50695566596545	17.987251189082045	2.849232203187698	3.145818821913338	657.2040923647412	22.480425632468787	154.33120815478551	68.70163637198856
