time	C1	C2	C2a	C2b	C3	C3a	C3b	C4	C4BP	C4BP_C4b	C4BP_GlcNac_LF_CRP	C4BP_PC_CRP	C4BP_PC_CRP_LF	C4a	C4b	C4b_C2a	C4b_C2a_C4BP	CRP	GlcNac	GlcNac_HF	GlcNac_HF_MASP	GlcNac_LF	GlcNac_LF_C1_MASP	GlcNac_LF_CRP	GlcNac_LF_CRP_C1	GlcNac_LF_CRP_MASP	GlcNac_LF_MASP	HF	LF	MASP	PC	PC_CRP	PC_CRP_C1	PC_CRP_LF	PC_CRP_LF_C1	PC_CRP_LF_C1_MASP	PC_CRP_LF_MASP	X	dC3b	dC4b_C2a	dC4b_C2a_C4BP	iC4b_C2a
0.0.	2470.0	310.0	0.0	0.0	4650.0	0.0	0.0	770.0	260.0	0.0	0.0	0.0	0	0.0	0.0	0.0	0.0	2.0	0.0	0.0	0.0	0.0	0	0.0	0.0	0.0	0.0	0.0	20.0	6.8	0.0327796	0.0	0.0	0.0	0.0	0.0	0.0	0.0005	0.0	0.0	0.0	0.0
200.0.	2469.9971580926226	309.6631866244977	0.33526495588315103	0.336813375502284	4649.9997850061745	0.00021499382764	1.040090517682027e-05	769.6455996009635	242.42666941423815	0.350510500687964	0.0	0.029926580037852004	0	0.354400399036566	0.002341478729468	1.973870570047738e-06	0.000292486499585	1.967222775002226	0.0	0.0	0.0	0.0	0	0.0	0.0	0.0	0.0	0.0	19.999997556195307	6.799998279116024	2.3750022232124158e-06	8.729369100427943e-06	0.002839471786104	6.4051893949208316e-09	7.165155547681305e-07	1.719074339927308e-06	1.809634998791597e-09	0.0005	4.234040311132868e-06	4.933991152348262e-07	7.273947815882144e-05	0.001177043283234
400.0.	2469.994864678824	308.7307843123094	1.227190604613102	1.269215687690618	4649.993141867242	0.006858132759824001	0.00016642743799	768.6625098565733	225.4762467644478	1.286275452508237	0.0	0.027633853810899	0	1.337490143426866	0.009189607841113001	3.067146133472558e-05	0.0042722319844780005	1.967222141466262	0.0	0.0	0.0	0.0	0	0.0	0.0	0.0	0.0	0.0	19.999995098346353	6.799996522849022	1.7414662597933138e-06	8.673897121787143e-06	0.005130429172050001	6.7890126946227846e-09	1.4177136771002848e-06	3.4742900026038713e-06	2.8609761345716123e-09	0.0005	6.847728853159e-05	1.592268966526739e-05	0.002211726264211	0.035377042989888
600.0.	2469.9930227549585	307.3276040445944	2.4037010809259582	2.672395955405575	4649.951621215194	0.04837878480707301	0.000753235062598	767.1781489206343	209.3279894032393	2.533695598444487	0.0	0.025791867193466003	0	2.8218510793655023	0.019460606441398	0.000137333245698	0.017827775777364	1.967222150208888	0.0	0.0	0.0	0.0	0	0.0	0.0	0.0	0.0	0.0	19.999992640258284	6.799994766723964	1.750208886216075e-06	8.726386711407809e-06	0.006969896469196	7.2469443439638785e-09	2.1192187580417376e-06	5.229354212170351e-06	3.9218242084447015e-09	0.0005	0.000311113417167	0.000113927267737	0.014758842723488002	0.23502820763812501
800.0.	2469.9915124793506	305.54823789647224	3.54122636662894	4.45176210352772	4649.822323957697	0.177676042300795	0.001930099048803	765.287649945154	194.22648305811842	3.770634304854217	0.0	0.024281431985938	0	4.712350054845529	0.031180013092533	0.000349806904821	0.042224100875419	1.9672221755555461	0.0	0.0	0.0	0.0	0	0.0	0.0	0.0	0.0	0.0	19.99999015536944	6.799992991682693	1.775555543496808e-06	8.8590427795735e-06	0.008477688785164	7.76448976317103e-09	2.828548776626023e-06	7.003316132279097e-06	5.00117536067634e-09	0.0005	0.0007988986273860001	0.00042089061366500004	0.05071677732366801	0.8137803106799281
1000.0.	2469.990246237289	303.46347749021993	4.403220474657183	6.536522509780123	4649.553055700021	0.446944299977291	0.0035308268761910003	763.0611578149523	180.32621636150975	4.763144047499879	0.0	0.023014962069727002	0	6.938842185047519	0.042396102424701	0.000637565048214	0.071545419280663	1.9672222126229242	0.0	0.0	0.0	0.0	0	0.0	0.0	0.0	0.0	0.0	19.999987624514972	6.799991183963533	1.8126229212717422e-06	9.048161642345924e-06	0.009741401660664001	8.328676524117378e-09	3.551119899259199e-06	8.809931267472935e-06	6.105200373945611e-09	0.0005	0.001463396146254	0.0010508048097470002	0.11774493421750801	1.934666280430205
1200.0.	2469.9891602241696	301.126544800252	4.926011139063446	8.873455199748092	4649.117978166355	0.8820218336413591	0.005243866920904	760.5505766038083	167.61753573039874	5.449813273444582	-1.2043213520267132e-26	0.021928672151037002	0	9.449423396191454	0.052166062062230005	0.0009448134764140001	0.09863092734765501	1.967222258057253	-7.382916250221151e-26	9.7909607378231e-27	-7.567728459191609e-25	-2.6286594967142747e-24	0	-7.332860411828098e-30	-3.446060911535253e-28	-1.425691535026672e-29	-6.173511194031331e-24	-1.5860137913943751e-27	19.999985034177445	6.799989333862133	1.8580572504675632e-06	9.277792905482953e-06	0.010824826176235001	8.930875605083037e-09	4.2907538283444115e-06	1.0658899550265972e-05	7.238316986370538e-09	0.0005	0.002175138760931	0.0020269379402070003	0.211340499588089	3.619389413590322
1400.0.	2469.988207203912	298.57767678058417	5.168329477758941	11.422323219416118	4648.5172022599045	1.482797740091254	0.006878547265071	757.7944243376646	155.9782113283745	5.890997703148973	-8.591275061452025e-26	0.020975337024807	0	12.205575662334915	0.060584217528775006	0.0012378538506010001	0.12030475152295302	1.967222309952597	-8.623213610598919e-26	-3.8611880744195374e-26	-1.109728960258404e-25	-3.088535464067354e-24	0	-4.158492395491087e-29	-8.322659185674318e-27	-9.960526404378759e-29	-7.732008625001119e-24	-6.287088581740576e-25	19.99998237429494	6.799987434163307	1.909952595720295e-06	9.53896644115504e-06	0.011775188351078	9.56665540588916e-09	5.050301731165711e-06	1.255743262434964e-05	8.404066467209781e-09	0.0005	0.0028545330212510003	0.003283872228764	0.31884986416424405	5.784911339975087
1600.0.	2469.987351512922	295.84737173511405	5.219416790050825	14.152628264886285	4647.760908412681	2.239091587314509	0.008406486346433	754.8212086337098	145.26192379773195	6.17737120975026	-1.536387234554467e-25	0.020119299621373002	0	15.178791366289683	0.06820868170398	0.0015119356486190001	0.136882401732629	1.96722236718302	-9.186752732769158e-26	2.596758833222884e-25	1.018249078097516e-24	-3.2980336897368674e-24	0	-7.77004452346415e-29	-2.639277014124692e-26	-1.895364642810644e-28	-8.406893174309863e-24	-7.015041616460359e-25	19.999979636757956	6.7999854790572964	1.967183017731585e-06	9.826281720591358e-06	0.012628143671829002	1.02337022258325e-08	5.832065653175463e-06	1.4511337239622081e-05	9.605463042533588e-09	0.0005	0.0034895287434200005	0.004725317998621001	0.42749631601813604	8.324228083973521
1800.0.	2469.9865660786577	292.9587623880837	5.1497887475718525	17.04123761191662	4646.857496117974	3.142503882023791	0.009874823054957	751.6518566189445	135.34487708646853	6.381077771060894	-2.331028999949724e-25	0.019333492615625003	0	18.348143381055564	0.07561674564991301	0.001775618650229	0.149802041037798	1.9672224288685292	-1.11253047429451e-25	1.409238463510185e-25	4.050041652602312e-25	-3.9846200351964e-24	0	-1.2547582460451489e-28	-5.466266919702208e-26	-3.078937790077169e-28	-9.975294735100325e-24	2.4399457753981666e-24	19.99997681479673	6.79998346369468	2.0288685265253948e-06	1.0135401410958511e-05	0.013410757911143002	1.0930203991870009e-08	6.637967769046831e-06	1.6525460282027684e-05	1.0845038405795351e-08	0.0005	0.004099640176123001	0.0062706241614980006	0.5287480154535941	11.150999706233698
2000.0.	2469.9858305544867	289.9294497842277	5.003479676707037	20.070550215772656	4645.809943200073	4.190056799926578	0.011339275124821	748.301575548471	126.13255632430071	6.548092302234101	-2.9970425686940123e-25	0.018597574327753	0	21.698424451529295	0.08326161022957501	0.0020388991435000003	0.16031968967989402	1.967222494179007	-9.953172911164732e-26	-3.396725514470747e-26	-1.9311293554131082e-25	-3.561624913293178e-24	0	-1.714025362823594e-28	-9.298535817780105e-26	-4.234938605027301e-28	-8.893157567037632e-24	2.660560140895886e-24	19.999973902831567	6.799981384076991	2.094179004273011e-06	1.0462204173033002e-05	0.01414337212061	1.165429281907034e-08	7.4695911567937174e-06	1.8603798177548772e-05	1.212483174146688e-08	0.0005	0.00470803330887	0.00786996992183	0.618583350697797	14.206445839341724
2200.0.	2469.9851299307998	286.7729577366135	4.8056220984707245	23.22704226338697	4644.616369030577	5.38363096942291	0.012841944564941001	744.7813253212465	117.55207730610545	6.705764426735165	-3.442110862504679e-25	0.017896539832915	0	25.21867467875396	0.09149008710254	0.00230932042517	0.16923986357485502	1.967222562326822	-8.584609060332156e-26	-1.016399760664561e-25	-4.483631633886625e-25	-2.8471904827203616e-24	0	-2.094970782280799e-28	-1.3757452036710281e-25	-5.204191326851054e-28	-7.068456423801375e-24	2.7330061580699626e-24	19.99997089642058	6.799979237019347	2.1623268183541946e-06	1.08027947396777e-05	0.014840991466083002	1.24040601534248e-08	8.328194730133784e-06	2.074953423971922e-05	1.344641289050055e-08	0.0005	0.005332232550296001	0.009501038169362	0.696098874922345	17.451989925943945
2400.0.	2469.984453373769	283.4998774711163	4.570728882056598	26.500122528884063	4643.271476414535	6.728523585464274	0.014411154740828	741.0989810286638	109.54411769828228	6.871026736485986	-3.740945959007921e-25	0.017219559482287	0	28.901018971336654	0.10059858802320101	0.0025919731391460003	0.177020999187832	1.96722263260546	-7.712495496306987e-26	-1.934478474389645e-27	7.186886194123283e-27	-2.763163083098885e-24	0	-2.444098371171486e-28	-1.8509269943472343e-25	-6.070789133657845e-28	-6.922451525143362e-24	2.2096364470870287e-24	19.999967792168146	6.799977020085612	2.232605456509602e-06	1.1153699005642891e-05	0.015514446381370001	1.317770624595489e-08	9.214739784895793e-06	2.296510345075796e-05	1.4810938650058641e-08	0.0005	0.005984029166688	0.011160613915755001	0.7620751084341311	20.861194227112524
2600.0.	2469.9837932374994	280.1187467869398	4.308041410273088	29.88125321306047	4641.767663376671	8.232336623327306	0.016066426307325	737.2602318975248	102.05775256669975	7.055675067371349	-3.9961071696097775e-25	0.016558990900824	0	32.73976810247573	0.110881232316986	0.0028903901633080004	0.183916517381489	1.967222704417686	-7.624723414505114e-26	-5.571471956061791e-26	-1.591841837471178e-25	-2.731372060708757e-24	0	-2.8025775767391918e-28	-2.347024096736399e-25	-6.967232028606133e-28	-6.847795792150502e-24	1.706716317170147e-24	19.99996458758485	6.799974731488723	2.304417682753825e-06	1.151199558876334e-05	0.016171380270722003	1.3973654567378601e-08	1.0129930247342162e-05	2.5252292054730624e-05	1.621922443065095e-08	0.0005	0.0066715468261640005	0.012857071385217002	0.817985616088378	24.414407947641845
2800.0.	2469.9831442440977	276.63670581776427	4.024390845258328	33.3632941822361	4640.095665399726	9.904334600271735	0.017822653941288	733.2692582373328	95.04765786003085	7.269174347062322	-4.236216191022278e-25	0.015909559003040002	0	36.73074176266792	0.12266407862781001	0.0032072923501590004	0.19006793125135601	1.9672227772851891	-7.641233519595339e-26	1.744403684121647e-26	4.7059326828364203e-26	-2.7365259524307678e-24	0	-3.17259668366589e-28	-2.8669478828042682e-25	-7.910030964588148e-28	-6.843414248959882e-24	1.603713630519126e-24	19.999961280923632	6.7999723699737356	2.377285185641182e-06	1.1875356520809e-05	0.016817069278854003	1.479060797863747e-08	1.1074259525648001e-05	2.7612354447287163e-05	1.767181824775117e-08	0.0005	0.007400980297203001	0.01460507980765	0.865426590794078	28.09574298992601
3000.0.	2469.9825028231157	273.05997116793066	3.725613830779529	36.94002883206981	4638.244868929971	11.755131070028026	0.019692699036712003	729.1292269364399	88.4726488050339	7.520027271772397	-4.441816492730977e-25	0.015267695453217002	0	40.870773063560726	0.13633079049806002	0.0035450514146990004	0.19555527311308302	1.9672228508459502	-7.509550618695274e-26	1.0751202967070491e-26	2.7917708548819986e-26	-2.689575929484245e-24	0	-3.6117631366971997e-28	-3.4138817110413354e-25	-8.910427090053702e-28	-6.733112924073594e-24	1.633067798139382e-24	19.999957871013457	6.799969934698931	2.450845946150585e-06	1.2242030175156772e-05	0.01745508268409	1.5627565656180188e-08	1.2048057936069322e-05	3.0046131997863262e-05	1.916907073243252e-08	0.0005	0.008177675431787	0.016422267193447002	0.9058318895939731	31.89142680625066
3200.0.	2469.9818665922326	269.39416700558877	3.4172303216418642	40.6058329944117	4636.20342446086	13.796575539140989	0.021689016575165	724.8426427981118	82.29487831168953	7.8164092431286925	-4.6139198367199175e-25	0.014631019405461002	0	45.157357201888814	0.15234528599028901	0.0039059819853650003	0.20042369985379702	1.967222924845736	-7.394159720994024e-26	8.630344120586124e-27	2.4196609825804984e-26	-2.648032236664642e-24	0	-3.986247037667635e-28	-3.984895491423448e-25	-9.953300199497954e-28	-6.6236440695675e-24	1.700389787718208e-24	19.999954357102173	6.79996742512341	2.524845733145541e-06	1.2610797224163432e-05	0.018087802053723002	1.648381990767177e-08	1.3051537447010521e-05	3.255416539155542e-05	2.0711198837880402e-08	0.0005	0.009006806379259	0.018327363446176	0.9403602506161041	35.78888304999796
3400.0.	2469.9812339571376	265.64454646164245	3.104737386290558	44.35545353835808	4633.958218691081	16.041781308921067	0.023824989621552002	720.4115879474282	76.47937097758427	8.166421014352306	-4.749214318003801e-25	0.013997937449713001	0	49.58841205257252	0.17127488615270903	0.004292583648901001	0.204699342756368	1.967222999127091	-7.308423145574477e-26	-3.277973859158576e-28	-2.5188310781771213e-28	-2.617495900684653e-24	0	-4.334329237479683e-28	-4.579919168953826e-25	-1.0867351743677381e-27	-6.550902924381573e-24	1.683946845053866e-24	19.99995073871362	6.799964840904858	2.599127087067772e-06	1.2980914935874651e-05	0.01871682122186	1.735894252562459e-08	1.4084832318793821e-05	3.5136796799706724e-05	2.2298342386588794e-08	0.0005	0.009893929984326	0.020339500618051003	0.969882083761707	39.77621358684762
3600.0.	2469.9806038101474	261.8161310813952	2.793667750712082	48.18386891860545	4631.494710237118	18.505289762884246	0.026116413110733	715.8378762093104	70.99376447032436	8.578106708600462	-4.85236534738947e-25	0.013367342305246001	0	54.162123790690224	0.193815914196411	0.004707811450073001	0.208400800557018	1.9672230736165521	-7.16470706105358e-26	-3.3244435262119095e-26	-9.392834866330074e-26	-2.566804283732164e-24	0	-4.8589629311174125e-28	-5.202240916067057e-25	-1.2120727488435082e-27	-6.435824857924894e-24	1.6377121815272529e-24	19.999947015521805	6.799962181809422	2.673616548612679e-06	1.3352052667003532e-05	0.019343247547311003	1.8252762192121338e-08	1.5148034884757743e-05	3.7794259966109184e-05	2.393061256364609e-08	0.0005	0.01084560177369	0.022478507166826003	0.9950221577995251	43.8419427819222
3800.0.	2469.9799753114853	257.91379114409614	2.48947448075955	52.086208855904395	4628.796601835434	21.20339816456702	0.028583334783170003	711.1231447855714	65.80821099688575	9.059297783924208	-4.938442784522693e-25	0.012738394197766002	0	58.876855214429376	0.22082305536031901	0.0051554130044000005	0.21154845051836202	1.967223148309481	-7.368712613788843e-26	4.4309172032504026e-27	2.502312531437418e-26	-2.637939473426448e-24	0	-5.34489494859214e-28	-5.8529320277190035e-25	-1.3314238437342151e-27	-6.638553251280939e-24	1.529316546025069e-24	19.999943187244817	6.799959447635745	2.748309477187357e-06	1.3724214904934752e-05	0.019967920522633003	1.9165329945410522e-08	1.6241225629990913e-05	4.052675612765637e-05	2.560813078302872e-08	0.0005	0.0118701399992	0.024766111038530002	1.016230408068442	47.97496502042021
4000.0.	2469.9793477417993	253.94228575245478	2.197284373674212	56.05771424754577	4625.84531070884	24.154689291162065	0.031252288193721	706.2689021148271	60.89540839813983	9.61732393987388	-4.954956570485655e-25	0.012110373484008001	0	63.731097885173654	0.253344071428242	0.005640338156848001	0.214171448760752	1.9672232232515472	-6.567465140204805e-26	-1.056483655786674e-25	-2.6687149963985444e-25	-2.352311492678948e-24	0	-5.78764693343359e-28	-6.5284551895621145e-25	-1.4430352721267891e-27	-5.897735317506169e-24	6.954205928827693e-25	19.999939253562953	6.799956638156154	2.8232515429523428e-06	1.4097647420899771e-05	0.020591559179943	2.009686891963698e-08	1.7364496364049284e-05	4.333451279551609e-05	2.733105573864938e-08	0.0005	0.012978552236181001	0.027227960449288	1.033860522850163	52.16465386632519
4200.0.	2469.9787204175964	249.90627850557368	1.9215782213764272	60.093721494426795	4622.619204325459	27.38079567454462	0.034158783363088	701.2765482775546	56.230716996828534	10.258645731481428	-4.92254693101032e-25	0.011482596218226001	0	68.72345172244621	0.292662717914424	0.006169198592932	0.2163112849181	1.9672232985167541	-6.533076786682707e-26	-6.554402781457507e-27	-1.5702380098771883e-26	-2.3400843971828007e-24	0	-6.226092478872869e-28	-7.212063180742529e-25	-1.552350235739163e-27	-5.859983873149099e-24	2.627867239890982e-25	19.999935214065793	6.799953753078544	2.898516750390811e-06	1.4472726383399271e-05	0.021214846604398003	2.104770744936371e-08	1.851796507476498e-05	4.621782186325531e-05	2.9099596503585545e-08	0.0005	0.01418557066232	0.029896301889195002	1.048239081826638	56.40107683563966
4400.0.	2469.978092661797	245.81034189744068	1.6658792634059232	64.1896581025599	4619.09258473302	30.907415266983467	0.037349888031408006	696.1473822427387	51.79229879177617	10.988484023289423	-4.870258839560302e-25	0.010854384856655	0	73.8526177572622	0.34035489481881503	0.006750747793872001	0.21802088013978702	1.96722337418325	-6.455293261691172e-26	-5.9964993296785256e-27	-1.882740021862444e-26	-2.3124311458012056e-24	0	-6.6847955555273455e-28	-7.908338656467179e-25	-1.666937097172923e-27	-5.7973845700532446e-24	2.021463817719624e-25	19.999931068232346	6.799950792031843	2.9741832462023657e-06	1.4849837344817181e-05	0.021838459355061002	2.201819949223982e-08	1.9701781330854254e-05	4.9177054150933676e-05	3.09140105393278e-08	0.0005	0.015510723603796002	0.032813074542806	1.059710739068098	60.67523678433271
4600.0.	2469.977463819759	241.65896080248683	1.432537297398961	68.34103919751372	4615.23441787771	34.76558212229307	0.040886828569537	690.8826079807061	47.56121088059704	11.81052408568298	-4.796071240948578e-25	0.010225084422591001	0	79.1173920192944	0.39836603349668304	0.007396371267568	0.21935935127858602	1.967223450309437	-6.398195343491386e-26	1.0161800395478e-27	2.860168125215795e-27	-2.291558447981694e-24	0	-7.165851635897855e-28	-8.621463965986649e-25	-1.7871214627329854e-27	-5.736731063842417e-24	2.087695826328528e-25	19.99992681544531	6.799947754575863	3.050309433476567e-06	1.5229257063234153e-05	0.022463051456182003	2.300864113892071e-08	2.0916121945256882e-05	5.221264955528248e-05	3.2774587272063606e-08	0.0005	0.016979416413786003	0.036033178918845006	1.068650540192498	64.97925100720965
4800.0.	2469.9768333085485	237.45654232713767	1.222669911810854	72.54345767286281	4611.0067972773895	38.99320272261317	0.044847841381641	685.4833487187109	43.52140757469214	12.726742316587107	-4.6923144887340615e-25	0.009594111897073002	0	84.51665128128965	0.46912120365062304	0.008120631449625	0.22038407944372002	1.9672235269130551	-6.26365539703048e-26	8.960342189557759e-26	3.068673747429172e-25	-2.2449196958021118e-24	0	-7.657813943497529e-28	-9.353717777762425e-25	-1.9102232398300472e-27	-5.695841865654465e-24	3.810702682555735e-25	19.99992245503685	6.799944640233701	3.1269130507425288e-06	1.561105108058381e-05	0.023089205175605	2.401919249443929e-08	2.216117769364142e-05	5.532508468387914e-05	3.4681619511471515e-08	0.0005	0.018624115027546	0.039627852498671005	1.075444056111298	69.30639675396242
5000.0.	2469.976200686691	233.20743600577774	1.036270048984496	76.79256399422273	4606.363090319558	43.636909680444745	0.049331857745769	679.9506752162458	39.65965252740444	13.737347324699643	-4.557363387798279e-25	0.008961026073996	0	90.04932478375473	0.5556835138168821	0.008941976795277001	0.22114260799842	1.9672236039542261	-6.147323862066938e-26	-1.735993243997335e-27	-1.026884156602526e-27	-2.193800688348983e-24	0	-8.157792244540897e-28	-1.0104400273644089e-24	-2.0349576256415302e-27	-5.4875433005095026e-24	6.322168869814528e-25	19.999917986360384	6.799941448542802	3.203954221765088e-06	1.599499090406994e-05	0.023717361341219	2.504980853518051e-08	2.343713264622307e-05	5.8514821838323316e-05	3.663536538607061e-08	0.0005	0.020485874352256003	0.043688451730928	1.080446600802759	73.65099478831971
5200.0.	2469.97556573544	228.91596578161352	0.872436574068792	81.08403421838689	4601.245642894392	48.754357105610374	0.054463894805501005	674.2856514698303	35.96539224877931	14.840768997166311	-4.395891542075502e-25	0.008325608916644	0	95.71434853017004	0.661981888685645	0.009883779090014	0.22166650421820702	1.967223681320475	-6.13179620375365e-26	6.951783173383275e-28	5.590032012698334e-27	-2.1941088351988317e-24	0	-8.672640785887739e-28	-1.087223462635999e-24	-2.1636966984171473e-27	-5.456517483369045e-24	6.853271414811413e-25	19.999913408884243	6.799938179121649	3.2813204710724388e-06	1.6380479282666783e-05	0.0243477381678	2.610017179371705e-08	2.4744137275844902e-05	6.17822423518593e-05	3.863600158993181e-08	0.0005	0.022616573473292	0.048331387740721	1.083938651881406	78.00815042988515
5400.0.	2469.9749285510206	224.58647376915968	0.729657923725186	85.41352623084074	4595.582823143564	54.41717685643768	0.060403172724948	668.4893996180191	32.43067699130514	16.03359427296668	-4.209197325001033e-25	0.007687957917198	0	101.51060038198138	0.7931378018991201	0.010975893319813001	0.22196799399514303	1.967223758808307	-6.111687775961103e-26	9.108312856475837e-27	2.5863299918063965e-26	-2.188966291059941e-24	0	-9.20464889131147e-28	-1.166006591311102e-24	-2.296499812661347e-27	-5.4803174602806074e-24	5.680076224684112e-25	19.999908722308465	6.799934831752964	3.3588083036381496e-06	1.676645517502322e-05	0.024980239127755002	2.7169607207953403e-08	2.6082274923525733e-05	6.512756347198285e-05	4.0683564938765314e-08	0.0005	0.025082281282670003	0.053705324998577005	1.0860920668249001	82.37340131173863
5600.0.	2469.974289659169	220.22337643213208	0.606084659619894	89.77662356786838	4589.285080675214	60.71491932478779	0.067355044837175	662.5631870272194	29.050225932774143	17.310340788973853	-3.990350653925471e-25	0.0070486008169680005	0	107.43681297278087	0.955933275558519	0.012256952818422	0.22203881327730102	1.967223836093191	-5.860454718109007e-26	-6.277024544516925e-26	-2.264409919115734e-25	-2.0976186755388466e-24	0	-9.732687718328049e-28	-1.2468719500862198e-24	-2.4288834893861542e-27	-5.221945868910447e-24	5.0874957311943155e-25	19.99990392671616	6.79993140649136	3.436093187473867e-06	1.715123670949101e-05	0.025614338569269	2.82569486027379e-08	2.7451518275716992e-05	6.855073076753291e-05	4.277787371078915e-08	0.0005	0.027968203996250003	0.060001937427259004	1.0869529224739831	86.74232270265128
5800.0.	2469.973650176428	215.83123633802575	0.49975184122110605	94.16876366197477	4582.2395891775595	67.7604108224437	0.07558784208055	656.5085423797317	25.8217302668026	18.66296643898591	-3.7413833348560674e-25	0.0064086572338450006	0	113.4914576202685	1.159479360528902	0.013777624722002	0.22184996183945302	1.96722391267779	-5.63961252746478e-26	2.2064320681085643e-26	5.907641998413301e-26	-2.019067911938141e-24	0	-1.02585458996859e-27	-1.3289133650815568e-24	-2.560821533448987e-27	-5.0374335376464114e-24	1.5803376099696992e-25	19.99989902278391	6.799927903812929	3.512677787144369e-06	1.7532250796593963e-05	0.026248920621458	2.936031739283214e-08	2.8851668724912544e-05	7.205126865618263e-05	4.491841374299462e-08	0.0005	0.031385672182244	0.06747152152772	1.086437529029994	91.11012157533175
6000.0.	2469.9730120557624	211.41485688654993	0.40873874871644406	98.58514311345061	4574.302941317154	75.6970586828496	0.085455462103998	650.3274143937758	22.746478550685488	20.080020997252	-3.480257875693941e-25	0.005770084795563001	0	119.67258560622436	1.416160244238193	0.015605015394545	0.22135098949061702	1.967223987807226	-5.830585310346681e-26	8.922661882513627e-27	2.546499605941003e-26	-2.0882863428250607e-24	0	-1.082334280706504e-27	-1.4125992124360249e-24	-2.701968887540331e-27	-5.227893758502544e-24	4.243627262109671e-25	19.999894012091374	6.799924324835186	3.587807223435792e-06	1.7905593375674743e-05	0.026882033895188003	3.0476768224690313e-08	3.0282267070710693e-05	7.56280606421915e-05	4.710416721043499e-08	0.0005	0.035481513579751	0.076444471075209	1.084333091315233	95.47122319181733
6200.0.	2469.9723784637927	206.97941261168978	0.331271163687526	103.02058738831082	4565.291336194093	84.70866380591386	0.09742518420073001	644.0223957818273	19.830365623450103	21.545363277636845	-3.1970220171920493e-25	0.005136057154809	0	125.97760421817291	1.7429247159127792	0.017828187915642002	0.22046789223460203	1.9672240603420221	-5.784930649811676e-26	1.022622562415022e-27	2.790731338261832e-27	-2.071913706509178e-24	0	-1.139523363669425e-27	-1.4985619891157758e-24	-2.8443431330976863e-27	-5.1868914774768115e-24	4.549404945600365e-25	19.999888897584775	6.799920671646352	3.660342019388518e-06	1.8265376208353084e-05	0.027510514711725	3.160176187943444e-08	3.1742459833387725e-05	7.927902028485146e-05	4.9333356702471426e-08	0.0005	0.040449601163332	0.08735840682022801	1.080294854277228	99.81883074809039
6400.0.	2469.9717543322477	202.53063234039396	0.265778185759529	107.46936765960663	4554.967935378193	95.0320646218143	0.11210583231595	637.5970447502162	17.08526074492132	23.03644467855524	-2.9727155741681252e-25	0.004511516449302	0	132.4029552497836	2.162921097381219	0.020563976167318	0.21909965522628402	1.967224128592644	-5.739568277509664e-26	3.2733678490448553e-26	9.451615645461002e-26	-2.0556649512964568e-24	0	-1.2393243581385393e-27	-1.822264279861492e-24	-3.0709844364369442e-27	-5.146210068338127e-24	5.915173572301994e-25	19.999883684253586	6.799916947786375	3.72859264163438e-06	1.860289103205596e-05	0.028129436320583002	3.2728476127147996e-08	3.323080434733967e-05	8.30006105347553e-05	5.160308176548117e-08	0.0005	0.04654256411919001	0.10078691811663201	1.073836834536399	104.14442893468197
6600.0.	2469.9711470717266	198.07505192421684	0.210913527286573	111.92494807578377	4543.0280291677755	106.97197083223072	0.130260395599566	631.0563397490407	14.53044299400325	24.522424235068215	-3.045815665946062e-25	0.0039038879450480003	0	138.94366025095874	2.70720146739335	0.023960263968218	0.217115397706857	1.9672241901660321	-5.694560051184617e-26	2.963803254270106e-27	8.30427559770848e-27	-2.0395444088259256e-24	0	-1.5117040734021641e-27	-2.5399012905851716e-24	-3.6966269336190725e-27	-5.1058504072492614e-24	7.074991133232792e-25	19.999878380040922	6.79991315889536	3.7901660290591407e-06	1.890587641890826e-05	0.028731396053412003	3.384714599433329e-08	3.4745007315431505e-05	8.678719576638038e-05	5.3908863647875956e-08	0.0005	0.054077093007443004	0.11745601408570401	1.064324040139512	108.43721988509043
6800.0.	2469.9705672515474	193.6203354501233	0.165543053949849	116.3796645498774	4529.0852228318545	120.91477716814968	0.152765635781439	624.4072814852002	12.193170945943582	25.963038559626643	-3.133292221807261e-25	0.003323759597427	0	145.59271851479932	3.415558459245136	0.028189873631634003	0.214357704690832	1.9672242419903232	-5.649910689140652e-26	8.094463347172109e-28	2.089138620613862e-27	-2.023552404426283e-24	0	-1.8167066627507982e-27	-2.6388418330142097e-24	-4.5260184611410626e-27	-5.06581250400405e-24	7.158686072199266e-25	19.999872996851366	6.7999093134342194	3.84199032163475e-06	1.915878825947082e-05	0.029305836475344002	3.494507318993343e-08	3.628163780262345e-05	9.06303215357125e-05	5.624423504134043e-08	0.0005	0.06341732640436601	0.138214669218153	1.050992773664698	112.68355128970016
7000.0.	2469.9700286401066	189.17560564719548	0.128690603296466	120.82439435280504	4512.6669102016185	137.33308979838995	0.18045572307722002	617.6595705091804	10.106417775758551	27.310256387889467	-2.750592960674679e-25	0.002784918798972	0	152.34042949081868	4.334469353420712	0.03342330684491	0.21066245903839	1.967224280860851	-5.605614279428918e-26	6.537072399706756e-28	1.640451813447198e-27	-2.0076868110921578e-24	0	-1.9146012523797032e-27	-2.732786919032581e-24	-4.782805514365315e-27	-5.026091219887327e-24	7.164730331218399e-25	19.999867551137754	6.799905423112668	3.880860849511527e-06	1.9345854197561614e-05	0.029839005623724	3.6008613172660315e-08	3.7835966319848926e-05	9.451828657054174e-05	5.8600751959395156e-08	0.0005	0.074910198695536	0.16390170569897702	1.033048798886411	116.86655424891713
7200.0.	2469.9695465201685	184.75160776609042	0.09943637155599301	125.2483922339102	4493.233427074093	156.76657292591602	0.21380120281996	610.8260997312042	8.301363628200871	28.51535009269237	-2.324391541830637e-25	0.002302659020494	0	159.17390026879522	5.509594313748676	0.03977078274028	0.20590496794589802	1.9672243048245641	-5.561666479352526e-26	6.424593457314612e-28	1.6080456083090951e-27	-1.991946078234053e-24	0	-1.96689061910992e-27	-2.830809985361848e-24	-4.916452150547163e-27	-4.986682570298421e-24	7.165166872212173e-25	19.99986206303174	6.799901502288769	3.904824561690427e-06	1.9458341964573753e-05	0.030315640844687002	3.7028301575776224e-08	3.9402228762851184e-05	9.84367422292211e-05	6.096899811146542e-08	0.0005	0.088752389704512	0.19506168606701002	1.009890481425531	120.96642468010926
7400.0.	2469.9691335768653	180.3604171258625	0.076797094337615	129.63958287413817	4470.234586692304	179.76541330770246	0.252505820967291	603.9227858449041	6.794983813460446	29.541473377521342	-1.941505265971792e-25	0.0018896577386940002	0	166.0772141550956	6.972954997773626	0.047207739475580004	0.20006360953086202	1.967224314893798	-5.518064164833986e-26	6.416471253491853e-28	1.6057046659214442e-27	-1.9763290894569626e-24	0	-2.0063126799052712e-27	-2.924111331758215e-24	-5.0161461310666114e-27	-4.947583747368901e-24	7.165198403839872e-25	19.99985655310396	6.79989756567836	3.914893795921175e-06	1.9502901723542833e-05	0.030723077569701003	3.8005135680627444e-08	4.0974569310956055e-05	0.00010237098093400001	6.334070422118911e-08	0.0005	0.10482275201149201	0.23157848357024502	0.9814150241546411	124.96182798515555
7600.0.	2469.9687949856407	176.01450024000363	0.059668479029768004	133.98549975999705	4443.198515891826	206.80148410817975	0.29530594297927304	596.9673520859529	5.579476374364591	30.37537996037563	-1.6421173927858941e-25	0.001551063989921	0	173.0326479140467	8.731436672703547	0.055535303707078	0.19325971047088	1.967224315294621	-5.474804516736527e-26	6.415884719719405e-28	1.6055347544744322e-27	-1.960834837991465e-24	0	-2.087694504840564e-27	-3.180195567840272e-24	-5.1828923612497974e-27	-4.908792211447685e-24	7.165200689488114e-25	19.999851037693723	6.79989362501909	3.915294618739677e-06	1.950170780385625e-05	0.031056156701342003	3.895149474875014e-08	4.2548373910137356e-05	0.00010630927013500001	6.571077276768341e-08	0.0005	0.12259820863281601	0.272479122393596	0.948211034706615	128.83240636247808
7800.0.	2469.9685265584544	171.72538504200338	0.046890928856489	138.2746149579973	4411.8182028485635	238.18179715144146	0.34021913954059	589.9773379881057	4.622422759805501	31.029172646250707	-1.3899647977747692e-25	0.0012826584186500002	0	180.02266201189317	10.765765336501524	0.064421302949873	0.18573260865648902	1.967224311293244	-5.431885482445413e-26	6.4158423695173285e-28	1.605521623218293e-27	-1.94546258641236e-24	0	-2.113267477127099e-27	-3.1585721696067198e-24	-5.2848286040730505e-27	-4.870306155815415e-24	7.1652008631508775e-25	19.999845525974848	6.799889686940683	3.9112932415959195e-06	1.9480795839604822e-05	0.031319075467071	3.988366069347842e-08	4.41210822210194e-05	0.000110244981787	6.807752775643829e-08	0.0005	0.14125608778929102	0.31613331189210603	0.9114409550846081	132.56145879638342
8000.0.	2469.9683175684227	167.50258182447143	0.037388965201863	142.49741817552925	4375.995159813691	274.0048401863117	0.385098841132889	582.9682910003652	3.877735720796131	31.53113691913535	-1.181029955577867e-25	0.0010736924766670001	0	187.0317089996338	13.040542870170842	0.07349718390070001	0.17776482462911802	1.9672243066747832	-5.389303509444068e-26	6.415839317539348e-28	1.6055198148874911e-27	-1.930211065012793e-24	0	-2.1426793300605902e-27	-3.2332239918519747e-24	-5.358180864744434e-27	-4.832122394805827e-24	7.165200884286169e-25	19.999840020733604	6.799885753485866	3.90667478119361e-06	1.945803057224769e-05	0.031522563551528	4.081342286079226e-08	4.5691938894018305e-05	0.00011417607280200001	7.044133070809265e-08	0.0005	0.15990432402627702	0.36072947727215804	0.872481900115175	136.1375576553243
8200.0.	2469.9681553834803	163.3531877699257	0.030277197659875004	146.64681223007497	4335.829519123207	314.1704808767947	0.428110581923804	575.9528935908727	3.298423310706399	31.913860715381755	-1.017590382420728e-25	0.000911525013279	0	194.04710640912603	15.516710661328993	0.08244213326631701	0.16961269045632502	1.967224303099204	-5.34705605865899e-26	6.415839103960271e-28	1.605518825276969e-27	-1.9150793636521676e-24	0	-2.1726168959507542e-27	-3.3029010636924766e-24	-5.433059567499354e-27	-4.7942386398808695e-24	7.165200894395852e-25	19.999834521236714	6.7998818241524965	3.903099201816854e-06	1.9440832771587214e-05	0.031679252291411004	4.174601035162698e-08	4.726116982534753e-05	0.00011810304435300001	7.280314622452331e-08	0.0005	0.17777979885223202	0.404689274337511	0.8325887268943111	139.55466015477236
8400.0.	2469.9680286439607	159.2820800831348	0.024886863774053	150.7179199168659	4291.576779314841	358.4232206851617	0.46793372992469906	568.9409951880234	2.844222346847908	32.206554320697286	-8.888122198938712e-26	0.000784795008528	0	201.0590048119754	18.159417438185958	0.09101909863027301	0.161474115426732	1.967224300860758	-5.305140512095456e-26	6.415839095663686e-28	1.6055178954797942e-27	-1.900066544393244e-24	0	-2.202843185760895e-27	-3.36869112509706e-24	-5.508661046403811e-27	-4.756652541684821e-24	7.165200903702117e-25	19.999829025665875	6.799877897644639	3.900860757011933e-06	1.943025908485886e-05	0.031800499537450004	4.268246689576864e-08	4.8829296352003094e-05	0.00012202719151000001	7.516384954704758e-08	0.0005	0.19433272178617803	0.44684571527992906	0.7927344573504	142.81120921853733
8600.0.	2469.967928370703	155.29236396473897	0.020737513650923002	154.70763603526171	4243.59658318958	406.4034168104227	0.503748728642604	561.9400953920741	2.483737829244414	32.43236322100516	-7.86199569330764e-26	0.00068452484997	0	208.05990460792492	20.94064286530861	0.09907319906329401	0.15348700319236402	1.9672242997191811	-5.263554271329405e-26	6.4158391024388165e-28	1.605516970405652e-27	-1.885171676326124e-24	0	-2.233285230812955e-27	-3.431447295807297e-24	-5.5848171075200544e-27	-4.719361768399506e-24	7.165200912946083e-25	19.999823532309147	6.799873972735409	3.899719180467651e-06	1.9424997223170813e-05	0.031895282742724004	4.36221885991536e-08	5.039680412267407e-05	0.00012594974052600001	7.752406281704802e-08	0.0005	0.20922164022639	0.486435918298514	0.7535999291109841	145.90893292806825
8800.0.	2469.9678478814	151.38583005769718	0.017491521943693	158.6141699423035	4192.3081697866455	457.69183021336005	0.535135252943838	554.9559066524832	2.193612594388246	32.60854404514379	-7.033121579415388e-26	0.0006040342472000001	0	215.0440933475158	23.838870882011744	0.10651468246734701	0.145740739106537	1.967224299337607	-5.222294756207335e-26	6.415839110481899e-28	1.6055160458624581e-27	-1.870393835131957e-24	0	-2.263811234795063e-27	-3.491817328125053e-24	-5.661199667660035e-27	-4.682364005001941e-24	7.165200922183475e-25	19.999818039904063	6.799870048517957	3.899337605571544e-06	1.9423374205749453e-05	0.031970282945003	4.456424505164434e-08	5.1964049700579975e-05	0.000129871597855	7.98841831189004e-08	0.0005	0.22227120965957603	0.523017506990864	0.715628359946407	148.85176837586752
9000.0.	2469.9677823185584	147.56332538972086	0.014912514314162002	162.43667461027982	4138.156789424404	511.8432105756003	0.561960234381726	547.9928331560945	1.956794854401298	32.747627613607364	-6.35407180305287e-26	0.000538467360112	0	222.00716684390414	26.83777713433071	0.113300296049267	0.13828946907574402	1.967224299433641	-5.181359404485116e-26	6.415839118732693e-28	1.6055151214036393e-27	-1.85573210295184e-24	0	-2.294303385596047e-27	-3.5502791607879245e-24	-5.7375104455172336e-27	-4.645656952871377e-24	7.165200931419812e-25	19.999812547624945	6.799866124398391	3.899433639894505e-06	1.9424019455369664e-05	0.032030356811686	4.550783767435065e-08	5.353126566135869e-05	0.00013379335716	8.224444597747524e-08	0.0005	0.23342564949601702	0.5563770196363941	0.679089634995197	151.6450409707465
9200.0.	2469.9677281649765	143.82502688744114	0.012833850461437	166.17497311255954	4081.590280643972	568.4097193560314	0.584285245195426	541.0543324390834	1.760871340638785	32.85864910370285	-5.790178498507504e-26	0.00048430815899600004	0	228.94566756091533	29.924879195113885	0.11941814741720001	0.131163026441138	1.9672242998054141	-5.1407456722506125e-26	6.4158391270677495e-28	1.6055141969087631e-27	-1.841185568527015e-24	0	-2.3246755040719604e-27	-3.607182996918476e-24	-5.8135297930783146e-27	-4.609238330067412e-24	7.165200940656425e-25	19.999807054976408	6.799862200019958	3.899805411994964e-06	1.9425962613202793e-05	0.032079021049336	4.6452385613696326e-08	5.509859121165404e-05	0.00013771537506400002	8.460497977818273e-08	0.0005	0.242710214143727	0.586455414685179	0.644133632456453	154.29488452254353
9400.0.	2469.9676828581014	140.17063537407208	0.011136573924272001	169.8293646259286	4023.043553413026	626.9564465869785	0.602297770923367	534.1431752766873	1.596751609360966	32.94814677810063	-5.316000281592051e-26	0.000438994864457	0	235.85682472331132	33.09044989320587	0.124876739593667	0.12437489474915601	1.967224300318704	-5.100451034268791e-26	6.415839135446384e-28	1.6055132723197612e-27	-1.8267533273115667e-24	0	-2.3548700015848823e-27	-3.662786650059622e-24	-5.889110429241392e-27	-4.573105871557012e-24	7.1652009498939365e-25	19.999801561688788	6.799858275188115	3.9003187024471e-06	1.942856166327117e-05	0.032118837943917004	4.7397494532696555e-08	5.666610187869495e-05	0.00014163784604	8.696584449500476e-08	0.0005	0.250202591684887	0.613294093148786	0.6108292859685991	156.8078465591719
9600.0.	2469.9676445100245	136.59951167282597	0.00973448666289	173.4004883271747	3962.9287871106217	687.0712128893823	0.616262544390573	527.2616293241371	1.457708560072125	33.02089626967792	-4.912685887433221e-26	0.00040064006447700003	0	242.73837067586166	36.32672056567138	0.129697424737013	0.117927728115609	1.967224300887876	-5.0604729842989906e-26	6.415839143845128e-28	1.6055123476085389e-27	-1.812434481577917e-24	0	-2.3848504976567953e-27	-3.7172819332143826e-24	-5.9641590691881904e-27	-4.537257329441168e-24	7.16520095913265e-25	19.999796067638844	6.799854349813623	3.900887874432913e-06	1.9431408320399472e-05	0.032151695278118	4.8342905363807266e-08	5.8233831927317755e-05	0.000145560859319	8.9327057538377e-08	0.0005	0.25601264854654004	0.636997742318773	0.579191768650759	159.19062488623717
9800.0.	2469.9676117113204	133.11077231527244	0.0085641428862	176.88922768472824	3901.6296302720266	748.370369727977	0.6264877889082371	520.4115887388696	1.338701279218437	33.0804284305398	-4.566095399370424e-26	0.000367834639025	0	249.588411261129	39.627319288746556	0.133909326910157	0.11181710271732401	1.967224301459949	-5.0208090352585027e-26	6.415839152249417e-28	1.605511422765265e-27	-1.7982281404698147e-24	0	-2.4145951287828e-27	-3.770813470008432e-24	-6.0386195010688034e-27	-4.501690473063249e-24	7.165200968372677e-25	19.99979057279511	6.79985042387328	3.901459947147852e-06	1.9434250713632805e-05	0.032179002445366	4.928845060663054e-08	5.98017897745506e-05	0.00014948443811200001	9.168861049233463e-08	0.0005	0.260268378110711	0.6577093370101741	0.5492010217981771	161.44989417618956
10000.0.	2469.967583395093	129.70335748434826	0.007578117924490001	180.29664251565242	3839.4981606141905	810.5018393858131	0.6333020428557581	513.5946663255028	1.235902205619312	33.129388935460675	-4.2654826934303094e-26	0.00033951187160000004	0	256.405333674496	42.986880341306716	0.13754595776146802	0.106034053774404	1.9672243020032112	-4.9814567192809557e-26	6.415839160650364e-28	1.605510497791288e-27	-1.784133420019625e-24	0	-2.4440915962428342e-27	-3.82349188776563e-24	-6.1124599721521566e-27	-4.466403089036875e-24	7.1652009776140145e-25	19.99978507718193	6.799846497384037	3.902003208852265e-06	1.9436938636564634e-05	0.032201826368425	5.023402297279298e-08	6.136996814079717e-05	0.000153408565485	9.405047981976047e-08	0.0005	0.26310625385941	0.6755934743696681	0.520814312973101	163.59219353112982
10200.0.	2469.967558742602	126.3760798559349	0.006740439529735001	183.62392014406578	3776.85373254048	873.1462674595239	0.63703838642689	506.81225975791415	1.14636670968871	33.169787487753666	-4.002572884491855e-26	0.000314853127868	0	263.1877402420847	46.40077304979431	0.140642969520378	0.10056679158106101	1.967224302499569	-4.942413587701128e-26	6.4158391690427325e-28	1.6055095726945981e-27	-1.770149443140568e-24	0	-2.473333769457415e-27	-3.875403055151687e-24	-6.18566451711561e-27	-4.431392981216879e-24	7.1652009868565895e-25	19.99977958085624	6.799842570386329	3.902499566828082e-06	1.9439386901583242e-05	0.032220985841844005	5.117955420107722e-08	6.293835059074323e-05	0.00015733320103900002	9.641263364083549e-08	0.0005	0.264664663118786	0.690825310767185	0.49397474816172104	165.6238552725892
10400.0.	2469.967537117267	123.12766019881985	0.006023445836302	186.87233980118077	3713.9831021340187	936.0168978659863	0.6380238453356291	500.0655997746112	1.06780063038335	33.203171372740805	-3.770912648678257e-26	0.00029322188077300003	0	269.93440022538766	49.86491249730136	0.143236668851895	0.09540186602330501	1.967224302939551	-4.90367721100707e-26	6.415839177423613e-28	1.605508647486912e-27	-1.756275339608106e-24	0	-2.502319435674068e-27	-3.926614587025593e-24	-6.258227204653846e-27	-4.3966579706467586e-24	7.16520099610028e-25	19.9997740838928	6.7998386429334445	3.902939549909195e-06	1.9441551441567982e-05	0.032237117520984	5.2125001189834015e-08	6.45069156927463e-05	0.00016125829152000001	9.877503599447256e-08	0.0005	0.265079495748801	0.703583244610487	0.468617057461973	167.55096165725155
10600.0.	2469.967518017997	119.95675365906438	0.005405594146829	190.04324634093626	3651.1414019050258	998.8585980949799	0.6365724300989111	493.35578569786014	0.9983950981869871	33.23074739464483	-3.565408371211957e-26	0.000274117062555	0	276.6442143021387	53.37562616070343	0.145363040841165	0.09052495841900701	1.967224303319089	-4.8652451786795565e-26	6.415839185791557e-28	1.605507722181848e-27	-1.7425102460015557e-24	0	-2.531048835060422e-27	-3.977180468380978e-24	-6.3301483922692204e-27	-4.3621958954088566e-24	7.165201005344965e-25	19.999768586374923	6.799834715084847	3.9033190874498235e-06	1.9443413909973733e-05	0.032250722579321	5.307033703076419e-08	6.607563963621907e-05	0.00016518377750200002	1.011376494918705e-07	0.0005	0.26448124563358705	0.714044110916488	0.444671534938937	169.37932059780022
10800.0.	2469.967501045796	116.86196948321599	0.004869910463329	193.1380305167846	3588.5536638761887	1061.446336123817	0.63298074930735	486.68381197764205	0.9367078261816411	33.253468459124505	-3.3819940993227705e-26	0.000257139676481	0	283.3161880223568	56.92955895691005	0.147057116915484	0.08592141994465101	1.967224303637439	-4.82711509917392e-26	6.41583919414603e-28	1.605506796793773e-27	-1.72885330569702e-24	0	-2.559523712102906e-27	-4.027144378220731e-24	-6.401432298314302e-27	-4.328004610604502e-24	7.1652010145904915e-25	19.999763088388672	6.7998307869020245	3.903637438025985e-06	1.9444971791882363e-05	0.032262200102910005	5.401554520440409e-08	6.764449785667959e-05	0.00016910959753900002	1.035004369335134e-07	0.0005	0.262993183829769	0.7223800691439961	0.42206672238422505	171.1144542293577
11000.0.	2469.967485879545	113.84188593767082	0.00440287662404	196.15811406232976	3526.4166775921735	1123.5833224078326	0.6275254458345411	480.0505882353053	0.881576769412689	33.2720957689417	-3.217389976576157e-26	0.00024196859731600003	0	289.94941176469354	60.5236048100452	0.14835257644951302	0.08157663607331801	1.967224303895868	-4.789284599726795e-26	6.415839202487061e-28	1.6055058713371003e-27	-1.7153036687978466e-24	0	-2.5877467071695584e-27	-4.0765421076262106e-24	-6.472085444705456e-27	-4.2940819881786755e-24	7.165201023836717e-25	19.999757590019357	6.799826858445947	3.903895866993473e-06	1.9446232088206892e-05	0.032271871294033	5.49606158532145e-08	6.921346602536081e-05	0.000173035690691	1.058633622714804e-07	0.0005	0.26073029009222504	0.728756641406697	0.40073122867924704	172.76159629204972
11200.0.	2469.967472258241	110.89506177059006	0.003993620471764	199.10493822941052	3464.9010316143294	1185.0989683856767	0.620461928638243	473.45695459491077	0.8320565689867421	33.287244031425644	-3.068924360744752e-26	0.00022834280836900002	0	296.5430454050881	64.15485676472278	0.149281507706399	0.077476270782282	1.967224304096801	-4.751751326236714e-26	6.415839210815005e-28	1.605504945825867e-27	-1.701860492091686e-24	0	-2.6157209649717725e-27	-4.125403340124316e-24	-6.542115655020709e-27	-4.260425916811829e-24	7.165201033083502e-25	19.999752091349464	6.799822929775586	3.904096799247225e-06	1.9447207268531482e-05	0.032279997236971	5.590554335965875e-08	7.078252063255061e-05	0.00017696199802300002	1.08226391148878e-07	0.0005	0.257798723742138	0.733331535025688	0.38059495174359903	174.3256953909424
11400.0.	2469.967459967797	108.02004509182008	0.003633318770079	201.97995490818045	3404.153230920589	1245.8467690794175	0.612024019011788	466.90369352323694	0.7873712152802751	33.29941470915581	-2.934401296381171e-26	0.000216048204263	0	303.0963064767619	67.82057017819479	0.149874278134972	0.07360642686483701	1.9672243042432842	-4.714512943124042e-26	6.415839219130414e-28	1.6055040202735e-27	-1.688522939000224e-24	0	-2.64344988610237e-27	-4.173752978023886e-24	-6.61153141866175e-27	-4.227034301793713e-24	7.165201042330712e-25	19.99974659245749	6.799819000947073	3.904243282166766e-06	1.9447912706706503e-05	0.032286792097182	5.685032478424435e-08	7.235163931203919e-05	0.00018088846343700002	1.1058949117361021e-07	0.0005	0.254295675097441	0.7362540032854561	0.36158988304724804	175.8114221837801
11600.0.	2469.9674488311184	105.21538031948597	0.0033147515379680003	204.78461968051454	3344.297814926806	1305.7021850732006	0.6024242348470761	460.39153906265705	0.7468783921913641	33.30902075630067	-2.812000648361866e-26	0.00020490767033400003	0	309.6084609373418	71.51813525206357	0.150159479503156	0.06995374750977501	1.967224304338647	-4.6775671331885215e-26	6.415839227433926e-28	1.6055030946926832e-27	-1.675290179528116e-24	0	-2.670936969755755e-27	-4.2216121418216724e-24	-6.680341487131862e-27	-4.193905064895457e-24	7.165201051578216e-25	19.99974109341738	6.799815072013284	3.904338644694871e-06	1.9448365058606012e-05	0.032292433043284004	5.7794958851349965e-08	7.392080100130479e-05	0.00018481503408500003	1.1295263202397181e-07	0.0005	0.25030948247933404	0.737664574629697	0.343650619654772	177.22317910572372
11800.0.	2469.967438700562	102.47961365791788	0.0030319655128870004	207.52038634208265	3285.4394239669073	1364.5605760330998	0.5918545107230281	453.9211840922928	0.7100423279477761	33.3164052279424	-2.700202027609452e-26	0.00019477354193300002	0	316.0788159077061	75.24505630319275	0.150163924223156	0.066505476541542	1.9672243043862871	-4.640911597465767e-26	6.415839235726226e-28	1.605502169095308e-27	-1.662161390211589e-24	0	-2.698185715887687e-27	-4.268998931474951e-24	-6.748554623547997e-27	-4.16103614424091e-24	7.165201060825897e-25	19.999735594298297	6.7998111430236925	3.9043862853978255e-06	1.944858125091909e-05	0.032297067788776	5.873944529017546e-08	7.548998599865335e-05	0.00018874166052400003	1.153157854499104e-07	0.0005	0.245919930640656	0.737695033693561	0.32671467021166	178.56511165820478
12000.0.	2469.9674294521405	99.81129744695122	0.002780017298019	210.18870255304935	3227.664779192027	1422.3352208079798	0.580487205105932	447.4932860816854	0.676412912092718	33.32185542887078	-2.597726245705704e-26	0.00018552181256400001	0	322.50671391831344	78.99893595369011	0.149912676197643	0.063249489581993	1.967224304389545	-4.6045440550835866e-26	6.415839244007998e-28	1.605501243492463e-27	-1.649135754066985e-24	0	-2.725199565986991e-27	-4.315929012247835e-24	-6.816179450991649e-27	-4.1284254941779445e-24	7.165201070073645e-25	19.999730095164686	6.799807214024375	3.904389543183482e-06	1.9448577866169484e-05	0.032300820384658	5.968378441026446e-08	7.705917595679477e-05	0.000192668296701	1.176789252120531e-07	0.0005	0.24119866876793603	0.736468572410342	0.310722615862123	179.84112057756082
12200.0.	2469.9674209810323	97.20899363432343	0.002554775251762	212.7910063656771	3171.0445534008613	1478.9554465991464	0.568476285157503	441.1084716798973	0.645609475210505	33.32561378309721	-2.5034898186039212e-26	0.00017704764095000003	0	328.89152832010154	82.77746294657781	0.14942910467644901	0.060174304788248006	1.967224304351622	-4.5684622431186307e-26	6.415839252279902e-28	1.605500317894459e-27	-1.636212460539449e-24	0	-2.751981868863607e-27	-4.362416069978936e-24	-6.883224363040681e-27	-4.0960710851501216e-24	7.165201079321353e-25	19.99972459607636	6.799803285058124	3.904351620644729e-06	1.944837078434949e-05	0.032303795712951	6.06279768284263e-08	7.862835383843722e-05	0.00019659489985	1.200420269846838e-07	0.0005	0.23620970242335002	0.73410005415623	0.295618169059555	181.0548744018177
12400.0.	2469.96741319806	94.67127655965614	0.0023527654003190003	215.32872344034445	3115.6351195746674	1534.3648804253392	0.555958608942254	434.7673403961412	0.6173080771639881	33.327886263806256	-2.416569288626552e-26	0.00016926183343400001	0	335.23265960385766	86.57840266510608	0.148734952703299	0.057269079367028006	1.9672243042755442	-4.532663916453729e-26	6.4158392605425735e-28	1.605499392310856e-27	-1.623390705451855e-24	0	-2.7785358623193444e-27	-4.408472168105678e-24	-6.94969747796251e-27	-4.0639709035690205e-24	7.165201088568927e-25	19.99971909708879	6.799799356164611	3.904275543064069e-06	1.9447974986625024e-05	0.03230608300477	6.157202329569864e-08	8.019750385037512e-05	0.00020052143032300003	1.22405068240332e-07	0.0005	0.23100992617047802	0.7306963500917191	0.281348161328108	182.209822098933
12600.0.	2469.9674060269176	92.19673519270084	0.002171050285135	217.8032648072997	3061.4801706391154	1588.5198293608905	0.5430552463980121	428.47046756518006	0.5912314568220091	33.32884899508905	-2.336173002189732e-26	0.00016208806565200001	0	341.5295324348188	90.39958968271401	0.14785041459102302	0.054523596301787006	1.96722430416414	-4.497146847636163e-26	6.4158392687966035e-28	1.6054984667505101e-27	-1.610669690954077e-24	0	-2.80486466535307e-27	-4.454108030096133e-24	-7.015606616433506e-27	-4.032122951687382e-24	7.165201097816278e-25	19.99971359825333	6.799795427380571	3.90416413825602e-06	1.9447404467444545e-05	0.032307758619019	6.251592458958134e-08	8.17666113666562e-05	0.000204447851403	1.2476802812645328e-07	0.0005	0.22564967231042501	0.726356719451529	0.26786248176332	183.30920552299176
12800.0.	2469.967399401952	89.7839749349726	0.002007133229055	220.21602506502794	3008.6122088762477	1641.387791123759	0.529872797200031	422.2184067447555	0.567141024244982	33.328653465163185	-2.261618605874392e-26	0.000155460670258	0	347.78159325524337	94.23892185828016	0.146794217974371	0.051928244496958	1.967224304020033	-4.461908826736952e-26	6.415839277042548e-28	1.6054975412216211e-27	-1.5980486254726251e-24	0	-2.830971276562097e-27	-4.4993332646707035e-24	-7.080959298438406e-27	-4.000525247473193e-24	7.16520110706332e-25	19.999708099617536	6.799791498740014	3.904020031423846e-06	1.9446672209781643e-05	0.032308888254984	6.345968144947894e-08	8.33356628475553e-05	0.000208374129099	1.271308873416278e-07	0.0005	0.22017325850663302	0.7211732130082511	0.255113982621597	184.35607153942684
13000.0.	2469.967393266394	87.43161906905843	0.001858881784335	222.5683809309421	2957.053906883452	1692.9460931165554	0.51650467571713	416.0116916583225	0.544830429358228	33.32743068054172	-2.1923149631834602e-26	0.00014932286159200002	0	353.9883083416764	98.09435561197579	0.14558370784947602	0.049473994670885	1.967224303845649	-4.426947661211286e-26	6.415839285280917e-28	1.6054966157317812e-27	-1.5855267236606799e-24	0	-2.8568585767268033e-27	-4.544156546803373e-24	-7.145762748139549e-27	-3.969175824484769e-24	7.16520111630998e-25	19.999702601225426	6.799787570274428	3.903845647645203e-06	1.944579020385742e-05	0.032309528727929006	6.440329453974609e-08	8.490464575854714e-05	0.00021230023194500003	1.294936280149094e-07	0.0005	0.214619521690559	0.7152310857178861	0.24305836322960703	185.35328371396545
13200.0.	2469.967387570916	85.13830992131982	0.0017244663575860001	224.8616900786808	2906.819344418434	1743.1806555815726	0.50303234298569	409.8508377710125	0.524120361406046	33.32529450111554	-2.127747520266782e-26	0.000143625300737	0	360.14916222898637	101.96390211554655	0.14423493025532702	0.047152372656532	1.967224303643221	-4.39226117576012e-26	6.41583929351218e-28	1.6054956902880192e-27	-1.5731032063485579e-24	0	-2.882529333596843e-27	-4.58858576422189e-24	-7.21002390646888e-27	-3.9380727317468505e-24	7.1652011255561875e-25	19.999697103117764	6.799783642012966	3.903643220256496e-06	1.944476948841837e-05	0.03230972940426	6.534676443140297e-08	8.647354849182597e-05	0.000216226130802	1.318562335912694e-07	0.0005	0.20902233006998402	0.7086092082041281	0.23165404083979202	186.30353349917206
13400.0.	2469.9673822724712	82.9027097896856	0.0016023104616190002	227.097290210315	2857.9151270720163	1792.08487292799	0.48952647234422403	403.7363435676372	0.5048543140777101	33.32234433943955	-2.067466381581892e-26	0.00013832492770800002	0	366.26365643236164	105.84562419306742	0.142762714414192	0.044955431346544006	1.967224303414803	-4.357847212192957e-26	6.415839301736772e-28	1.6054947648968452e-27	-1.560777300494585e-24	0	-2.9079862079946182e-27	-4.632628136803798e-24	-7.273749445738033e-27	-3.907214033627772e-24	7.165201134801875e-25	19.999691605332313	6.799779713982644	3.903414801510995e-06	1.944362020616138e-05	0.032309533369541	6.629009159475484e-08	8.804236029182316e-05	0.00022015179867	1.3421868872397658e-07	0.0005	0.203411067534693	0.701380470221575	0.220862014343248	187.20935088043063
13600.0.	2469.967377333333	80.7235016775534	0.0014910502869490002	229.27649832244717	2810.3413937415	1839.6586062585066	0.47604804104514303	397.6686915870381	0.48689511569498406	33.31866736064869	-2.0110765320391582e-26	0.000133384004944	0	372.33130841296077	109.73763378015063	0.141180752189855	0.042875722132373006	1.967224303162276	-4.3237036292918305e-26	6.41583930995509e-28	1.605493839564297e-27	-1.5485482391364e-24	0	-2.933231760484008e-27	-4.676290314503123e-24	-7.336945786664891e-27	-3.876597809717654e-24	7.165201144046983e-25	19.99968610790409	6.799775786208507	3.903162275027344e-06	1.9442351665170702e-05	0.032308978385158005	6.723327639983658e-08	8.961107118549234e-05	0.00022407721051600002	1.3658097917484478e-07	0.0005	0.19781108736772002	0.693612171342415	0.21064572528209102	188.0731144636471
13800.0.	2469.967372720308	78.59938986660732	0.00138950153628	231.40061013339331	2764.0927204324184	1885.9072795675884	0.46264934376584005	391.64834925595795	0.470122068681309	33.31434028831889	-1.95822977045201e-26	0.000128769329092	0	378.3516507440409	113.63808982386384	0.139501674377552	0.040906266478101	1.9672243028873702	-4.289828302676451e-26	6.415839318167495e-28	1.605492914295974e-27	-1.5364152613426867e-24	0	-2.958268458183372e-27	-4.719578458162642e-24	-7.399619115165884e-27	-3.846222154707675e-24	7.165201153291452e-25	19.99968061086561	6.799771858713802	3.902887368397877e-06	1.944097240240879e-05	0.032308097676699	6.817631912072638e-08	9.117967191766028e-05	0.000228002343108	1.38943091722146e-07	0.0005	0.192244133476307	0.685366395767931	0.200970919225884	188.89706100143263
14000.0.	2469.967368404084	76.52910035500152	0.001296632157254	233.47089964499907	2719.1589281576016	1930.8410718424052	0.449374927083989	385.67576955703623	0.454428578226434	33.3094308963052	-1.908618017090629e-26	0.00012445157776300002	0	384.32423044296263	117.54519653381452	0.13773712333041502	0.039040528051958005	1.967224302591668	-4.256219124670585e-26	6.415839326374323e-28	1.6054919890970761e-27	-1.524377612165322e-24	0	-2.983098681444503e-27	-4.762498306583663e-24	-7.461775399248607e-27	-3.816085178270345e-24	7.165201162535233e-25	19.99967511424705	6.79976793152012	3.902591665832249e-06	1.9439490246174512e-05	0.032306920587329	6.911921994260795e-08	9.274815389147213e-05	0.00023192717486900002	1.4130501407619488e-07	0.0005	0.186728728811926	0.6767003693772421	0.19180550974462202	189.68329436486303
14200.0.	2469.967364358683	74.51138118239088	0.001211539737044	235.48861881760973	2675.5258026874603	1974.4741973125463	0.43626244591600305	379.7513915588388	0.439720175696278	33.30399924912977	-1.86196773105521e-26	0.000120404765184	0	390.24860844116006	121.45720191415653	0.135897821793308	0.037272385723800004	1.9672243022766231	-4.2228740041695494e-26	6.415839334575876e-28	1.605491063972437e-27	-1.5124345425919409e-24	0	-3.007724730240136e-27	-4.8050552324973925e-24	-7.523420404963313e-27	-3.786185004940851e-24	7.165201171778277e-25	19.999669618076485	6.799764004647531	3.902276620212272e-06	1.9437912376038913e-05	0.032305473122252	7.00619789698538e-08	9.43165091137787e-05	0.000235851685739	1.4366673480211228e-07	0.0005	0.18128053134791303	0.667666797986184	0.18311944645337402	190.4337939750711
14400.0.	2469.967360561008	72.545002659381	0.0011334327167670001	237.45499734061957	2633.1757337265185	2016.824266273487	0.42334344444911404	373.87564083060965	0.425912862822014	33.29809873928542	-1.8180352298088682e-26	0.0001166057863	0	396.1243591693892	125.3723965221999	0.133993637810119	0.035596107623138	1.9672243019435671	-4.1897908665088756e-26	6.415839342772436e-28	1.6054901389265522e-27	-1.500585309498909e-24	0	-3.032148830169299e-27	-4.847254289514487e-24	-7.58455971151563e-27	-3.756519773999378e-24	7.165201181020539e-25	19.999664122380022	6.799760078114714	3.901943564495385e-06	1.943624537923796e-05	0.032303778404724	7.100459623462607e-08	9.588473014521251e-05	0.00023977585704600002	1.460282432493776e-07	0.0005	0.175912658689816	0.658314186406173	0.17488458816241	191.15042271376296
14600.0.	2469.967356990459	70.62875751587194	0.001061614677184	239.37124248412866	2592.0882807845232	2057.911719215483	0.410644065067412	368.0489297602998	0.41293171782963706	33.291776959711676	-1.776602745929949e-26	0.00011303403306700001	0	401.95107023969905	129.28911241053493	0.132033645746191	0.034006326383127006	1.967224301593725	-4.1569676533341106e-26	6.415839350964255e-28	1.6054892139636091e-27	-1.4888291756046979e-24	0	-3.0563731380398494e-27	-4.889100251702514e-24	-7.645198725281599e-27	-3.727087639354461e-24	7.1652011902619775e-25	19.999658627182004	6.799756151939076	3.901593722315879e-06	1.9434495303110162e-05	0.032301857059853	7.194707170535095e-08	9.745281005464901e-05	0.000243699671397	1.483895294876413e-07	0.0005	0.17063598275622402	0.648687138357745	0.167074581743156	191.83493433484156
14800.0.	2469.9673536286064	68.76146098029734	0.0009954711523150002	241.23853901970315	2552.2406726552335	2097.7593273447724	0.398185689403983	362.271657791167	0.40070971674390904	33.2850764414881	-1.737475089744768e-26	0.000109671070036	0	407.72834220883186	133.2057222187917	0.130026183482749	0.032498015639244	1.9672243012282211	-4.1244023224717286e-26	6.41583935915157e-28	1.6054882890875151e-27	-1.477165409423668e-24	0	-3.080399747005281e-27	-4.930597647104777e-24	-7.705342692710006e-27	-3.697886769427309e-24	7.1652011995025515e-25	19.999653132505117	6.7997522261368495	3.901228217735025e-06	1.9432667703316153e-05	0.032299727539103006	7.288940529476468e-08	9.902074237771925e-05	0.00024762311257100003	1.507505842482885e-07	0.0005	0.16545939625362002	0.638826637600431	0.159664747081728	192.48898040151616
15000.0.	2469.9673504589177	66.94195079977128	0.0009344585083880001	243.0580492002293	2513.6082469262515	2136.3917530737544	0.385985515997867	356.54421158960406	0.38918673228953105	33.27803528081101	-1.7004768124644142e-26	0.00010650035886000001	0	413.4557884103948	137.12063838786176	0.127978905908187	0.031066467810846002	1.9672243008480872	-4.0920928478011495e-26	6.415839367334595e-28	1.605487364301911e-27	-1.465593285220236e-24	0	-3.10423069130133e-27	-4.971750786254088e-24	-7.764996712242956e-27	-3.6689153470371125e-24	7.1652012087422245e-25	19.999647638370558	6.799748300723183	3.90084808424039e-06	1.9430767688255114e-05	0.032297406395869005	7.383159686760174e-08	0.00010058852107900001	0.000251546165423	1.5311139887129892e-07	0.0005	0.16039005280173302	0.62877031084669	0.152631968264955	193.11411677331574
15200.0.	2469.9673474665237	65.16908720955092	0.000878094532859	244.8309127904497	2476.1648355769826	2173.8351644230233	0.37405707921449705	350.86696515478314	0.37830868012641106	33.270687674378564	-1.66544978456537e-26	0.00010350702336600001	0	419.1330348452157	141.03231247491928	0.125898834854693	0.029707273165118002	1.967224300454275	-4.060037219127831e-26	6.415839375513524e-28	1.6054864396102043e-27	-1.4541120829634289e-24	0	-3.127867950524994e-27	-5.012563786534371e-24	-7.824165745068362e-27	-3.6401715692873084e-24	7.165201217980962e-25	19.99964214479813	6.799744375712242	3.900454272857133e-06	1.942879995910694e-05	0.032294908520472	7.477364624732465e-08	0.000102156140517	0.00025546881579900004	1.554719652568559e-07	0.0005	0.155433582646785	0.618552673214337	0.14595459101298	193.71180966889776
15400.0.	2469.9673446380125	63.44175285891495	0.0008259504370380001	246.5582471410856	2439.883102205413	2210.116897794593	0.362410714063902	345.2402798789993	0.368026787855237	33.26306437867453	-1.6322511207190483e-26	0.000100677648447	0	424.7597201209996	144.93923455167536	0.12379240564307001	0.028416300141747	1.9672243000476621	-4.0282334420574516e-26	6.415839383688543e-28	1.605485515015576e-27	-1.442721088281823e-24	0	-3.151313453585409e-27	-5.053040593076615e-24	-7.882854625042361e-27	-3.611653647452802e-24	7.165201227218734e-25	19.999636651806355	6.799740451117272	3.90004765961053e-06	1.9426768846760583e-05	0.032292247341339	7.571555322258667e-08	0.000103723595416	0.000259391050459	1.5783227582135302e-07	0.0005	0.15059428588638202	0.6082053570029751	0.139612326258962	194.2834413295279
15600.0.	2469.9673419612636	61.75885269949007	0.0007776440373190001	248.2411473005104	2404.7348359634557	2245.2651640365502	0.35105397147850803	339.66450456621715	0.358296966806227	33.25519310567872	-1.6007513946978392e-26	9.800010722735012e-05	0	430.3354954337817	148.83993267162867	0.12166551041636901	0.027189676901942003	1.967224299629054	-3.9966795378711136e-26	6.415839391859816e-28	1.6054845905210092e-27	-1.4314195924188598e-24	0	-3.174569082244748e-27	-5.093184996755122e-24	-7.94106806761085e-27	-3.583359806868109e-24	7.1652012364555085e-25	19.99963115941258	6.799736526950682	3.899629052228023e-06	1.9424678344787713e-05	0.032289434997896	7.665731755268448e-08	0.00010529088083300001	0.000263312857004	1.601923234573078e-07	0.0005	0.145875305103663	0.597757324689532	0.133586159706334	194.8303153073067
15800.0.	2469.9673394252936	60.11931384116035	0.000732833920744	249.88068615884004	2370.6912069059845	2279.3087930940214	0.33999198841905603	334.1399754152205	0.34907927022092505	33.247098865154754	-1.570833098465261e-26	9.546341201908934e-05	0	435.8600245847784	152.7329723947031	0.11952353844076301	0.026023774055901002	1.9672242991991982	-3.965373543401606e-26	6.4158394000274935e-28	1.6054836661292951e-27	-1.420206892188526e-24	0	-3.197636674370612e-27	-5.133000649741663e-24	-7.998810677974339e-27	-3.555288286816435e-24	7.165201245691257e-25	19.99962566763308	6.7997326032241014	3.899199196250102e-06	1.94225321396801e-05	0.032286482489661004	7.759893897265887e-08	0.000106857992134	0.000267234223808	1.625521014968669e-07	0.0005	0.141278779224097	0.587235067016425	0.12785826714391402	195.35366140260047
16000.0.	2469.967337020128	58.522085379993825	0.0006912144366130001	251.47791462000654	2337.722986944355	2312.277013055651	0.329227816976747	328.6670159728384	0.34033742434747905	33.23880426192727	-1.5423893072778662e-26	9.305758534350976e-05	0	441.3329840271605	156.61695635966217	0.11737141355725601	0.024915188515613	1.9672242987587831	-3.934313510910707e-26	6.4158394081917185e-28	1.6054827418430562e-27	-1.4090822899314098e-24	0	-3.22051802686233e-27	-5.172491078999357e-24	-8.056086958459968e-27	-3.527437340419666e-24	7.165201254925956e-25	19.999620176483102	6.799728679948441	3.898758780531952e-06	1.9420333637942943e-05	0.032283399805279	7.854041719764323e-08	0.00010842492497100001	0.000271155139965	1.6491160367852742e-07	0.0005	0.13680598032895702	0.576662787075894	0.12241193526344601	195.85464027244703
16200.0.	2469.9673347366943	56.96613820199121	0.0006525113837830001	253.03386179800916	2305.800740277618	2344.199259722388	0.31876271635790504	323.24593706198146	0.33203842131676303	33.230329754977234	-1.5153225196244332e-26	9.077354794995744e-05	0	446.7540629380174	160.49052389641366	0.11521362896036101	0.023860728417076003	1.967224298308445	-3.90349750796746e-26	6.415839416352624e-28	1.6054818176647513e-27	-1.3980450934711118e-24	0	-3.2432148983266364e-27	-5.2116596980277936e-24	-8.112901315233428e-27	-3.499805234529254e-24	7.165201264159579e-25	19.999614685976994	6.799724757133956	3.89830844223857e-06	1.941808599080451e-05	0.032280196034549	7.948175192681288e-08	0.00010999167526100001	0.00027507559523	1.672708241167881e-07	0.0005	0.132457435038685	0.566062571255038	0.117231487708864	196.33434773205664
16400.0.	2469.967332566715	55.45046476595041	0.000616478286043	254.54953523404993	2274.8949867667598	2375.105013233246	0.308596411409647	317.877036688585	0.324152164562897	33.22169388403756	-1.489543645821244e-26	8.860302128915844e-05	0	452.12296331141386	164.35235067161122	0.11305427947954201	0.022857399053840002	1.967224297848774	-3.872923617327485e-26	6.415839424510324e-28	1.6054808935966931e-27	-1.3870946160710179e-24	0	-3.265729011488355e-27	-5.250509817121265e-24	-8.16925806437637e-27	-3.4723902496180055e-24	7.1652012733921005e-25	19.999609196128226	6.79972083479028	3.897848771344176e-06	1.9415792116369763e-05	0.032276879465989006	8.042294284674193e-08	0.00011155823916200001	0.000278995579971	1.6962975727442638e-07	0.0005	0.12823303198899502	0.555454547907096	0.11230221607573601	196.7938187698093
16600.0.	2469.9673305026295	53.974078868310094	0.0005828931660570001	256.02592113169015	2244.9763413833084	2405.0236586166975	0.29872732103461	312.56059993104435	0.316651159072735	33.21291346841862	-1.464971123640053e-26	8.653844232342342e-05	0	457.4394000689545	168.20114836201046	0.11089709152811301	0.021902389763125002	1.9672242973803171	-3.842589936813252e-26	6.415839432664935e-28	1.6054799696410591e-27	-1.376230176391415e-24	0	-3.288062055391155e-27	-5.28904465235616e-24	-8.225161437412086e-27	-3.445190679672727e-24	7.165201282623502e-25	19.999603706949486	6.799716912926487	3.897380314709942e-06	1.9413454719775534e-05	0.032273457672068004	8.136398963439703e-08	0.000113124613061	0.00028291508512400004	1.719883979371659e-07	0.0005	0.124132116789243	0.544857034556929	0.10761031557494401	197.2340312952204
16800.0.	2469.96732853752	52.53601539252653	0.000551555743638	257.4639846074737	2216.0156325177536	2433.9843674822523	0.289152759589526	307.29689881532613	0.30951024003355604	33.204003782025154	-1.4415301427522641e-26	8.457288889695356e-05	0	462.70310118467273	172.035664350916	0.108745450878548	0.020993061706994002	1.967224296903582	-3.8124945791953484e-26	6.415839440816559e-28	1.6054790457998963e-27	-1.365451098446973e-24	0	-3.310215687390715e-27	-5.327267333489708e-24	-8.28061558631909e-27	-3.418204832087769e-24	7.165201291853763e-25	19.999598218452725	6.799712991551116	3.896903579767569e-06	1.9411076311353142e-05	0.032269937583869	8.23048919597036e-08	0.000114690793556	0.00028683410215200005	1.743467411905031e-07	0.0005	0.12015357575056002	0.534286674422764	0.10314282508058001	197.6559096373658
17000.0.	2469.9673266650425	51.135330045130765	0.000522284996097	258.86466995486944	2187.9840016971466	2462.0159983028593	0.27986911410380605	302.0861921785308	0.30270633446127204	33.19497870783296	-1.419151962750124e-26	8.270001418030478e-05	0	467.9138078214681	175.85468144376017	0.106602428415852	0.020126936492246002	1.96722429641904	-3.78263567207471e-26	6.415839448965289e-28	1.605478122075136e-27	-1.354756711564557e-24	0	-3.332191534974558e-27	-5.365180910922327e-24	-8.335624588107953e-27	-3.3914310275594195e-24	7.165201301082862e-25	19.999592730649194	6.799709070672218	3.896419037861544e-06	1.9408659223134774e-05	0.032266325556681005	8.324564948781525e-08	0.00011625677743600001	0.00029075262300900005	1.7670478239848898e-07	0.0005	0.11629590956232501	0.523758562999451	0.09888757128719801	198.06032781169935
17200.0.	2469.9673248793706	49.77109908043863	0.0004949170285870001	260.22890091956157	2160.8529869419795	2489.1470130580265	0.27087199989084704	296.92872552342374	0.296218251253937	33.18585087463187	-1.397773311823806e-26	8.091398892979208e-05	0	473.0712744765751	179.6570175994087	0.10447080401125201	0.019301685574884	1.96722429592713	-3.7530113577657946e-26	6.415839457111215e-28	1.605477198468599e-27	-1.3441463503413878e-24	0	-3.353991197407595e-27	-5.402788361852837e-24	-8.390192448958763e-27	-3.364867599981148e-24	7.165201310310778e-25	19.99958724354952	6.7997051502973935	3.895927127258171e-06	1.9406205623691153e-05	0.032262627427765	8.418626188099744e-08	0.000117822561673	0.00029467064010000005	1.79062517184271e-07	0.0005	0.11255729798637701	0.5132863654025961	0.094833116712323	198.44811257065106
17400.0.	2469.967323175143	48.44241901561124	0.00046930321050900006	261.557580984389	2134.594591780825	2515.405408219181	0.26215639689087	291.8247308661761	0.29002649580975304	33.17663177838219	-1.377335855269381e-26	7.920945050754116e-05	0	478.1752691338228	183.44152567426056	0.10235308864877501	0.018515120396834003	1.9672242954282582	-3.7236197931806995e-26	6.415839465254413e-28	1.605476274982005e-27	-1.333619354603537e-24	0	-3.375616247245799e-27	-5.440092595734647e-24	-8.444323108023064e-27	-3.3385128963396844e-24	7.1652013195375005e-25	19.99958175716374	6.799701230433811	3.895428255892044e-06	1.9403717531715044e-05	0.032258848567367	8.512672880034103e-08	0.00011938814341000001	0.000298588146256	1.814199414122482e-07	0.0005	0.108935656540979	0.502882425124751	0.090968711288262	198.8200462531807
17600.0.	2469.9673215474213	47.14840633760478	0.00044530854101900005	262.8515936623955	2109.1813417065623	2540.8186582934436	0.253716768865537	286.7744265793582	0.28411310594300504	33.16733189018518	-1.357785724501176e-26	7.758145775457173e-05	0	483.22557342064067	187.2070931765996	0.10025154493178301	0.017765183205863	1.967224294922806	-3.6944591497142295e-26	6.415839473394971e-28	1.605475351616978e-27	-1.323175069364757e-24	0	-3.397068231704026e-27	-5.477096459126196e-24	-8.498020440867485e-27	-3.3123652766119584e-24	7.165201328763011e-25	19.999576271501333	6.7996973110882575	3.894922803840321e-06	1.940119682820553e-05	0.032254993923866	8.606704990714235e-08	0.00012095351994300001	0.00030250513470100003	1.837770511716729e-07	0.0005	0.10542868605630201	0.49255786482883	0.087284247303718	199.17686944695083
17800.0.	2469.9673199916483	45.888197203318406	0.00042281021223400004	264.1118027966818	2084.5863296752364	2565.4136703247696	0.24554716734930102	281.778017232013	0.27846150631008604	33.15796075255606	-1.339073098765591e-26	7.602545095794964e-05	0	488.2219827679859	190.95264202895888	0.098168206085415	0.017049938511739002	1.9672242944111282	-3.665527613129875e-26	6.415839481532946e-28	1.6054744283750552e-27	-1.312812844785647e-24	0	-3.41834867391596e-27	-5.513802740013643e-24	-8.551288262636902e-27	-3.286423113662841e-24	7.16520133798729e-25	19.999570786571272	6.799693392267141	3.8944111255792595e-06	1.939864526763082e-05	0.032251068063837006	8.700722486414689e-08	0.000122518688716	0.000306421599027	1.861338427615764e-07	0.0005	0.102033915892782	0.48232267974824006	0.083770217465313	199.51928347649746
18000.0.	2469.9673185036118	44.66094713418836	0.00040169634350400004	265.33905286581177	2060.783252051916	2589.21674794809	0.237641322080673	276.83569342852627	0.273056378967003	33.148527065474376	-1.321151832763216e-26	7.453721625173357e-05	0	493.1643065714726	194.6771283365285	0.096104893565396	0.016367565134398	1.9672242938935551	-3.636823383446729e-26	6.4158394896684155e-28	1.605473505257689e-27	-1.3025320361331368e-24	0	-3.439459074079718e-27	-5.550214171673673e-24	-8.60413033093824e-27	-3.26068479314371e-24	7.165201347210328e-25	19.999565302382035	6.799689473976532	3.893893552027155e-06	1.9396064487997094e-05	0.032247075207664004	8.794725333656194e-08	0.00012408364731000002	0.000310337533166	1.8849031267689318e-07	0.0005	0.09874874153914101	0.47218582423701105	0.080417675862666	199.84795272902255
18200.0.	2469.9673170794144	43.46583070628197	0.000381864864078	266.53416929371804	2037.746436263112	2612.2535637368946	0.22999271944948502	271.94763164783774	0.267883548022952	33.13903876344828	-1.303979124464871e-26	7.311285389664419e-05	0	498.0523683521611	198.37954215985712	0.09406323337394301	0.015716348802860002	1.967224293370396	-3.608344674827247e-26	6.415839497801435e-28	1.605472582266255e-27	-1.292332003740307e-24	0	-3.460400910513406e-27	-5.586333436133564e-24	-8.65655034848864e-27	-3.2351487133918445e-24	7.16520135643211e-25	19.99955981894168	6.799685556222178	3.893370392407633e-06	1.939345602006587e-05	0.032243019261288	8.888713499294609e-08	0.00012564839343400002	0.000314252931374	1.908464575956777e-07	0.0005	0.095570457228107	0.462155291964624	0.077218201634886	200.16350682928794
18400.0.	2469.9673157154425	42.30204123682505	0.000363222524808	267.697958763175	2015.4508612646873	2634.5491387353195	0.222594670350883	267.1139940844194	0.26292987664182504	33.12950308466278	-1.287515218123946e-26	7.17487499533458e-05	0	502.88600591557946	202.05890729026484	0.09204467117920301	0.015094675266022001	1.967224292841939	-3.5800897154659974e-26	6.415839505932061e-28	1.605471659402059e-27	-1.2822121129665151e-24	0	-3.48117564061831e-27	-5.622163167278474e-24	-8.708551965539031e-27	-3.2098132853305936e-24	7.1652013656526205e-25	19.99955433625782	6.799681639009531	3.89284193593903e-06	1.9390821295690682e-05	0.032238903844551005	8.982686950592773e-08	0.00012721292491400002	0.000318167788204	1.932022743673115e-07	0.0005	0.09249628414852301	0.452238190230256	0.074163865148378	200.46654267416582
18600.0.	2469.967314408346	41.16879046808324	0.000345684022279	268.83120953191667	1993.8721718036104	2656.1278281963955	0.215440368672961	262.3349284923811	0.25818317488498804	33.11992663315422	-1.271723138249024e-26	7.044155093835705e-05	0	507.66507150761777	205.71428102656725	0.090050486323983	0.014501023878987001	1.967224292308457	-3.552056747479229e-26	6.415839514060348e-28	1.6054707366663382e-27	-1.2721717341578569e-24	0	-3.501784701767436e-27	-5.6577059536482585e-24	-8.760138782108847e-27	-3.184676932370364e-24	7.165201374871846e-25	19.999548854337686	6.79967772234376	3.892308453381545e-06	1.938816165544568e-05	0.032234732316556006	9.076645655282154e-08	0.00012877723969	0.000322082098489	1.955577600016197e-07	0.0005	0.08952339476342	0.44244080881718	0.071247196507602	200.75762633621096
18800.0.	2469.96731315501	40.06530824930925	0.00032917122112400003	269.9346917506906	1972.9866873420226	2677.0133126579844	0.208522941530869	257.6105680339218	0.253632117092121	33.11031543480471	-1.2565684508197022e-26	6.918814110228333e-05	0	512.3894319660772	209.34475395180098	0.088081804807975	0.013933961631043	1.967224291770202	-3.524244026795349e-26	6.415839522186347e-28	1.6054698140602661e-27	-1.262210242607932e-24	0	-3.52222951212117e-27	-5.692964340961022e-24	-8.811314350031365e-27	-3.159738090310382e-24	7.165201384089782e-25	19.999543373188143	6.799673806229773	3.891770198438695e-06	1.9385478355567784e-05	0.032230507798405	9.170589581612713e-08	0.000130341335805	0.00032599585732500004	1.979129116588095e-07	0.0005	0.086648933696852	0.43276868380189604	0.06846115623304301	201.03729484562453
19000.0.	2469.967311952536	38.99084221749752	0.000313612462287	271.0091577825022	1952.7714064054683	2697.2285935945374	0.20183549222479702	252.94103113330306	0.249266167678408	33.10067498786013	-1.2420190485737511e-26	6.798562202300777e-05	0	517.058968866696	212.9494497087937	0.08613961131686701	0.013392137583742001	1.967224291227412	-3.4966498230462724e-26	6.415839530310104e-28	1.6054688915849581e-27	-1.2523270185189221e-24	0	-3.54251147138133e-27	-5.727940834395036e-24	-8.862082174851852e-27	-3.1349952072412465e-24	7.165201393306413e-25	19.99953789281571	6.79966989067223	3.8912274090466596e-06	1.9382772574312743e-05	0.032226233193624006	9.264518698395088e-08	0.000131905211401	0.00032990906005400005	2.002677266401677e-07	0.0005	0.08387003559584201	0.42322665667824905	0.06579910795155501	201.30605785873632
19200.0.	2469.967310798227	37.94465747754581	0.000298941946657	272.05534252245394	1933.2040070273652	2716.7959929726394	0.19537113680312002	248.326421337424	0.245075514368285	33.091010308578035	-1.2280449575665839e-26	6.683129424289124e-05	0	521.6735786625749	216.5275247734875	0.084224760370361	0.012874277689853001	1.9672242906803121	-3.4692724194596236e-26	6.415839538431661e-28	1.6054679692414751e-27	-1.2425214469629879e-24	0	-3.562631961483484e-27	-5.762637900657087e-24	-8.91244571756604e-27	-3.110446743448254e-24	7.165201402521724e-25	19.999532413226582	6.799665975675561	3.89068030854314e-06	1.938004541773013e-05	0.032221911206538	9.358432975032144e-08	0.000133468864712	0.000333821702248	2.026222023794419e-07	0.0005	0.081183840333721	0.41381892915098	0.06325479295594301	201.5643992209054
19400.0.	2469.9673096895676	36.92603628239116	0.00028509918491000005	273.07396371760836	1914.2628438800339	2735.7371561199707	0.189123035006648	243.7668271840159	0.241051008015521	33.08132597253961	-1.214618162611759e-26	6.57226407185504e-05	0	526.2331728159829	220.07816822501758	0.082337986652777	0.012379179965626002	1.96722429012911	-3.442110112751805e-26	6.415839546551062e-28	1.605467047030822e-27	-1.232792917843958e-24	0	-3.582592347241675e-27	-5.797057969861087e-24	-8.962408396238837e-27	-3.086091171315477e-24	7.165201411735712e-25	19.99952693442666	6.799662061243977	3.890129106744059e-06	1.9377297924990973e-05	0.032217544358835004	9.452332381546853e-08	0.000135032294056	0.00033773377969600004	2.0497633643485866e-07	0.0005	0.07858750587744401	0.404549113911271	0.060822306498538	201.81277843105005
19600.0.	2469.967308624209	35.934277713649514	0.00027202850567600005	274.0657222863501	1895.9269426104722	2754.0730573895335	0.18308441628872402	239.26232207842256	0.23718410826991002	33.07162615209237	-1.201712449469103e-26	6.465731187697082e-05	0	530.7376779215764	223.60060151163728	0.08047991458730101	0.011905709991291001	1.9672242895740042	-3.4151612130219314e-26	6.415839554668339e-28	1.6054661249539582e-27	-1.2231408258593389e-24	0	-3.6023939769408105e-27	-5.8312034372383176e-24	-9.011973587494235e-27	-3.0619269752306366e-24	7.165201420948362e-25	19.99952145642155	6.79965814738149	3.889574000923897e-06	1.9374531073221204e-05	0.032213135004523004	9.546216888600933e-08	0.00013659549783700002	0.000341645288392	2.0733012648171457e-07	0.0005	0.076078219107756	0.395420281694828	0.058496075695897	202.05163201439817
19800.0.	2469.9673075999585	34.96869736317143	0.000259678615126	275.0313026368281	1878.1759918339612	2771.824008166044	0.17724860152298702	234.81296417984507	0.23346683444181202	33.06191465032758	-1.189303261961495e-26	6.363311210214992e-05	0	535.1870358201539	227.094078211611	0.078651067208911	0.011452796716140001	1.96722428901518	-3.388424043646561e-26	6.415839562783535e-28	1.6054652030117972e-27	-1.213564570462613e-24	0	-3.6220381828895574e-27	-5.865076664697465e-24	-9.061144627902678e-27	-3.0379526514906897e-24	7.1652014301596675e-25	19.999515979216586	6.7996542340919195	3.889015176717746e-06	1.93717457819671e-05	0.032208685343452004	9.640086467510786e-08	0.00013815847453	0.00034555622452000004	2.096835703054995e-07	0.0005	0.07365320484647801	0.386435004892748	0.056270838928577004	202.28137480988633
20000.0.	2469.9673066147607	34.028627015978984	0.000248002201998	275.97137298402055	1860.9903331833673	2789.0096668166375	0.17160902094482902	230.41879629791345	0.22989172099708802	33.05219493196104	-1.1773675723833451e-26	6.264798749421934e-05	0	539.5812037020854	230.55788378830363	0.07685187438805001	0.011019428546359001	1.967224288452813	-3.361896941175308e-26	6.415839570896681e-28	1.6054642812052082e-27	-1.20406355582584e-24	0	-3.641526281931401e-27	-5.898679982250819e-24	-9.109924815266279e-27	-3.0141667082081957e-24	7.1652014393696235e-25	19.99951050281686	6.7996503213789	3.888452808946545e-06	1.936894291726689e-05	0.032204197433571	9.733941090257233e-08	0.00013972122268600002	0.00034946658444500004	2.120366657955059e-07	0.0005	0.071309733317967	0.37759539797121505	0.054141626628876005	202.50240117774837
