time	C3	C3_star	C8	C8_star	FL	FS	IKK	L	L_RF	L_RF_C8	L_RF_C8_FS	L_RF_FL	L_RF_FL_FL	L_RF_FL_FS	L_RF_FS	L_RF_FS_FS	NF_kB_IkB	NF_kB_IkB_P	NF_kB_star	RF	p43_FLIP	p43_FLIP_IKK_star	p43_p41
0.0.	1.443404	0.0	64.47652	0.0	7.398562	5.083923	5.772825	113.22	0.0	0.0	0.0	0.0	-6.018531076210112e-36	0.0	0.0	0.0	4.739546	0.0	0.0	91.26592	0.0	0.0	-4.591774807899562e-41
3.0.6.0	1.443403983092643	1.5706165701552578e-08	61.696265038728264	8.88170503622457e-06	1.304576648094578e-33	0.00061389448864	5.770583275179649	21.954080000000115	81.93382480796521	1.978192872291677	0.292829737894494	1.423233762709156	0.46548358372427706	4.788611724044296	0.0006377420473010001	0.000614950762633	4.734540278813129	0.000884353791347	0.004097092143028	-1.8571091515949033e-25	0.253507620977625	0.002176054741947	0.12673250027433902
7.0.2.0	1.443402861762218	9.836682597810336e-07	58.904455074138134	0.00029014952113200004	2.250546576933119e-35	7.843145602679456e-10	5.765499072045266	21.954080000000115	79.6931968740764	3.839690629994072	0.29327780422569505	1.250652535069472	0.46548358372427706	4.788854525156361	0.000560550685927	0.00061505957385	4.707909639074815	0.002976553401039	0.028313617260400003	4.2299408267857885e-30	0.420761844370859	0.006909718964469001	0.505207769595707
10.0.8.0	1.443391743868344	9.84915751945614e-06	56.11160192324399	0.002010377206951	-1.2877753832464119e-36	-2.771068474646448e-12	5.75815043304829	21.954080000000115	77.61357542019385	5.351112800783317	0.293342734064482	1.105788061514076	0.46548358372427706	4.788854525313559	0.0004956214768870001	0.0006150595739210001	4.647161955294973	0.0058509811082570005	0.08494941354574101	1.7335558423270834e-30	0.558277678772081	0.013451258820799	1.071690840581659
14.0.4.0	1.44334149346821	4.6741725739789484e-05	53.35909662076986	0.007443942839142001	1.2774132888393601e-34	7.410752468237436e-11	5.748948755601703	21.954080000000115	75.68475112582512	6.579151633639336	0.29339753074747305	0.9835299915292691	0.46548358372427706	4.788854525424032	0.000440824606443	0.00061505957397	4.544626553068219	0.009156097372835001	0.18118537241918	1.8365026210799893e-30	0.671334071199826	0.021266403931292	1.767177968170215
18.0.	1.44319135496574	0.000148117363733	50.6752888244896	0.01965200882592	-1.2207873733971659e-36	-1.281226804044635e-11	5.7382337273747055	21.954080000000115	73.89622584937186	7.578097208278988	0.293443979488037	0.879897757349373	0.46548358372427706	4.7888545254188735	0.000394375957962	0.000615059573968	4.397121162268521	0.012564884555515	0.319577795810484	7.105707219619793e-32	0.7642512771578831	0.029930916683589003	2.545236757635675
21.0.6.0	1.442842601031984	0.00036464218682300003	48.07822280441098	0.041997431191411	-8.729420990399151e-39	-1.6572090320432781e-12	5.726285902219294	21.954080000000115	72.23765378176446	8.39167838726475	0.29348353309130604	0.7916491434292691	0.46548358372427706	4.788854525413229	0.00035482234918700003	0.000615059573965	4.205519585951422	0.015789547083284002	0.498577242540965	1.0485269311845291e-33	0.8405520659282181	0.039110032975088006	3.369990933794142
25.0.2.0	1.442157842231711	0.000755602407697	45.5779933449114	0.077698927021437	6.799059723037705e-40	5.159024231547693e-14	5.713337308744931	21.954080000000115	70.69912929462538	9.055027981943585	0.293517372786029	0.716148921603822	0.46548358372427706	4.788854525412444	0.00032098265354000004	0.000615059573965	3.9741093872109783	0.018597190001209	0.7132421547738531	5.2905362864017864e-37	0.9031036942800861	0.048541378610754006	4.214359340986915
28.0.8.0	1.440965050403701	0.00138205657319	43.17876233096035	0.12950783415529601	-1.388728167503924e-41	6.555765123221572e-15	5.699580253015419	21.954080000000115	69.27136105843775	9.596352957854318	0.29354645828290804	0.651255859755404	0.46548358372427706	4.788854525412438	0.000291897156711	0.000615059573965	3.7097707224409913	0.020821112470299	0.956117210859712	-4.852918106201463e-37	0.9542397003989991	0.058020937479807	5.058456704220417
32.0.4.0	1.439064827151344	0.0023003954202370004	40.88046441665422	0.199521747572576	-6.5540609484502645e-43	-2.9053133604862863e-16	5.685174543608219	21.954080000000115	67.9457628581392	10.038316356846323	0.29357157023978603	0.595228218899116	0.46548358372427706	4.788854525412441	0.000266785199839	0.000615059573965	3.42105766653186	0.022365041602532002	1.218194805785858	-1.625446427921964e-38	0.9958616318480851	0.067391616553566	5.888130076714122
36.0.	1.43623949471357	0.003557230328164	38.68022031741964	0.28911426529086903	3.1482626378364503e-44	-2.743562429540739e-19	5.6702533808220235	21.954080000000115	66.71448458449731	10.399160493972342	0.29359334505243	0.546646127555884	0.46548358372427706	4.788854525412442	0.000245010387194	0.000615059573965	3.117280982141983	0.023199897881211	1.4898603368510202	-3.0325161974406965e-40	1.029522560405122	0.076533975080359	6.693641707202719
39.0.6.0	1.43226287824612	0.0051859167199030005	36.57347623380457	0.39894705985113305	7.974922064562055e-46	-5.631382778674068e-21	5.654928137319832	21.954080000000115	65.57040158489343	10.693608853786241	0.293612303094103	0.504348573623646	0.46548358372427706	4.788854525412442	0.00022605234552100002	0.000615059573965	2.8076833377494452	0.023354334567754	1.7617305065925981	-2.205146514705719e-42	1.056494870835171	0.085358732775049	7.468519153976692
43.0.2.0	1.426909994813664	0.007204623658404001	34.55489241824415	0.5290305049566151	-5.026493297688886e-47	-1.9249596467782018e-20	5.639292230995193	21.954080000000115	64.50707638519918	10.933584312834677	0.293628871459351	0.46738266043581006	0.46548358372427706	4.788854525412442	0.00020948398027200002	0.000615059573965	2.500773607590599	0.022901222301631	2.025319126108228	7.269281244063266e-44	1.07782487769837	0.093800727021436	8.208588286937244
46.0.800000000000004.0	1.419966165860736	0.009615667673592001	32.61900850377179	0.6788055623505881	-1.035463092972317e-48	4.718346839734849e-22	5.623424261002739	21.954080000000115	63.51870343881027	11.128777952816426	0.293643402189373	0.434962943917643	0.46548358372427706	4.788854525412442	0.000194953250251	0.000615059573965	2.203855520993193	0.021942497176015003	2.273497166291686	3.4540908902618937e-45	1.094376624224084	0.10181404324398201	8.911193762586336
50.0.4.0	1.411235287845125	0.012405781487182	30.760715742087065	0.8472282082351631	6.5593541915797465e-50	-2.946741157759882e-23	5.607390549083418	21.954080000000115	62.600044854700585	11.287098022030316	0.293656186833605	0.406438944010159	0.46548358372427706	4.788854525412442	0.000182168606019	0.000615059573965	1.922755489978143	0.020594515770923003	2.500744918302714	7.903259798078673e-47	1.106866912212247	0.109368091553284	9.574600426029672
54.0.	1.400547127037517	0.015547027304094001	28.975566368141592	1.032845824586108	1.2847769289893271e-51	6.797771819808121e-26	5.5912472025184385	21.954080000000115	61.74636290347997	11.415023702650894	0.29366746806765404	0.381269223748465	0.46548358372427706	4.788854525412442	0.00017088737197000001	0.000615059573965	1.661730236427574	0.018975478912194	2.703218663761503	9.496932723298835e-49	1.115893285908959	0.11644444503764301	10.197560539869308
57.0.6.0	1.387763564325878	0.018998141551421002	27.259948509477113	1.233861511237195	-6.856514424520298e-53	2.121604428635727e-26	5.575041792933578	21.954080000000115	60.95335341927359	11.517883801651795	0.293677448960311	0.359000713489923	0.46548358372427706	4.788854525412442	0.00016090647931200002	0.000615059573965	1.4235193179972732	0.017195804225483002	2.878669744294493	-6.580881706156143e-51	1.121956386582644	0.12303429053912102	10.779026355707678
61.0.2.0	1.372783726466463	0.022706180100997002	25.611152281222427	1.44818684818056	-1.404028345841579e-54	-4.140152894271025e-27	5.558814726737304	21.954080000000115	60.21708292884248	11.600076529112538	0.293686300369985	0.339252208633715	0.46548358372427706	4.788854525412442	0.000152055069639	0.000615059573965	1.209500871779488	0.015351703206138002	3.026260358469771	-6.723301913025558e-52	1.125477825242579	0.129136371953349	11.317984878261875
64.0.8.0	1.355547924776942	0.026608400179471	24.027349747769534	1.673486364544619	5.46353051892233e-56	2.490743704070301e-28	5.54260036788185	21.954080000000115	59.53393137071476	11.665243210274049	0.293694166855595	0.321701181733521	0.46548358372427706	4.788854525412442	0.000144188584029	0.000615059573965	1.019909323751686	0.013521743132527	3.146319435500524	-1.901240552700411e-53	1.126814493287322	0.134755329830259	11.813390937054036
68.0.4.0	1.33604030160166	0.030634357644207	22.507508818153138	1.907218152560664	1.26743594122451e-57	-1.057449702784025e-29	5.526427961432289	21.954080000000115	58.90054154258571	11.71640606141729	0.293701171408402	0.306073225258278	0.46548358372427706	4.788854525412442	0.00013718403122200002	0.000615059573965	0.854079179046452	0.011765878647852002	3.240075924160468	-3.045059445505971e-55	1.126270043313002	0.139900360185608	12.264175151332704
72.0.	1.314290075682168	0.034708213680699006	21.05125910026498	2.146675050719016	-3.068916417583182e-59	1.7188722663249673e-31	5.510322396642243	21.954080000000115	58.313775869479755	11.756077971341696	0.29370741924757005	0.292133583246297	0.46548358372427706	4.788854525412442	0.00013093619205400002	0.000615059573965	0.710686991357048	0.010126308847919001	3.309398215035743	-9.241556848813405e-58	1.124104120534938	0.144584130769527	12.66930455603976
75.0.60000000000001.0	1.290371291238186	0.038751235975119	19.658726233563495	2.389029947710822	-8.969666439582865e-61	2.045555645390599e-32	5.494304840427587	21.954080000000115	57.77068066480398	11.786350486146077	0.293713000871453	0.279680343542618	0.46548358372427706	4.788854525412442	0.00012535456817	0.000615059573965	0.587972273665619	0.008629515264794	3.356559194202224	1.15530412640212e-58	1.120539804023959	0.14882190529282902	13.027875306682814
79.0.2.0	1.264401017423249	0.042684452334627004	18.330350031079856	2.631387339695269	1.0129599444912422e-62	-1.961966926957158e-33	5.47839326591692	21.954080000000115	57.26845772233246	11.808964814611258	0.293717994516337	0.268538952072648	0.46548358372427706	4.788854525412442	0.00012036092328700002	0.000615059573965	0.48392610018713306	0.007288918491732001	3.384038005622066	4.252315247988128e-60	1.115769620983264	0.152630835890594	13.339218945313158
82.0.8.0	1.2365360137606	0.046431378197118005	17.066700580150947	2.870841597768487	4.757674213570039e-64	8.81422088198319e-35	5.462602895817296	21.954080000000115	56.80444280469666	11.82536958372976	0.29372246814274	0.258557781162883	0.46548358372427706	4.788854525412442	0.000115887296884	0.000615059573965	0.396442691409827	0.006107714403721	3.394362760880199	8.481194438727371e-62	1.109960421793406	0.156029391906667	13.60300622917587
86.0.4.0	1.206967966035416	0.04992070315738201	15.868304975997328	3.104540738652973	-2.65614506586647e-67	-3.018529826945942e-37	5.446946576400759	21.954080000000115	56.376090371455625	11.836768219485341	0.293726481044641	0.24960453918195202	0.46548358372427706	4.788854525412442	0.00011187439498300001	0.000615059573965	0.32343408655649103	0.005081582800669	3.3899934537732612	7.575230264743942e-64	1.103257344357798	0.15903689931803	13.819335535787989
90.0.	1.1759174940256911	0.053088794763600004	14.735495383869281	3.329753076871229	-1.8099014997289058e-67	-2.690359739830382e-37	5.431435094780181	21.954080000000115	55.980963715570994	11.844158158955725	0.29373008515756605	0.24156335204519602	0.46548358372427706	4.788854525412442	0.00010827028205800001	0.000615059573965	0.26291114746085203	0.004201080946902001	3.373241135296201	-1.5688041539397629e-65	1.095787049873976	0.16167317010904	13.988796322731822
93.0.60000000000001.0	1.143627222977068	0.055881867637688	13.668286583944825	3.543933157758205	-1.549931144291748e-69	2.0746894548922672e-38	5.416077449634161	21.954080000000115	55.616729555305454	11.848363578366545	0.293733326126261	0.23433238111759702	0.46548358372427706	4.788854525412442	0.000105029313362	0.000615059573965	0.213035858946819	0.003453631138227	3.346217700194704	-8.804672104217219e-67	1.087660375655554	0.16395820490861202	14.112501881355925
97.0.2.0	1.110354280721657	0.058257676341852006	12.666288154543466	3.744782941677175	4.665402308944431e-71	-6.112423542162006e-40	5.400881083530256	21.954080000000115	55.28115606488487	11.85006291820467	0.293736244180611	0.22782186893678003	0.46548358372427706	4.788854525412442	0.00010211125901300001	0.000615059573965	0.172150529280189	0.002825081929678	3.310810066197534	-2.150839304530122e-68	1.078974521732468	0.165911955419645	14.192089416563256
100.0.8.0	1.076362620732268	0.060186621159865006	11.728653239853468	3.930304356704622	8.184814644126888e-73	-2.687719319636623e-41	5.385852083382911	21.954080000000115	54.97211332500599	11.849812177516949	0.29373887485884803	0.22195252565136403	0.46548358372427706	4.788854525412442	9.94805807765914e-05	0.000615059573965	0.13878938777864802	0.0023008687368280003	3.268672729958794	-2.870071151043542e-70	1.069814864870538	0.167554135756798	14.229688983220152
104.0.4.0	1.041915572324748	0.06165220289524401	10.85406275386562	4.098839996498891	-7.25611722888128e-75	3.9931505481042935e-42	5.37099535428912	21.954080000000115	54.687575231656574	11.848064716264416	0.293741249609321	0.21665418640623302	0.46548358372427706	4.788854525412442	9.710583030366834e-05	0.000615059573965	0.111677518307116	0.0018668254480010001	3.221233348131096	8.495560474652774e-73	1.060256475021876	0.168904073889105	14.227865693293486
108.0.	1.007268982975177	0.062650818696192	10.040741219774437	4.249099775265146	-2.228400398547745e-76	-2.0129243151321373e-43	5.35631477095079	21.954080000000115	54.42562201090224	11.845188131558539	0.293743396295762	0.211864684036418	0.46548358372427706	4.788854525412442	9.495914386258504e-05	0.000615059573965	0.08972128570849601	0.001509709558185	3.16970687646321	1.656222011486944e-73	1.05036539405336	0.169980596055294	14.189541632541786
111.0.60000000000001.0	0.9726652503736261	0.06319094718450201	9.286498489792855	4.380172582199254	3.956444350602405e-79	8.399151453227391e-46	5.341813310069678	21.954080000000115	54.184442635095074	11.841478647681345	0.293745339625794	0.20752889301563301	0.46548358372427706	4.788854525412442	9.30158138301473e-05	0.000615059573965	0.07199356916119401	0.0012175040089720001	3.115114734590289	5.053476598888726e-75	1.040199724193036	0.170801938359454	14.117904973403201
115.0.2.0	0.9383284536479131	0.06329181961374	8.588790470645378	4.491523215602054	3.584834188559856e-80	6.6010019480235704e-46	5.3274931664500365	21.954080000000115	53.962336605825215	11.837173369834831	0.293747101518171	0.203597910105506	0.46548358372427706	4.788854525412442	9.125392145350221e-05	0.000615059573965	0.057716315314427	0.0009795534452510001	3.058306342092668	8.72099682185601e-77	1.02981056348352	0.17138568082583602	14.016313866521308
118.0.8.0	0.9044606963413631	0.062981708245766	7.944791696989383	4.582975960099209	8.112096616496809e-83	-5.013579743290691e-47	5.313355855033333	21.954080000000115	53.75771474360575	11.832460688145249	0.29374870142075904	0.20002834489512303	0.46548358372427706	4.788854525412442	8.965401886529499e-05	0.000615059573965	0.046242221884266	0.000786584041834	2.9999811343886673	4.5245730306359867e-79	1.019242817277198	0.171748700045795	13.888201988073268
122.0.4.0	0.8712396800002211	0.06229598040879301	7.35147303380749	4.654686986566782	-3.1638223782299973e-84	1.386664993853642e-48	5.299402300691427	21.954080000000115	53.569098788302774	11.82748907378604	0.293750156588494	0.196781699654926	0.46548358372427706	4.788854525412442	8.819885113011113e-05	0.000615059573965	0.037036782959104	0.0006306465297870001	2.940709792193106	-2.689629476839267e-80	1.00853590817549	0.171907137229937	13.736991348320137
126.0.	0.838817446135788	0.061275066721001005	6.80567875701907	4.707108249887926	-1.9484140030743563e-86	7.143210846154604e-50	5.285632917296128	21.954080000000115	53.39511975593189	11.822374477008996	0.293751482328314	0.19382382286004401	0.46548358372427706	4.788854525412442	8.687311131004441e-05	0.000615059573965	0.029661472497092	0.00050501288686	2.8809539055768143	-1.10375053111964e-81	0.997724401575072	0.171876379020259	13.566016394088747
129.0.6.0	0.807320162046243	0.059962477298273004	6.30419853664463	4.7409457363459815	6.749531185874059e-89	-1.040339342515548e-50	5.272047677344513	21.954080000000115	53.23451510949117	11.81720651274553	0.293752692216378	0.191124424552678	0.46548358372427706	4.788854525412442	8.566322324692793e-05	0.000615059573965	0.02375850158154	0.00040404907094100006	2.821083656251214	-2.349636735102243e-83	0.986838559930823	0.17167104884994802	13.378461811709714
133.0.20000000000002.0	0.776848785098731	0.05840297467359801	5.8438312185034835	4.7571148144420565	1.669560659284651e-90	5.088587649552853e-52	5.258646173234348	21.954080000000115	53.08612488143241	11.812053599990923	0.293753798291576	0.188656644590067	0.46548358372427706	4.788854525412442	8.455714804823873e-05	0.000615059573965	0.019037340942584	0.00032307947054	2.76139335893089	-2.454961429832514e-85	0.975904835783269	0.171305006986696	13.177314952259369
136.0.8.0	0.7474804200253481	0.056640981521782006	5.421438599856422	4.756695139425704	1.5781182087321e-92	-1.110972340455739e-54	5.245427671138854	21.954080000000115	52.948886934492116	11.80696720430001	0.293754811228415	0.18639666693605603	0.46548358372427706	4.788854525412442	8.354421121004182e-05	0.000615059573965	0.015263034270639	0.00025825345443000004	2.702114875439634	3.171407486966551e-87	0.9649463113417861	0.17079135767837703	12.965332583953856
140.0.4.0	0.7192701817335041	0.054719269680802006	5.033988508084216	4.74088713022667	-2.681598343627878e-95	-1.659413477086007e-54	5.232391158314415	21.954080000000115	52.82183156993948	11.801985317187773	0.29375574049163905	0.18432337466151602	0.46548358372427706	4.788854525412442	8.261494798591066e-05	0.000615059573965	0.012246222001875001	0.00020642040301900003	2.643429023398067	2.222738963113623e-88	0.953983090791887	0.170142462052846	12.745020784934713
144.0.	0.6922533879346581	0.052677948017719	4.6785873611641104	4.710971550003679	-1.6412739125552148e-96	1.304061974436436e-55	5.219535384580369	21.954080000000115	52.704075693382784	11.79713529146815	0.293756594474544	0.182418041367387	0.46548358372427706	4.788854525412442	8.176096508070753e-05	0.000615059573965	0.009834733834096	0.00016501670387900001	2.585475162059492	5.808111826595699e-90	0.94303265035197	0.16936995561831902	12.518626224655966
147.0.6.0	0.666447927029237	0.050553742787315004	4.352503002265145	4.668273236877725	-6.517314225252549e-99	-3.890747727569627e-57	5.206858898630741	21.954080000000115	52.59481673406882	11.792436137415118	0.293757380622557	0.180664055458804	0.46548358372427706	4.788854525412442	8.097481706843445e-05	0.000615059573965	0.007906578274239	0.000131966180317	2.528359165244186	8.492868294415176e-92	0.932110150310923	0.168484769375836	12.288136805750147
151.0.20000000000002.0	0.6418566729175851	0.048379546417022	4.053178978790935	4.614129591190721	4.0218332333463037e-101	-1.69670127858954e-58	5.19436007976936	21.954080000000115	52.49332648970823	11.78790037115525	0.29375810554347503	0.17904667418182602	0.46548358372427706	4.788854525412442	8.02498961498786e-05	0.000615059573965	0.006364148833951	0.00010559409260100001	2.472159996392699	1.541557756829972e-95	0.9212287127265241	0.16749715369725202	12.055289591541547
154.0.8.0	0.618469846221942	0.04618419922321	3.778241618124013	4.549864054504742	4.867767851051092e-103	2.584207015164937e-59	5.18203716559944	21.954080000000115	52.39894503999989	11.783535494055574	0.29375877510561105	0.17755280466512502	0.46548358372427706	4.788854525412442	7.958033401405848e-05	0.000615059573965	0.005129471381835	8.455402996405992e-05	2.416935091802838	-4.0212410397709354e-95	0.9103996680733041	0.16641670424551902	11.821584061910684
158.0.4.0	0.5962672481866691	0.043992462782979004	3.525501284944045	4.476764523845271	3.234822438565633e-105	-1.375875444478504e-60	5.16988827614418	21.954080000000115	52.31107484187458	11.779345170218404	0.29375939452495203	0.176170809446062	0.46548358372427706	4.788854525412442	7.896091467373153e-05	0.000615059573965	0.004140330035877	6.776655300229852e-05	2.362724741122781	-1.3332548143754138e-96	0.899632773837105	0.165252389322034	11.588298960791315
162.0.	0.5752203175566161	0.04182514248855	3.292949134110791	4.396066431953176	-1.9010369087932052e-108	1.3792990569188381e-62	5.15791143482562	21.954080000000115	52.229175090614916	11.77533015865886	0.29375996844239805	0.17489033414444302	0.46548358372427706	4.788854525412442	7.838699722764114e-05	0.000615059573965	0.0033471259256	5.436823665202265e-05	2.309555633304325	-2.4678801092784137e-98	0.888936407820167	0.164012578120819	11.356511271136378
165.0.6.0	0.5552939810841431	0.039699318978539004	3.078750538568491	4.308940083075277	-2.288989045175516e-109	3.8324915145163825e-63	5.146104586683564	21.954080000000115	52.152756405054994	11.771489047386446	0.29376050099205303	0.173702155104311	0.46548358372427706	4.788854525412442	7.785444757256495e-05	0.000615059573965	0.002710341549546	4.3669717806139273e-05	2.257443714237537	-1.7444252978750933e-100	0.878317738718242	0.16270506945295302	11.127116139113124
169.0.20000000000002.0	0.5364482846653921	0.037628652493948006	2.881236205201793	4.216481752822344	-1.1941876201648142e-111	-3.335323001941598e-64	5.134465614174756	21.954080000000115	52.081375872863866	11.767818828445916	0.29376099586147203	0.172598044969897	0.46548358372427706	4.788854525412442	7.735957815357333e-05	0.000615059573965	0.0021985016353040002	3.5121406200556235e-05	2.206396480922751	6.081092273632005e-102	0.8677828763438471	0.161337120578289	10.900846842172298
172.0.8.0	0.518639804570817	0.03562372973241	2.69889181621252	4.119708027264786	-2.9172680949360103e-115	1.211781366150946e-65	5.122992350854639	21.954080000000115	52.01463247373792	11.764315345951857	0.293761456344721	0.17157065430450302	0.46548358372427706	4.788854525412442	7.689909490483374e-05	0.000615059573965	0.0017865383948600002	2.8285628395408463e-05	2.156414817285976	2.8414255353236763e-103	0.857337003689126	0.159915475845992	10.678294139573048
176.0.4.0	0.5018228471989711	0.033692428677773	2.530346864914522	4.01955285849392	3.8249190247324033e-116	2.316527928507133e-67	5.111682593209158	21.954080000000115	51.95216288404523	11.760973643197016	0.29376188538902803	0.17061340750366602	0.46548358372427706	4.788854525412442	7.647005059720857e-05	0.000615059573965	0.0014544843480990002	2.2814112637235085e-05	2.107494459105412	6.452910155694805e-105	0.8469844928444841	0.158446394901783	10.459924551201196
180.0.	0.48595045177072804	0.031840282597733	2.374363202153608	3.9168668404905853	4.484383125914628e-118	-6.070479941210833e-68	5.100534110872697	21.954080000000115	51.89363765571807	11.757788229925115	0.293762285635753	0.16972041139670002	0.46548358372427706	4.788854525412442	7.606980387286277e-05	0.000615059573965	0.0011864292644050002	1.842986773244582e-05	2.059627160155174	7.65245378150921e-107	0.8367290066149861	0.15693568026867102	10.24609727919232
183.0.6.0	0.47097521396093806	0.030070829569798	2.229823677451846	3.812418251288305	1.441142576668057e-120	3.7861633871781676e-69	5.089544655439824	21.954080000000115	51.83875775449261	11.75475328672213	0.293762659456315	0.168886375072132	0.46548358372427706	4.788854525412442	7.569598331050026e-05	0.000615059573965	0.000969689246373	1.491264989146349e-05	2.012801618547176	-5.708426196924591e-109	0.8265735875066801	0.155388704150091	10.037079618832557
187.0.20000000000002.0	0.45684995018280405	0.028385938323818003	2.095721148770993	3.706895458005368	-7.698634926376563e-123	-7.900859139374024e-71	5.078711968053086	21.954080000000115	51.787251437430385	11.751862820082259	0.293763008983699	0.168106539600822	0.46548358372427706	4.788854525412442	7.534645592680193e-05	0.000615059573965	0.0007941456659750001	1.2087341160414771e-05	1.967004211204806	-5.55126945071487e-110	0.816520735591253	0.15381043434052302	9.833060804473758
190.0.8.0	0.443528222585711	0.026786104811522	1.971148045698992	3.600910335069086	-9.071410759764175e-125	-6.978148029483617e-72	5.068033785926277	21.954080000000115	51.73887144651487	11.74911077893615	0.293763336140047	0.167376616463486	0.46548358372427706	4.788854525412442	7.501929957923938e-05	0.000615059573965	0.000651719737892	9.814678337392631e-06	1.922219575214332	-1.5566354123155253e-111	0.8065724766017781	0.152205459159326	9.634164307740054
194.0.4.0	0.430964744212942	0.025270716750505	1.8552866008828781	3.4950023991479773	-5.882131947076176e-127	8.183942039975782e-73	5.057507847942483	21.954080000000115	51.69339249354588	11.746491141189207	0.29376364266083405	0.166692733615424	0.46548358372427706	4.788854525412442	7.471277879192796e-05	0.000615059573965	0.00053595517678	7.983871234768755e-06	1.8784310672330071	-2.470798012506577e-113	0.7967304214660481	0.150578011349416	9.440458654257798
198.0.	0.41911568252532405	0.023838285514934002	1.747399811084942	3.389643414500059	-1.012333824209402e-129	-3.832242315427766e-74	5.04713189944836	21.954080000000115	51.65060901115478	11.743997977016878	0.293763930116047	0.166051388239011	0.46548358372427706	4.788854525412442	7.442532357898691e-05	0.000615059573965	0.00044168683641100003	6.506734193260334e-06	1.835621125950126	-6.83004963712782e-116	0.7869958183483421	0.148931990904064	9.25196685633008
201.0.6.0	0.40793887788890904	0.022486646258379	1.6468231496050652	3.285242268180775	1.719948902436732e-131	1.0418036053552008e-76	5.036903696350348	21.954080000000115	51.61033314521025	11.741625494223609	0.29376419992873704	0.16544940534336502	0.46548358372427706	4.788854525412442	7.415551088863477e-05	0.000615059573965	0.00036477765819000006	5.313026051368692e-06	1.793771557578848	9.594744856015694e-117	0.7773695981459791	0.14727098680299403	9.068674576644181
205.0.20000000000002.0	0.397393991841806	0.021213128164529003	1.552957023387602	3.182149955107611	1.393697071932922e-133	1.2329993779513659e-76	5.026821008604746	21.954080000000115	51.572392964909696	11.739368069825757	0.29376445339129004	0.16488390146991302	0.46548358372427706	4.788854525412442	7.390204833578778e-05	0.000615059573965	0.000301909835723	4.3467528433653115e-06	1.752863760305314	3.4910111967005162e-118	0.7678524142738311	0.145598297653658	8.890537145816086
208.0.8.0	0.38744259813466303	0.020014697334915	1.465259948575481	3.08066454814198	6.469638455097755e-136	-9.945164484272463e-78	5.016881623181562	21.954080000000115	51.536630868251144	11.737220271110054	0.29376469167969504	0.164352252852559	0.46548358372427706	4.788854525412442	7.366375993123705e-05	0.000615059573965	0.000250418980331	3.563235980863439e-06	1.7128789003658111	6.910003481257554e-120	0.758444677467996	0.14391695124546502	8.717485557235612
212.0.4.0	0.37804822777408803	0.018888075134469003	1.383242405571608	2.98103605826031	3.113562960600472e-139	3.3848335147987083e-79	5.00708334657145	21.954080000000115	51.50290216219365	11.73517686870141	0.293764915866074	0.16385206746185202	0.46548358372427706	4.788854525412442	7.343957355166131e-05	0.000615059573965	0.00020816237809200003	2.9267881543911828e-06	1.673798049816119	6.04499609544156e-122	0.7491465862485881	0.14222972303421802	8.549431558555382
216.0.	0.36917637764739103	0.017829834907319	1.306461327139814	2.883471114898412	-2.4805374920251283e-140	8.404592334010221e-81	4.997424006895999	21.954080000000115	51.4710737985271	11.733232843608805	0.293765126929699	0.16338116043453302	0.46548358372427706	4.788854525412442	7.322850992698762e-05	0.000615059573965	0.000173414269983	2.408871142801116e-06	1.6356022939765782	-1.3200077003981771e-123	0.73995815360045	0.140539153581513	8.386271952005849
219.0.6.0	0.360794490803923	0.016836479913701	1.234515169362183	2.7881374171380973	-1.744832127266836e-142	-1.8043260262795251e-81	4.987901455673524	21.954080000000115	51.44102324819788	11.731383389774425	0.293765325766676	0.162937532453603	0.46548358372427706	4.788854525412442	7.302967295019644e-05	0.000615059573965	0.000144782552844	1.986635438244083e-06	1.5982728148799992	-7.250652751244714e-125	0.730879230358903	0.138847564979544	8.227892206808903
223.0.20000000000002.0	0.352871915127901	0.015904505176989003	1.1670395142875951	2.695167923085884	-6.809115541625745e-145	1.1120292388181649e-82	4.978513569285777	21.954080000000115	51.41263749851948	11.729623913303623	0.29376551319848604	0.16251935070029602	0.46548358372427706	4.788854525412442	7.284224113987112e-05	0.000615059573965	0.00012114246397800001	1.64176221085131e-06	1.561790955733375	-1.757746030766671e-126	0.7219095257244611	0.13715707629607501	8.074169477237724
226.0.8.0	0.34537984596230903	0.015030445708295	1.10370315401868	2.604664758099522	1.670830162839593e-148	-2.367983953853888e-84	4.969258250184861	21.954080000000115	51.38581215929697	11.72795002928229	0.293765689979518	0.162124932048717	0.46548358372427706	4.788854525412442	7.266546010792269e-05	0.000615059573965	0.00010158373653100001	1.359544602445694e-06	1.5261382703603732	-2.3190880028066083e-128	0.713048625275122	0.135469618077376	7.924975109980737
230.0.4.0	0.338291257227323	0.014210913324490001	1.04420460815241	2.516702832953994	2.8846961943784366e-149	-2.026039090401222e-85	4.96013342787453	21.954080000000115	51.36045066538925	11.726357556876403	0.293765856803722	0.161752728217088	0.46548358372427706	4.788854525412442	7.249863590428216e-05	0.000615059573965	8.536844510477297e-05	1.128158451349673e-06	1.491296560764345	7.814691195618099e-131	0.70429600679642	0.13378694594902202	7.780176714849077
234.0.	0.33158082470848305	0.013442624015182002	0.9882690294357511	2.431333171069875	1.949927940072253e-151	2.372749189309551e-86	4.95113705969555	21.954080000000115	51.33646356460969	11.724842513244178	0.29376601431049904	0.16140131262725102	0.46548358372427706	4.788854525412442	7.234112912724384e-05	0.000615059573965	7.18973407106303e-05	9.380829674372163e-07	1.457247905296923	1.36959329673142e-131	0.695651054207273	0.132110653355639	7.639639863794861
237.0.6.0	0.32522484445583505	0.012722417559581001	0.935645455872631	2.348585949968885	7.318021788251344e-154	-1.146562745572109e-87	4.942267131440867	21.954080000000115	51.313767881121365	11.72340110666377	0.29376616308992304	0.161069368756869	0.46548358372427706	4.788854525412442	7.219234970284253e-05	0.000615059573965	6.0682932636027115e-05	7.816401372085236e-07	1.423974679399287	4.141064292920574e-133	0.687113069822971	0.13044218348129302	7.503229474839792
241.0.20000000000002.0	0.319201148620445	0.012047270854387001	0.8861043710720321	2.268473266538618	-1.5980908007026067e-157	7.194413224270818e-90	4.933521657823047	21.954080000000115	51.292286545617	11.722029729180388	0.29376630368737705	0.16075567979722802	0.46548358372427706	4.788854525412442	7.205175224941511e-05	0.000615059573965	5.1327937251318844e-05	6.52628178776827e-07	1.391459570473671	7.086932837203654e-135	0.6786812851647911	0.128782840392192	7.370810929925586
244.0.8.0	0.31348902054414	0.011414306194201002	0.8394355381855271	2.19099163879399	-2.896576903631734e-158	3.420196474372599e-90	4.924898682813432	21.954080000000115	51.2719478845917	11.720724949000545	0.29376643660767204	0.160459119454285	0.46548358372427706	4.788854525412442	7.191883195456974e-05	0.000615059573965	4.350800032505683e-05	5.460295391682469e-07	1.359685588118879	3.511554549569082e-137	0.670354870498119	0.127133799442974	7.242250968907086
248.0.4.0	0.308069110497806	0.010820795549143001	0.79544607622967	2.116124258882792	-2.017948704854779e-160	-2.891901798652124e-91	4.91639627987005	21.954080000000115	51.25268516192532	11.719483502802271	0.293766562318725	0.16017864375199	0.46548358372427706	4.788854525412442	7.179312090137869e-05	0.000615059573965	3.6957825872548096e-05	4.5777801338097007e-07	1.328636070707572	-2.2401535705320003e-138	0.6621329432570301	0.12549611698708701	7.117418395895839
252.0.	0.302923353119862	0.010264161710767002	0.753958750850475	2.043843013319843	-8.031968470855446e-163	1.072771545891467e-92	4.908012552069017	21.954080000000115	51.23443616679811	11.718302288085033	0.293766681254837	0.15991328371541902	0.46548358372427706	4.788854525412442	7.167418478891303e-05	0.000615059573965	3.146002361569174e-05	3.8457279250654357e-07	1.298294689080688	-9.069804661958066e-140	0.654014575492568	0.12387073943073801	6.996184628883292
255.0.6.0	0.29803488732789	0.009741977026575002	0.714810454620816	1.9741102870330471	-3.359667203714397e-166	1.604987505875393e-94	4.899745632152398	21.954080000000115	51.21714284267859	11.717178355648327	0.293766793819627	0.159662138827315	0.46548358372427706	4.788854525412442	7.15616199994186e-05	0.000615059573965	2.6836128730993264e-05	3.2372979640623997e-07	1.268645447974163	-1.9163661402432202e-141	0.645998800464052	0.12225851166865401	6.878424118971044
259.0.2.0	0.293387979252192	0.009251960313818001	0.67785085474617	1.9068805679168652	2.5533144758237922e-167	-4.972571008417409e-95	4.891593682503722	21.954080000000115	51.200750952753246	11.71610890226178	0.29376690038865505	0.15942437116544803	0.46548358372427706	4.788854525412442	7.145505097064529e-05	0.000615059573965	2.2939359600590253e-05	2.730626580400908e-07	1.23967268566643	-1.9698550520580118e-143	0.6380846184772441	0.12066018493854101	6.764014661548201
262.0.8.0	0.288967948561328	0.008791972433109	0.642941188584155	1.842101868337295	1.950571331677815e-169	3.307096473195559e-96	4.883554895061043	21.954080000000115	51.18520977772359	11.715091263569333	0.293767001311789	0.159199200140234	0.46548358372427706	4.788854525412442	7.135412783721165e-05	0.000615059573965	1.9648767983382172e-05	2.307873145051478e-07	1.211361072234775	2.693477092287721e-145	0.630271002059777	0.11907642412963101	6.652837618317504
266.0.40000000000003.0	0.284761098408438	0.008360010909437	0.609953189663616	1.7797169795166772	8.705498314823764e-172	-8.64817019836239e-98	4.875627491176092	21.954080000000115	51.170471842385034	11.714122907255103	0.29376709691531705	0.158985897762381	0.46548358372427706	4.788854525412442	7.125852430953115e-05	0.000615059573965	1.68645063008554e-05	1.954454137998715e-07	1.1836956067290831	1.832564587033255e-146	0.6225569005526801	0.117507814579186	6.544778066119838
270.0.	0.28075464911679704	0.007954203910531001	0.578768128931193	1.719664574025364	1.148356675408233e-174	-4.624147716114636e-99	4.867809721427092	21.954080000000115	51.15649266783118	11.713201426487114	0.29376718750386305	0.15878378437929902	0.46548358372427706	4.788854525412442	7.116793576284661e-05	0.000615059573965	1.4503992458419491e-05	1.658427368230594e-07	1.156661613508419	4.750801242336557e-148	0.614941244186762	0.11595486838922801	6.439724885981076
273.0.6.0	0.27693667563782504	0.007572803827997	0.549275957772767	1.66188017078296	-1.9397779738902052e-176	6.61076949390949e-100	4.860099865391762	21.954080000000115	51.14323054650328	11.712324533646695	0.293767273362114	0.15859222482680202	0.46548358372427706	4.788854525412442	7.108207751239499e-05	0.000615059573965	1.249879685128499e-05	1.4099961698372788e-07	1.1302447379358331	6.877522463390308e-150	0.60742294770393	0.11441803029418801	6.337570803651527
277.0.2.0	0.27329604875003505	0.007214180653504001	0.521374540971556	1.60629697607307	-1.750228291644879e-178	-3.5547862587864423e-101	4.852496231386333	21.954080000000115	51.130646337635625	11.711490054345136	0.293767354756373	0.158410624949301	0.46548358372427706	4.788854525412442	7.100068325373685e-05	0.000615059573965	1.079211134186322e-05	1.201109588931654e-07	1.104430941586949	-1.024035713540463e-153	0.600000913576	0.11289768310858701	6.238212391076465
280.0.8.0	0.269822379919112	0.0068768152987050005	0.494968969192325	1.5528466131397	-9.012699805905305e-181	4.973842267254532e-103	4.844997156175571	21.954080000000115	51.11870328093582	11.710695921724716	0.29376743193597704	0.158238428447555	0.46548358372427706	4.788854525412442	7.092350364989533e-05	0.000615059573965	9.336687941518696e-06	1.025139476089397e-07	1.079206497096257	-3.3313239818864703e-153	0.592674034866985	0.11139415278228401	6.141550036682365
284.0.40000000000003.0	0.266505969704234	0.006559292972162001	0.46997094184038	1.501459751989136	-2.031077808433121e-183	8.321715496481644e-104	4.8376010046583	21.954080000000115	51.107366826592944	11.709940171038065	0.293767505134577	0.15807511401805402	0.46548358372427706	4.788854525412442	7.085030504921126e-05	0.000615059573965	8.093157180825859e-06	8.766192800604386e-08	1.054557982739852	-1.093477576637486e-154	0.585441197779217	0.109907713089317	6.047487891048006
288.0.	0.26333775957117	0.006260296697845001	0.44629821225230504	1.4520666500892792	1.175291585915199e-185	-8.236190465301565e-105	4.830306169532258	21.954080000000115	51.09660447992896	11.709220934497544	0.29376757457130703	0.15792019275253302	0.46548358372427706	4.788854525412442	7.07808683197868e-05	0.000615059573965	7.028653890766859e-06	7.510324156779393e-08	1.030472276833235	-2.008092530681934e-156	0.5783012839186961	0.108438589974853	5.955933793418323
291.0.6.0	0.260309286956423	0.00597860103678	0.42387408814925004	1.404597613754504	1.435075848759823e-187	3.5627395686370136e-106	4.8231110709417315	21.954080000000115	51.08638565920259	11.708536436384993	0.293767640451838	0.157773205769889	0.46548358372427706	4.788854525412442	7.0714987788096e-05	0.000615059573965	6.115692275668057e-06	6.446405208624978e-08	1.006936552006792	-1.3780945796881741e-158	0.5712531723108111	0.10698696558337001	5.866799183581865
295.0.2.0	0.25741264341686304	0.0057130660550400005	0.402626981138244	1.358983389138725	8.716973755579867e-190	5.27124482384255e-109	4.816014156110955	21.954080000000115	51.07668156524638	11.707884988411235	0.293767702969355	0.157633722056111	0.46548358372427706	4.788854525412442	7.065247027082639e-05	0.000615059573965	5.331243474179627e-06	5.54343857788139e-08	0.98393826940878	5.0843999419951904e-160	0.5642957411938141	0.10555298198974801	5.7799990028439385
298.0.8.0	0.25464043569454603	0.005462631566778	0.38248999979630005	1.315155490939679	2.7497073727836303e-192	-1.263422850528414e-108	4.809013898965926	21.954080000000115	51.06746506176655	11.707264985314259	0.293767762305436	0.157501336490702	0.46548358372427706	4.788854525412442	7.059313419030766e-05	0.000615059573965	4.655977860218377e-06	4.775676563232767e-08	0.96146517287535	2.337156830154678e-161	0.557427869614194	0.104136744653698	5.69545158716463
302.0.40000000000003.0	0.25198574952548003	0.005226311669595	0.363400581528729	1.273046476147926	-3.9371763966102344e-195	9.720178396281619e-110	4.802108799746896	21.954080000000115	51.058710565267155	11.706674900684856	0.29376781863086104	0.157375668040583	0.46548358372427706	4.788854525412442	7.05368087650106e-05	0.000615059573965	4.07364159275912e-06	4.1216942665477304e-08	0.939505283099009	5.268143800924366e-163	0.550648438845281	0.10273832561661501	5.6130785549749955
306.0.	0.24944211602302502	0.005003189580734001	0.34530015896807204	1.232590169456606	-1.0444582855035892e-196	-3.2511840103607125e-111	4.795297384613625	21.954080000000115	51.05039394367569	11.70611328300851	0.293767872106359	0.157256358104699	0.46548358372427706	4.788854525412442	7.048333326758441e-05	0.000615059573965	3.570542747123975e-06	3.563632476356505e-08	0.91804689182032	6.163914279779328e-165	0.5439563336478961	0.10135776645880701	5.532804691718852
309.0.6.0	0.247003480470763	0.004792412775792	0.328133857183715	1.193721846283528	-7.759655308059377e-199	-8.042873141911954e-113	4.788578205245166	21.954080000000115	51.042492422847836	11.705578751912576	0.293767922883282	0.157143068994401	0.46548358372427706	4.788854525412442	7.043255634375781e-05	0.000615059573965	3.135127040693609e-06	3.086578194709901e-08	0.8970785560623641	-4.935774920616641e-167	0.537350443389735	0.099995081033852	5.454557832778455
313.0.2.0	0.244664173365215	0.004593188426601	0.31185021841319005	1.156378378744786	-3.143028081615076e-201	1.743744442975111e-113	4.781949838435705	21.954080000000115	51.03498450021929	11.705069994608076	0.29376797110424	0.15703548253642902	0.46548358372427706	4.788854525412442	7.038433538618461e-05	0.000615059573965	2.757626932764689e-06	2.6780569445636033e-08	0.8765890924233001	-4.582805929748156e-168	0.5308296630382431	0.098650257995781	5.378268746117404
316.0.8.0	0.24241888355551802	0.004404779131102	0.29640095141239703	1.120498349357384	-2.834384171765309e-204	-1.0901041092348362e-114	4.775410885687877	21.954080000000115	51.027849864950575	11.704585762515848	0.29376801690366805	0.156933298786736	0.46548358372427706	4.788854525412442	7.033853595797073e-05	0.000615059573965	2.4297709143461618e-06	2.327615998437473e-08	0.8565675714388851	-1.274364701707626e-169	0.52439289404011	0.097323263133754	5.3038710157035265
320.0.40000000000003.0	0.24026263333446102	0.004226498925370001	0.28174070286032804	1.086022136735325	6.323265794569245e-206	2.5351856296004592e-116	4.768959972804753	21.954080000000115	51.02106932398047	11.704124868067177	0.293768060408365	0.15683623484470202	0.46548358372427706	4.788854525412442	7.02950312611999e-05	0.000615059573965	2.144542254447918e-06	2.026481679241567e-08	0.8370033120241771	-2.004457518062995e-171	0.518039045099019	0.096014041527923	5.231300926549786
324.0.	0.238190755343054	0.004057709566091	0.267826848550416	1.052891977076512	6.263093418717033e-208	1.768873659454252e-117	4.762595749481511	21.954080000000115	51.01462473346455	11.703686181669566	0.29376810173798	0.156744023758443	0.46548358372427706	4.788854525412442	7.025370164628287e-05	0.000615059573965	1.8959784506743158e-06	1.7672771029502302e-08	0.8178858760013611	-4.988114002479913e-174	0.5117670328620361	0.094722519539255	5.160497352024806
327.0.6.0	0.236198871158689	0.0038978170705370003	0.25461930236064	1.021052004814095	3.1517268280271564e-210	-2.253168802202744e-118	4.756316888897766	21.954080000000115	51.00849893512966	11.703268628828686	0.293768141005468	0.15665641351287402	0.46548358372427706	4.788854525412442	7.021443415840186e-05	0.000615059573965	1.679004236081029e-06	1.543789319754886e-08	0.7992050627189181	7.966099779526552e-175	0.505575782523858	0.093448606645258	5.09140164393046
331.0.2.0	0.23428287144484403	0.003746268500439	0.24208034122270203	0.9904482754225841	7.713496877741248e-213	1.15825575548021e-119	4.750122087311321	21.954080000000115	51.00267569712286	11.702871187418081	0.293768178317509	0.15657316609309901	0.46548358372427706	4.788854525412442	7.017712211771588e-05	0.000615059573965	1.489292295041854e-06	1.350776892695656e-08	0.78095090376592	2.8657073378481e-176	0.49946422835718907	0.092192197132705	5.023957525717233
334.0.8.0	0.23243889754806502	0.0036025489758230002	0.23017444451086402	0.961028773023146	-2.5382984655634473e-215	-1.328536555995774e-121	4.744010063654072	21.954080000000115	50.997139658975755	11.702492885088612	0.29376821377489604	0.15649405661645902	0.46548358372427706	4.788854525412442	7.014166473034013e-05	0.000615059573965	1.3231468972974772e-06	1.183810631204771e-08	0.763113657784065	5.629167918328074e-178	0.49343131417657904	0.090953171657733	4.958110989103464
338.0.40000000000003.0	0.23066332443551602	0.003466178904878	0.218868146447098	0.93274340512131	-4.4717518660423285e-217	-2.947144177696922e-122	4.7379795591306415	21.954080000000115	50.99187628034289	11.702132796810092	0.29376824747289904	0.15641887252727102	0.46548358372427706	4.788854525412442	7.010796672741987e-05	0.000615059573965	1.177406518643356e-06	1.039141551992945e-08	0.7456838053791981	4.82002824353645e-180	0.487475993742336	0.08973139868294401	4.893810194279602
342.0.	0.228952744873643	0.0033367114161310003	0.208129900273985	0.9055439865307471	-2.8137728361060002e-219	2.762710584239394e-123	4.7320293368203	21.954080000000115	50.986871793205644	11.701790042538006	0.293768279501596	0.15634741284886602	0.46548358372427706	4.788854525412442	7.007593802989128e-05	0.000615059573965	1.049362216730858e-06	9.135912350743684e-09	0.728652044133245	-1.109776820724522e-181	0.48159723111040004	0.088526735800509	4.831005373809035
345.0.6.0	0.22730395475547602	0.003213729979611	0.197929953083049	0.8793842142864301	-1.0347020132989451e-221	-1.153470793557978e-124	4.726158181282618	21.954080000000115	50.98211315726389	11.701463784998525	0.293768309946189	0.15627948748810902	0.46548358372427706	4.788854525412442	7.004549343676126e-05	0.000615059573965	9.366891016046839e-07	8.044606296312214e-09	0.712009283716969	-5.970155670932582e-183	0.475794000933474	0.08733903094961701	4.769648740281015
349.0.2.0	0.225713939490637	0.0030968462041400004	0.18824023030630002	0.8542196351265551	-4.7925018045052715e-225	-4.505854002338369e-127	4.720364898167227	21.954080000000115	50.97758801826278	11.701153227585586	0.29376833888729104	0.15621491658802802	0.46548358372427706	4.788854525412442	7.001655233495379e-05	0.000615059573965	8.373887073274689e-07	7.0945408351393504e-09	0.6957466411034271	-1.436346151537514e-184	0.47006528871816206	0.08616812353604501	4.709694397726133
352.0.8.0	0.22417986137841	0.002985697798477	0.17903422898460403	0.8300076069227621	2.6675189310432655e-226	4.324703923097485e-127	4.7146483138280555	21.954080000000115	50.97328466902681	11.700857612363935	0.293768366401197	0.15615352992463502	0.46548358372427706	4.788854525412442	6.99890384289579e-05	0.000615059573965	7.497404530283558e-07	6.266159541566744e-09	0.6798554358816441	-1.8733432387663347e-186	0.464410091042383	0.08501384546108201	4.651098256768838
356.0.40000000000003.0	0.222699047890026	0.0028799466846770004	0.170286919020002	0.8067072552603161	2.235039562490496e-228	-3.2330067973016663e-128	4.709007274942298	21.954080000000115	50.96919201299346	11.700576218172635	0.29376839256013804	0.15609516634435702	0.46548358372427706	4.788854525412442	6.996287948868372e-05	0.000615059573965	6.722606948275542e-07	5.542776335938343e-09	0.664327185669731	7.101431689028303e-189	0.45882741573690505	0.083876022066525	4.59381795346341
360.0.	0.22126898079185	0.0027792772526430004	0.16197465170173	0.7842794262115791	-4.4244925759620284e-231	-9.273994118752777e-130	4.7034406481343805	21.954080000000115	50.96529953005793	11.700308358823637	0.29376841743251203	0.15603967323888202	0.46548358372427706	4.788854525412442	6.993800711408229e-05	0.000615059573965	6.03668127144259e-07	4.910132070956751e-09	0.6491536016264	-6.385626601575283e-190	0.45331628203446206	0.082754473001983	4.537812771737664
