time	Active_R2	Active_Rec	Active_Rec_endo	Inactive_Rec	S2_c	S2_n	S4_c	S4_n	S7	Smad7mRNA	Smad7mRNA1	TGFb	TGFb_In	TGFb_R1_endo	TGFb_R1_surface	TGFb_R2_endo	TGFb_R2_surface	pS2_c	pS2_n	pS2_pS2_S4_c	pS2_pS2_S4_n	pS2_pS2_pS2_c	pS2_pS2_pS2_n
0.0.	0.0	0.0	0.0	0.0	1146.018038384658	189.76147011534192	143.91643145015448	203.5893353738455	12.42432310772068	0.103311072468887	0.6721641187789861	100.0	0.0	30.57468258089889	39.145316324701106	33.85063901428154	15.34190486771847	0.0	0.0	0.0	0.0	-7.31511930420656e-99	1.362547148802608e-107
14.0.5.0	0.126155962480924	0.9629930865454881	0.509973127218615	3.777751881333263	744.345374955384	131.30885343340194	46.15108199977885	175.30295658135435	8.71851247119269	0.141332198433679	1.624866382142929	99.4765614394397	0.048307833261324006	34.82038475050366	24.717499725043343	43.58700332338042	0.026868678184325003	0.639648941994973	0.48868485123319005	52.438371696316146	118.94033430060976	30.130806744429425	77.94328905581425
29.0.	0.132904517353358	0.92339415068257	0.49118199287344605	3.773912593975899	598.0273357233095	108.06497470258661	46.68801443743911	172.6090962892917	9.084646742070356	0.46041043014395705	5.011015593591914	98.9558695513959	0.046882116898125006	33.30715310938252	22.942446244893077	43.439658923694275	0.027549608282296002	0.572178503626793	0.540266700693521	42.129802663454335	141.1774677830751	26.652240646453933	190.6700884452568
43.0.5.0	0.132804663627373	0.8274724549664341	0.442965858721642	3.7890816811954853	535.2468186919458	97.9516674225392	50.421772105073565	167.15106062440637	10.180077439435747	0.9523843219587951	8.486344125275208	98.43790297754617	0.043074091758367	32.32688893582877	21.776214545338245	43.36846269703622	0.027659678106327003	0.515808208694696	0.5667920945041961	36.928137663111805	149.57131811337663	19.77021503534133	252.91268152540988
58.0.	0.127738163534831	0.699604140065728	0.37601618537099	3.814276707895946	523.3934598444671	95.90391416660232	54.93167788361841	164.86670112448297	12.121082817516706	1.417129232535356	11.054762776123036	97.92264736688252	0.037544550367235	31.700314871073246	21.01922126687208	43.34448728416912	0.027346300663036	0.46798322350227406	0.57332424295507	33.093641581063515	150.5048582203068	14.666988387923576	278.23459752270134
72.0.5.0	0.12122761334191301	0.578553848016996	0.31116105338521904	3.836872825006994	541.6569555188369	98.62867310269014	59.70407919833066	164.73316811997807	14.74307875837958	1.7388024873889032	12.372579790391141	97.41008850360467	0.032042403067109	31.290368766354515	20.52962232261586	43.316720533303474	0.026898485536978003	0.42874064197619505	0.5671598199147061	30.16906134759986	146.9427490623146	11.127234518671193	280.5289184169602
87.0.	0.11533348185940201	0.48234687153922606	0.259034245779306	3.851371214090207	575.8715497167174	103.89122363470568	64.30075204215399	165.83742562908978	17.74908678861613	1.8858359904340012	12.563131090951856	96.90021229804877	0.027556459609563003	31.013051421333895	20.215904688398677	43.26000710476518	0.026489770135167002	0.39798938572775805	0.5539484595890031	27.979275426635223	141.02471770748565	8.744645969680256	269.5230841272943
101.0.5.0	0.110591908225873	0.41148185232495904	0.22046695037455002	3.85782074702065	616.8821557287573	110.24434223412806	68.46869488018015	167.61057732788476	20.839284346380133	1.881818876164457	11.950028952542118	96.3930047501022	0.024213623673813002	30.82148272310339	20.0209650908052	43.17275618722375	0.026168608214468002	0.374590222156483	0.5373665565493521	26.376546041387307	134.12113910313408	7.160192125815448	251.76499840048524
116.0.	0.10689523755640201	0.360562753131617	0.19272465362090702	3.858036909803531	659.1462945449722	116.81030374160297	72.11566872267407	169.68745749512615	23.782424133670116	1.772757209181597	10.874834256424451	95.88845192836118	0.021799430302231002	30.68813713510076	19.907892469447216	43.0617196807258	0.025929191535399004	0.35701735347535	0.519712717575436	25.22315827286135	127.05708678795689	6.099885316221719	231.41040390046913
130.0.5.0	0.10399860625870101	0.32401893260354503	0.172822279509513	3.853834125869832	699.5203163969895	123.0906419178262	75.23980993037055	171.833146112324	26.43496610260333	1.6051682023452911	9.611672324667177	95.38653996460157	0.020061963820168	30.595310995731115	19.851738296444363	42.93413516037273	0.025753243375495	0.343865069357672	0.5023728460469601	24.402757301130233	120.30391769882833	5.378325908643868	210.93469959710166
145.0.	0.101684231034788	0.297563303294742	0.15842825515147602	3.846596078882238	736.380120444335	128.82756974618937	77.87974232700385	173.90147514363463	28.7305151923029	1.4158127819313662	8.34572418668502	94.88725505497567	0.018800805284169	30.530911195196644	19.835195977639707	42.795626881783456	0.025623958343511003	0.334007361178555	0.486143535673059	23.824138087287444	114.1129623019367	4.877299631346066	191.70699523512818
159.0.5.0	0.09979004196178601	0.278173278090085	0.14789096956619102	3.837295158153355	769.0402922845245	133.91202529667368	80.08892296183723	175.80811290992818	30.658379999942884	1.229278611909215	7.183506910275134	94.39058346162415	0.017873147771375	30.48646383731887	19.846136893346724	42.65016861864625	0.025528671326633	0.32659050283309005	0.47144156015438904	23.418576418622816	108.59908660330571	4.522477252627683	174.3981613769132
174.0.	0.098201535919856	0.263769529034666	0.140073073296086	3.826599364991186	797.3804247230801	138.32434885987425	81.92408038593821	177.51142361940535	32.24208560769769	1.059520723437297	6.173805573754843	93.89651151430881	0.017180512452036	30.4559907088468	19.876040844466825	42.50048993204497	0.025458372357411004	0.320979611448358	0.45843759536836204	23.13531215741429	103.79198956804366	4.266605180045813	159.25256813665615
188.0.5.0	0.09683857320229901	0.25292235162750504	0.13419288663710202	3.8149675082537433	821.6049996912811	142.09615213175283	83.44012257124965	178.99832917507013	33.522408684656064	0.9127249141294661	5.3283484215415395	93.40502561129804	0.016655241031752	30.435277272905463	19.918926165624708	42.34845996860647	0.025406724689077002	0.31670492264820804	0.44714401196789205	22.93731567607322	99.66899260443827	4.07898401991099	146.26417781591385
203.0.	0.095644681252637	0.244640163600941	0.12970878652532	3.802717306202657	842.0891585526391	145.28588053712775	84.6877736519234	180.2738692724812	34.54583763013875	0.7901059319543481	4.6380099919973325	92.91611222008402	0.016250500140224	30.421361278105	19.970599584321675	42.19536656221024	0.025369244435826003	0.313419022664295	0.437474859919171	22.797873700377583	96.17703429707099	3.939187702696586	135.28911999927305
217.0.5.0	0.094579571941383	0.238227343786297	0.126241215311339	3.790071083522276	859.2808123641425	147.96336394967466	85.7124401728706	181.353660837192	35.357681649405826	0.690097196296328	4.083881987558549	92.42975787765893	0.015933507526257003	30.412167471289045	20.028126041264315	42.04210454127064	0.025342720242397	0.310865016083195	0.429287924807752	22.697958497766418	93.24774009568787	3.833329259965674	126.11662336944454
232.0.	0.09361412140479501	0.233190279455387	0.12352111148481801	3.77718597877175	873.6403385221722	150.20034581880608	86.55375862634365	182.25864003341948	35.99855516510561	0.6098479108528131	3.6440521190789	91.94594919027054	0.015681049611614	30.406246179558703	20.089453983418196	41.889300388031685	0.025324821898579	0.308853153265905	0.42241420760458603	22.624221121868246	90.80759874431072	3.7518013006188697	118.51264875328845
246.0.5.0	0.09272701585521101	0.229175028118168	0.12135572027152801	3.76417400874502	885.6054442081947	152.0649942552712	87.24559795242598	183.0115612547271	36.50303943650355	0.5461402818898711	3.297309924100179	91.46467283379481	0.015476512048607002	30.40258710226705	20.153151188692462	41.73739502302217	0.025313838015148003	0.307243578948286	0.41667802094135503	22.56746279006481	88.78451553444523	3.687869734181946	112.24565113534686
261.0.	0.09190248511921101	0.225925445186091	0.11960565799976001	3.751115564337744	895.5726876922057	153.6190327953582	87.81637727228834	183.63480301905003	36.89960216482959	0.495890168230096	3.024875311585671	90.9859155532865	0.015307890448989002	30.400487457759198	20.218219031480835	41.58669944389108	0.025308498298687	0.305933486917402	0.41190994171919704	22.52147478721743	87.11169113609233	3.636770283335854	107.10074010499227
275.0.5.0	0.09112874559544201	0.223254643714227	0.11816930010014101	3.738068622602162	903.8897330954156	154.91654909513593	88.28958222724104	184.14910760162232	37.21115163711552	0.45637875395020305	2.8109674344557862	90.50966416283198	0.015166438332957001	30.399459116254135	20.28396220463686	41.43743267149666	0.025307851089579003	0.30484750063396604	0.40795441248866005	22.482166089988112	85.72959403807334	3.595110163946241	102.88644625346299
290.0.	0.09039691240248601	0.22102526255456	0.11697200068438302	3.725075124066927	910.8542311787189	156.00383374060473	88.68438105191727	184.57295895733571	37.45584212046212	0.42532597714656	2.642758657638547	90.03590554528925	0.015045734821657001	30.399163469834104	20.349897496484317	41.289748002308805	0.025311177503566002	0.303930462397193	0.404673488633276	22.446916573231007	84.58664406652167	3.56046160196148	99.43691596249937
304.0.5.0	0.08970022761781901	0.219135650225974	0.11595855345738501	3.7121654454798163	916.7165229014032	156.91981025426315	89.01626385276235	184.92237526313835	37.6479161438089	0.400879981923831	2.510046940231987	89.56462665200068	0.014941033424865002	30.399365907183604	20.41568999331563	41.1437514009032	0.025317930271286003	0.303142044729304	0.401947961425385	22.414105866401126	83.63908357268866	3.531080331836603	96.61141443652463
319.0.	0.08903350644829701	0.21751009256108703	0.11508786198532502	3.699361564226742	921.6843080763057	157.6967671978274	89.29765314425937	185.21095434615017	37.79847794655285	0.38156824339340906	2.404834718927821	89.09581450248751	0.014848802135741001	30.399904062059335	20.481108484705935	40.99951452476732	0.025327689645172003	0.302452746215842	0.39967681968948704	22.38277682280399	82.85038399387729	3.505708081314363	94.29236689478525
333.0.5.0	0.08839273534375301	0.21609183470183402	0.114329138403817	3.6866793224267242	925.9280915315423	158.3612084661492	89.53845516091482	185.45005988538986	37.916155936281605	0.36623626420483	2.320911184949498	88.62945618413097	0.014766395692835001	30.400665712455666	20.54599430693999	40.85708402892113	0.025340131251175003	0.30184093720842703	0.39777576383844804	22.352400211515093	82.19042764390447	3.483432942820472	92.38272311464893
348.0.	0.08777477828276001	0.21483806383516602	0.11365917132628901	3.674130055432636	929.5866881811619	158.9347109428511	89.74653845998918	185.64907422608846	38.00764689799557	0.35398718572026305	2.253481122157369	88.16553885184513	0.014691820192809001	30.401573412506952	20.610239569077237	40.716488263515174	0.025355002475536	0.301290695280791	0.39617526878483605	22.322713741240076	81.6346196456073	3.4635902575078372	90.80312733553532
362.0.5.0	0.087177160578412	0.21371627748079103	0.11306034946153101	3.661721771768086	932.7723824924711	159.4347273609235	89.92813752726562	185.81567108944614	38.078151175436126	0.34412827393910905	2.198854325804149	87.70404972774399	0.014623562920808	30.402573817666315	20.673771933551617	40.57774212569587	0.025372104996464	0.30079022977340003	0.39481852039628	22.293614516741826	81.1630230966933	3.445692160926067	89.4891739838361
377.0.	0.08659790881422401	0.212701639348151	0.11251922340784101	3.6494600128782153	935.5755435257881	159.87530396353458	90.08818594933105	185.95608062234723	38.131714609428556	0.336126178700616	2.154194960410364	87.24497610080493	0.014560468589937	30.40363027493685	20.736543972434596	40.440850594888104	0.025391281786647003	0.30033074125756304	0.39365942143932303	22.265089022838172	80.75956770746866	3.429377485447352	88.38889783076282
391.0.5.0	0.08603543169807	0.21177504363778601	0.112025453298722	3.637348482982895	938.0686246799199	160.2677022571564	90.23058711891962	186.07533203230386	38.17149414491077	0.329570831764531	2.117323892314693	86.7883053265297	0.014501648833374	30.404717682623758	20.798525718695828	40.305811322629225	0.025412407390995	0.299905599189046	0.392660773009226	22.237168887640795	80.41135422872966	3.4143761396443413	87.4605639990681
406.0.	0.08548843092347401	0.21092169050338402	0.11157103470905201	3.625389512906021	940.30955276079	160.62092574488622	90.35843162460381	186.17746725813984	38.19996265194084	0.32414696806617305	2.086565093273192	86.33402482660462	0.014446415663257	30.405818926425173	20.859699449069875	40.172616539503224	0.025435380618283	0.299509750482769	0.391792678071173	22.209903957263688	80.10805985227957	3.4004837753999553	86.67077282166082
420.0.5.0	0.08495583415541301	0.21013003231462501	0.111149726317673	3.613584403364916	942.3445518563356	160.94215879297778	90.47417033463529	186.2657241298195	38.21906619451827	0.31961198692833004	2.06062740541588	85.8821220885603	0.014394232297705001	30.406922409751893	20.92005602638338	40.041254466147976	0.025460119021429	0.299139294586506	0.391031176968458	22.18334672141919	79.84144003222595	3.387543755157659	85.99286587256397
435.0.	0.084436744411233	0.20939099029540903	0.11075662461551301	3.601933680290284	944.2104664032257	161.2371276720078	90.57975135422816	186.34269032195417	38.230344523868425	0.315778901436507	2.038514041557168	85.43258466543149	0.014344676639621001	30.408020343227847	20.97959233233165	39.911710362247725	0.025486554709780004	0.298791178023172	0.39035710371729804	22.15754398671736	79.60491727030916	3.375434292181051	85.40560480252924
449.0.5.0	0.08393040165012901	0.20869736931308103	0.11038784633012001	3.590437285620613	945.9366534093986	161.51039465564608	90.676727923204	186.41043086263414	38.235023333099114	0.312503280561696	2.019453527306218	84.98540017541764	0.014297414018668	30.409107560663927	21.03830946333744	39.7839673099222	0.02551463115814	0.298462974385571	0.38975514126133903	22.132533033743954	79.3932454976245	3.364059253567609	84.89208862893145
464.0.	0.083436153496696	0.20804341861851003	0.11004029015418901	3.579094720529178	947.5465117726524	161.76559573412132	90.76634316476051	186.4705925491138	38.234084917946674	0.30967327981298504	2.002847070799122	84.5405563015442	0.014252176749600002	30.410180699957756	21.096211460891503	39.65800680126905	0.025544300765151	0.29815272536042703	0.389213049718702	22.108340436671536	79.2022385221767	3.353341556888521	84.43887431376133
478.0.5.0	0.082953432829522	0.20742450062276102	0.10971145715072801	3.567905153411368	949.0587106780065	162.0056315698065	90.84959652083975	186.5244886990212	38.22832235812537	0.30720203962346004	1.9882284520032392	84.0980407913251	0.014208748731478002	30.411237636822936	21.153304416652876	39.53380918078334	0.025575522977592004	0.297858825340634	0.388721041347014	22.08498237332032	79.02855178681308	3.343218405448586	84.03526750602738
493.0.	0.082481740552086	0.20683684003489403	0.10939931478477301	3.556867501638659	950.4881714318285	162.2328201371672	90.92729576947939	186.57316746132105	38.21838112923816	0.305021889299659	1.9752334274646381	83.65784145642661	0.014166953792976	30.412277093599656	21.20959584063639	39.411353979721085	0.025608262843885003	0.29757993721466003	0.38827127771852704	22.062465691493315	78.86950789088807	3.333637829818119	83.6727537636193
507.0.5.0	0.08202063229193801	0.20627733305725002	0.10910219354549401	3.5459804936923183	951.8468491345095	162.44901825403986	91.00009772860935	186.6174665709464	38.204791122999126	0.30307992408126605	1.9635763606611172	83.21994617233243	0.014126646834833001	30.413298369246316	21.265094214346366	39.29062016963189	0.025642489894487003	0.297314930517227	0.387857467331896	22.040789286875174	78.722957672239	3.324556160461048	83.3445445129266
522.0.	0.08156970808925	0.205743401667624	0.108818708025033	3.535242716557041	953.144353040971	162.65571803896648	91.06854010191533	186.6580570430295	38.18799133971565	0.30133462544515904	1.9530323409151462	82.7843428780102	0.014087707070414	30.414301153162036	21.31980867412738	39.1715863551565	0.025678177272145	0.2970628356803	0.387474544926441	22.019945535130862	78.58716995703259	3.315936166870311	83.04521593573497
536.0.5.0	0.081128604368549	0.205232881894914	0.108547696429601	3.524652651993873	954.3884376691524	162.85412327553945	91.13306639911463	186.6954779175705	38.16834897386401	0.299753274248786	1.9434234761144171	82.35101957557983	0.014050032846867	30.415285396970962	21.373748786358927	39.054230920996915	0.025715301053844	0.29682280993229404	0.387118416736264	21.99992163928448	78.46074427978574	3.307745676268053	82.77042261620988
551.0.	0.08069698766024501	0.20474393782803701	0.108288174038959	3.514208704389676	955.5853908243664	163.04520974998425	91.19404544588008	186.7301638098278	38.146174201729806	0.298309967061662	1.934608364592854	81.91996432998292	0.014013537661911001	30.416251226359673	21.426924387554614	38.93853214417206	0.02575383972027	0.29659411167164	0.386785758635225	21.980700826279083	78.34254192000837	3.299956539400204	82.51667100965231
565.0.5.0	0.080274549667465	0.20427499517892403	0.108039297261385	3.503909222202314	956.7403397162315	163.22977285318888	91.25178666881347	186.76246670760847	38.12173166815719	0.296984092123725	1.926473993155708	81.49116526865427	0.013978147088511	30.417198880575732	21.479345470427347	38.82446827987954	0.02579377373915	0.296376081043819	0.38647385650036903	21.962263369788946	78.23163148934115	3.292543849185458	82.28114057190095
580.0.	0.079861003370367	0.20382468975696702	0.10780033576598301	3.493752514519911	957.8574921905748	163.40846509315827	91.30655208146123	186.79267318721097	38.09524943317273	0.295759156186714	1.918929490315125	81.06461058119478	0.013943796391409	30.41812867101675	21.531022102584185	38.7120176272224	0.025835085236731004	0.296168125089647	0.38618048014535206	21.944587440655134	78.12724604271077	3.285485344854059	82.06154272670192
594.0.5.0	0.07945607993290901	0.20339182735236602	0.10757065079322801	3.483736863880351	958.940326686043	163.58182563369925	91.35856569408814	186.82101799344463	38.066925960081086	0.29462187975026	1.911901301014695	80.64028851904584	0.013910428672706001	30.419040952985366	21.58196436844345	38.60115857952613	0.025877757737657003	0.295969706285436	0.385903783865417	21.927649798878356	78.02874929477699	3.278760953157504	81.85600978671997
609.0.	0.07905952623207001	0.202975352376064	0.10734967820612801	3.473860536219628	959.9917417497983	163.7503035438837	91.40802091100353	186.84769474191486	38.036935590536096	0.29356149800241504	1.905329452640585	80.21818739516567	0.013877993423227	30.419936106515852	21.632182327724074	38.49186966282822	0.025921775958056004	0.29578033361786504	0.38564222802659404	21.911426346585888	77.9356090170607	3.27235243163608	81.66300753153007
623.0.5.0	0.07867110287135501	0.20257432324071803	0.107136915189859	3.464121788609441	961.0141737071654	163.9142760947683	91.45508635517963	186.87286434866576	38.00543284851076	0.292569219719557	1.8991646603653871	79.79829558370714	0.013846445386122001	30.42081452344485	21.681685985796154	38.384129565264345	0.025967125640134002	0.295599555566736	0.38539451726443	21.895892562765006	77.84737608959948	3.266243088461383	81.48126643439102
638.0.	0.07829058257219901	0.20218789294623601	0.10693190976754101	3.454518875287843	962.0096892841746	164.07406316067969	91.49991046314311	186.89666166818762	37.972555836083025	0.29163780768318903	1.893366079154547	79.3806015196973	0.013815743661385	30.42167659877407	21.730485272547266	38.27791715942955	0.026013793419196	0.295426954534237	0.385159551772355	21.881023839692833	77.76366800029508	3.260417560182028	81.3097275676453
652.0.5.0	0.077917748861239	0.20181529369515303	0.10673425249596101	3.44505005236826	962.9800585488158	164.22993855956022	91.54262511769187	186.91920072095647	37.93842892356389	0.290761252738287	1.887899554793633	78.9650936987184	0.013785850996816002	30.422522724977757	21.778590027381988	38.17321151930482	0.026061766716114	0.29526214237894205	0.38493638889372606	21.86679573903271	77.68415583974891	3.254861633597404	81.14750004804274
667.0.	0.077552394990023	0.201455824637292	0.10654356985365	3.435713581522493	963.9268123977945	164.38213898976278	91.58334852719362	186.94057881176303	37.9031648902353	0.28993452012736404	1.882736260581796	78.55176067659083	0.013756733223694001	30.423353288325966	21.8260099886538	38.06999193296906	0.026111033649762003	0.29510475679970904	0.38472421281760505	21.85318418318592	77.60855404163236	3.249562101526594	80.99382754614116
681.0.5.0	0.077194323038033	0.20110884205162902	0.106359518946652	3.426507732864914	964.8512879132039	164.53087108035498	91.6221875143996	186.96087977643512	37.86686663646307	0.289153351692901	1.877851632508775	78.14059106905752	0.013728358805067	30.424168666583107	21.87275478631065	37.96823791203469	0.026161582965214	0.294954458378193	0.38452231064423403	21.840165595069013	77.536612278782	3.244506644818616	80.84806191037978
696.0.	0.076843343160905	0.20077375143218001	0.10618178324344	3.417430787213079	965.7546642005557	164.67631696111263	91.65923934198372	186.980176544032	37.82962856065367	0.288414111326669	1.873224535755647	77.7315735514701	0.013700698472002	30.424969227640737	21.91883393687857	37.86792919853045	0.026213403974391	0.294810928135584	0.38433005345547205	21.827716997231242	77.46810905169225	3.239683734840571	80.70964237321654
710.0.5.0	0.076499272954167	0.200450001066299	0.10601006911624501	3.408481037860037	966.6379907575032	164.81863867095498	91.69459317417186	186.99853316159925	37.79153767350201	0.287713663941638	1.868836610709992	77.32469685847649	0.013673724928710001	30.42575532878105	21.964256840152036	37.76904576979011	0.026266486506599	0.29467386549379704	0.384146881317358	21.815816079225044	77.40284660576093	3.235082552074532	80.5780791358655
725.0.	0.076161936909412	0.20013707678682302	0.105844103016466	3.3996567919630483	967.5022099802222	164.95798165477015	91.72833125210708	187.01600639700516	37.75267450576458	0.287049280463685	1.864671758476288	76.91994978371032	0.01364741261182	30.42652731636236	22.00903277713409	37.671567841779954	0.026320820866934002	0.294542986557217	0.383972291372258	21.804441240424655	77.34064689208535	3.230692917489444	80.45294038754699
739.0.5.0	0.07583116594481401	0.19983449765107	0.10568362915054201	3.390956371630044	968.3481750668059	165.0944775445094	91.76052984366333	187.03264701050483	37.713113853269945	0.286418563046903	1.86071573493306	76.51732117948195	0.013621737492381	30.42728552578353	22.05317090889434	37.575475871200794	0.026376397801003003	0.29441802265049205	0.38380582835932203	21.793571614045106	77.28134834823243	3.226505234127552	80.33384201920045
754.0.	0.075506796995866	0.199541812354667	0.10552840755248201	3.3823781147669862	969.1766643041993	165.22824637799096	91.79126001520349	187.04850076611282	37.6729253931967	0.28581938602947204	1.856955829376826	76.11679995647091	0.013596676911706001	30.42803028162934	22.096680276102934	37.480750556626035	0.026433208464699	0.29429871906244603	0.38364707704459206	21.783187076924953	77.22480332378434	3.22251043692647	80.22043945188557
768.0.5.0	0.07518867265520601	0.19925859623063402	0.10537821247213801	3.373920375735394	969.9883925112947	165.3593983755806	91.82058826247045	187.06360923849797	37.63217419815208	0.285249849158904	1.8533806091842062	75.71837508342036	0.013572209444141002	30.428761897929867	22.139569799063363	37.387372838879116	0.026491244398090003	0.294184833957286	0.383495656154053	21.773268248663815	77.17087601338748	3.218699949237251	80.11242112584515
783.0.	0.074876640852788	0.198984448716875	0.10523283101611501	3.365581525858559	970.7840202432233	165.48803536884876	91.84857702974833	187.0780104590478	37.5909211687757	0.284708240396157	1.849979716087209	75.3220355868326	0.013548314781387	30.429480678488588	22.181848278113893	37.29532390080992	0.026550497502631002	0.294076137422695	0.383351213490762	21.763796482926153	77.11944078975716	3.215065644833122	80.00950329476292
797.0.5.0	0.074570554569448	0.198718991200613	0.105092061991834	3.357359953806562	971.5641612306739	165.61425195489315	91.87528514014947	187.0917394353051	37.54922340108468	0.28419300621112004	1.8467437028756921	74.92777055066664	0.013524973634117001	30.430186917248342	22.223524394301656	37.20458516659434	0.026610960021116	0.29397241063087703	0.38321342198610203	21.75475385309371	77.0703808523624	3.211599814458897	79.91142584694107
812.0.	0.074270271578389	0.19846186516788603	0.10495571491595701	3.349254065883851	972.3293884254085	165.73813643405043	91.9007681549725	187.10482857056405	37.50713450127619	0.283702727748161	1.843663901831624	74.5355691160372	0.0135021676476	30.430880898674896	22.26460671025823	37.11513830065589	0.026672624519876002	0.29387344509358204	0.38308197648915604	21.74612313395371	77.02358712573746	3.208295136167468	79.8179489355369
826.0.5.0	0.07397565421016501	0.19821273060152403	0.10482360915659301	3.3412622862380053	973.0802389428292	165.85977157622378	91.92507867624163	187.1173080046208	37.464704857981445	0.28323610160121904	1.840732318128682	74.14542048091506	0.013479879328714	30.431562898144314	22.305103671223765	37.02696520628578	0.026735483872858002	0.293779041995997	0.38295659114046604	21.737887780715276	76.97895735561931	3.205144648841366	79.72885024726007
841.0.	0.07368656913766401	0.19797126458282802	0.10469557318512	3.333383057004512	973.8172181296458	165.97923525128698	91.94826660353803	187.1292058921331	37.42198187984555	0.282791924217354	1.837941542925594	73.75731389982941	0.013458091982276	30.432233182325557	22.345023606180167	36.94004802402323	0.026799531247255003	0.293689011597352	0.38283699720956604	21.730031906338496	76.93639536226776	3.202141728415243	79.64392277589108
855.0.5.0	0.073402887178245	0.19773716006146702	0.10457144391845401	3.325614838399241	974.5408029355882	166.0966009513877	91.97037935388818	187.14054863149252	37.37901020465737	0.28236907916422105	1.8352846820411002	73.37123868357143	0.013436789655072001	30.432892009552663	22.3843747290637	36.85436912984427	0.026864760090483	0.29360317268844205	0.38272294130155304	21.72254025791823	76.89581041904839	3.199280066407067	79.56297299587726
870.0.	0.07312448311071701	0.19751012476527502	0.10445106613650401	3.317956108768014	975.2514447297001	166.21193822699743	91.991462051637	187.15136105433976	37.33583188496326	0.281966526664972	1.8327552969983532	72.98718419889954	0.013415957086262	30.433539630183244	22.423165140034722	36.76991113319776	0.026931164118260003	0.29352135209809604	0.382614183858253	21.71539819267732	76.85711673118527	3.196553650438037	79.48581935384989
884.0.5.0	0.072851235505294	0.197289880227301	0.10433429196259901	3.310405364600734	975.9495716717212	166.32531305388778	92.01155769379525	187.16166658367408	37.29248655409245	0.281583294934459	1.830347355925698	72.60513986824614	0.013395579663147	30.43417628694145	22.461402826787555	36.68665687491965	0.026998737303676003	0.293443384242041	0.382510497895412	21.708591653977788	76.82023299493366	3.193956746478175	79.41229101356463
899.0.	0.07258302656496701	0.197076160911895	0.10422098039705001	3.302961120516081	976.6355907255754	166.43678814455728	92.0307072952218	187.17148736681716	37.24901157573176	0.28121847295199004	1.828055192344214	72.22509516942597	0.013375643381435001	30.43480221524462	22.499095665888	36.6045894250503	0.027067473867087	0.293369110708777	0.38241166792977505	21.702107147645965	76.78508202160123	3.191483882599777	79.34222680357217
913.0.5.0	0.07231974197700801	0.19686871342509002	0.10411099689592901	3.295621909221728	977.3098893836031	166.54642321477655	92.04895001711571	187.18084438815532	37.20544217956962	0.280871204384607	1.825873470295354	71.847039635346	0.013356134809347001	30.435417643513436	22.536251424128405	36.523692080575124	0.027137368266744	0.29329837987797003	0.38231748905962704	21.695931718821956	76.75159041412323	3.189129834056974	79.27547432772164
928.0.	0.07206127077355401	0.19666729579729503	0.104004212988585	3.288386281453927	977.9728371557725	166.65427521367906	92.06632328159603	187.18975756554713	37.16181158504232	0.28054068243622504	1.823797154591372	71.47096285371674	0.013337041055002	30.436022793465817	22.572877759893142	36.44394836310477	0.027208415190073002	0.293231046567622	0.382227766170026	21.69005292947768	76.71968828645946	3.186889609538758	79.21188920704421
942.0.5.0	0.071807505200339	0.19647167682848102	0.10390050592864401	3.281252805899838	978.6247868668449	166.76039852407413	92.0828628746003	187.19824583346613	37.11815111483219	0.280226145445696	1.821821485228034	71.09685446676512	0.013318349736646001	30.436617880395065	22.608982224528543	36.36534201650819	0.027280609545521	0.29316697170682204	0.38214231323991205	21.68445883669736	76.68930901809246	3.184758438465988	79.15133442817562
957.0.	0.07155834059284001	0.19628163548778801	0.103799758374121	3.274220069105132	979.2660757956136	166.86484513828256	92.09860303889853	187.20632721531334	37.07449029946495	0.279926873094128	1.8199419551996212	70.72470417094895	0.013300048955339	30.43720311343299	22.64457226371316	36.2878570045096	0.027353946454909003	0.293106022031416	0.382060952732972	21.679137971778353	76.66038903748681	3.182731759222273	79.09367977865136
971.0.5.0	0.071313675259151	0.196096960360847	0.10370185809306001	3.2672866753692382	979.897026683408	166.96766481371716	92.11357655867906	187.2140188868283	37.03085697411262	0.279642183110866	1.8181542911129571	70.35450171667271	0.013282127269807001	30.437778695798787	22.67965521882479	36.211477508258525	0.027428421246254	0.29304806980026205	0.381983515057836	21.674079320180503	76.63286762960665	3.180805208223918	79.03880135346888
986.0.	0.07107341036904301	0.19591744913921902	0.10360669769168701	3.260451246629935	980.517948633594	167.06890521158297	92.1278148368922	187.22133723213972	36.98727736851845	0.279371428390297	1.8164544361198312	69.986236908005	0.013264573673200001	30.438344825034335	22.71423832830162	36.136187923880165	0.027504029446999003	0.29299299253009403	0.38190983808606205	21.669272302332804	76.60668676356427	3.178974609747104	78.98658112049256
1000.0.5.0	0.070837449848704	0.195742908147247	0.103514174362547	3.253712422338929	981.1291379195104	167.1686120214037	92.14134796632132	187.22829789368453	36.94377619080669	0.279113994449431	1.8148385347834821	69.61989960239737	0.013247377571537001	30.438901693226864	22.748328728995624	36.061972860012524	0.027580766777624003	0.29294067274727903	0.38183976671864706	21.664706755291235	76.58179093724445	3.177235966441171	78.93690653478036
1015.0.	0.070605700280725	0.19557315190232902	0.103424189650496	3.2470688593297012	981.7308787149019	167.26682907355706	92.15420479518147	187.23491581698102	36.9003767058191	0.278869297170213	1.81330291957034	69.25547971040467	0.013230528763665001	30.439449487219733	22.781933457516566	35.98881713533566	0.027658629145599002	0.29289099775493804	0.38177315249361	21.660372915230248	76.55812703634948	3.175585450465575	78.88967019387873
1029.0.5.0	0.070378070808966	0.19540800270521802	0.103336649234708	3.2405192316787232	982.3234437582314	167.36359844158417	92.16641298790789	187.24120529105303	36.85710080852038	0.278636780781471	1.811844098717844	68.89296719540683	0.013214017422567	30.439988388811965	22.81505945156528	35.91670577609732	0.027737612639655	0.29284385941413005	0.381709853228609	21.656261400743915	76.53564420579733	3.174019395195814	78.84476952768159
1044.0.	0.07015447304794001	0.19524729025741702	0.10325146272515201	3.234062230561034	982.9070949601416	167.4589605357113	92.17799908168726	187.24717998514558	36.813969092935885	0.278415916044087	1.8104587452760752	68.53235207333216	0.013197834077899002	30.4405185749475	22.84771355125547	35.845624013639124	0.027817713524353003	0.292799153937921	0.381649732693675	21.652363196927478	76.51429373177909	3.172534287449758	78.80210651767528
1058.0.5.0	0.069934820996433	0.19509085130314302	0.10316854347215901	3.22769656410095	983.4820839616535	167.55295418876	92.1889885391969	187.2528529822584	36.77100091701946	0.278206198609805	1.809143687158238	68.17362441238201	0.013181969599631001	30.441040217894525	22.87990250042312	35.775557281925856	0.027898928234918	0.292756781697297	0.381592660310033	21.648669640207235	76.49402893308746	3.171126760191293	78.76158744135907
1073.0.	0.06971903095506901	0.194938529293664	0.103087808387924	3.221420957218646	984.0486526493562	167.64561673541485	92.19940579794459	187.25823680992465	36.728214463796434	0.278007147529492	1.8078958980645292	67.81677433275699	0.013166415182699	30.441553485415753	22.911632947923092	35.706491215081385	0.027981253372320002	0.29271664703800904	0.38153851087171703	21.645172403885013	76.47480506057023	3.16979358567286	78.7231226383996
1087.0.5.0	0.069507021447583	0.19479017407206903	0.10300917777890001	3.215234151473256	984.6070336327708	167.73698408565193	92.20927431654455	187.2633434685871	36.68562679908262	0.27781830389100604	1.806712489167491	67.46179200638447	0.013151162332573001	30.44205854093015	22.942911448912344	35.63841164493315	0.028064685698604003	0.29267865810750204	0.381487164287214	21.641863484362933	76.45657920375206	3.168531668982319	78.68662629568884
1102.0.	0.069298713145577	0.19464564157678402	0.102932575188169	3.209134904902982	985.1574506882131	167.82709079299786	92.21861661821708	187.26818445786427	36.64325392604392	0.27763922957021203	1.805590701465819	67.10866765664773	0.013136202851675001	30.442555543666725	22.973744466119566	35.57130459856744	0.028149222132418	0.292642726691195	0.381438505338872	21.63873518801426	76.43931020382703	3.1673380419631982	78.65201624896385
1116.0.5.0	0.069094028796543	0.19450479356230901	0.102857927247002	3.203121991862713	985.7001191727984	167.91597011818277	92.227454331761	187.2727708009509	36.60111083683071	0.277469506081477	1.8045278987287112	66.75739155811624	0.013121528826569001	30.44304464881075	23.004138371100904	35.50515629589708	0.028234859744766003	0.292608768057442	0.381392423458127	21.635780118667025	76.4229585723471	3.166209857480294	78.61921379903703
1131.0.	0.068892893154977	0.19436749733584702	0.10278516353487001	3.197194202859603	986.2352464116645	168.00365408866378	92.2358082302143	187.27711306735696	36.55921156149555	0.27730873351616003	1.80352156096505	66.40795403627764	0.013107132615871	30.443526007643054	23.034099445481584	35.43995314724346	0.028321595754937003	0.29257670081055104	0.381348812514934	21.632991165667953	76.40748641503255	3.165144384005324	78.58814354100033
1145.0.5.0	0.068695232916403	0.19423362550862402	0.10271421644728101	3.191350344386934	986.7630320610422	168.09017355442538	92.24369826739446	187.28122139415848	36.51756921438097	0.277156529559413	1.802569278361682	66.06034546727105	0.013093006838817001	30.4439997676727	23.06363388218339	35.3756817509336	0.028409427526619003	0.292546446751316	0.381307570620019	21.63036149249513	76.3928573602164	3.164139000499528	78.5587332050209
1160.0.	0.068500976654146	0.19410305576080303	0.102645021070856	3.185589238756632	987.2836684494268	168.1755582404053	92.25114361248382	187.28510550590747	36.47619603814547	0.277012528577036	1.8016687456430651	65.71455627762154	0.013079144364442002	30.44446607276357	23.092747786637844	35.31232889091424	0.028498352564187004	0.292517930744557	0.381268599938756	21.627884525890337	76.37903649149825	3.1631911915724062	78.53091350755204
1174.0.5.0	0.068310054758716	0.193975670619037	0.10257751506512901	3.179909723930731	987.7973408988076	168.25983679584766	92.25816268280929	187.28877473332875	36.43510344558031	0.27687638076535803	1.8008177568112562	65.37057694397639	0.013065538301336001	30.444925063255127	23.121447177985115	35.24988153438328	0.028588368509144	0.292491080593202	0.38123180651563404	21.62555394548219	76.36599028424241	3.162298542897408	78.50461801195134
1189.0.	0.06812239937964501	0.19385135724576402	0.102511638550594	3.17431065335203	988.3042280276529	168.3430368408469	92.26477317494827	187.2922380309112	36.394302059355155	0.27674775135803403	1.800014200230656	65.02839799284233	0.013052181987921001	30.445376876077766	23.14973799025853	35.1883268294398	0.028679473136717003	0.29246582691849105	0.38119710010844404	21.623363673873552	76.35368654559936	3.161458736867146	78.4797829976375
1203.0.5.0	0.067937944369673	0.19373000723945002	0.102447334002584	3.168790895774209	988.8045020371413	168.42518501031108	92.2709920942792	187.2955039934905	36.353801749819304	0.27662631988449604	1.799256054026475	64.68801000032457	0.013039068983226001	30.44582164486307	23.1776260735548	35.127652102753544	0.028771664352589002	0.292442103045923	0.38116439403136304	21.621307867168035	76.34209435776921	3.160669548472149	78.45634733702931
1218.0.	0.06775662523115	0.19361151644503702	0.102384546150574	3.1633493350916	989.2983289819546	168.50630699554935	92.2768357830833	187.29858087190638	36.31361167097406	0.27651177947544503	1.79854138176969	64.34940359186685	0.013026193058123001	30.446259500049255	23.205117195189988	35.067844857254094	0.028864940189776003	0.292419844896579	0.381133605006287	21.61938090591164	76.33118402425784	3.159928841388499	78.43425237960712
1232.0.5.0	0.06757837906453501	0.19349578477394302	0.10232322188256301	3.157984870168821	989.7858690268022	168.58642758366233	92.28231994729434	187.30147658780635	36.2737402947229	0.27640383621132203	1.7978683284244732	64.01256944199297	0.013013548186986001	30.446690568982124	23.232217040841114	35.00889276984088	0.028959298805621002	0.29239899088349103	0.381104653021755	21.617577386427392	76.3209270189042	3.159234564260836	78.41344184251524
1247.0.	0.06740314451891001	0.193382716032992	0.102263310154211	3.152696414670426	990.2672766897152	168.66557069489738	92.28745968198295	187.30419874766346	36.2341954434974	0.27630220851020204	1.797235116536747	63.67749827404976	0.013001128539767001	30.44711497601171	23.258931215673766	34.950783689113955	0.029054738478915	0.292379481812776	0.381077461198956	21.615892112521866	76.31129593748086	3.158584747168398	78.39386170719115
1261.0.5.0	0.067230861744395	0.19327221776171102	0.10220476190242501	3.147482896890758	990.7427010730482	168.74375941811175	92.29226949565665	187.30675465606444	36.19498432134997	0.27620662655190303	1.796640042644885	63.34418085995136	0.012988928474432001	30.447532842584902	23.285265245455385	34.89350563312654	0.029151257607131	0.29236126078922603	0.38105195566430106	21.61432008754389	76.30226445168846	3.157977498262576	78.37546012156388
1276.0.	0.067061472346366	0.19316420107748203	0.102147529963114	3.142343259584123	991.2122860830259	168.82101604447408	92.29676333344656	187.30915132832084	36.15611354359708	0.276116831735503	1.79608147389551	63.0126080199247	0.012976942529768	30.447944287334387	23.311224577654706	34.83704678715926	0.029248854703766	0.29234427312612904	0.38102806542813	21.612856506777426	76.29380726538521	3.1574110005655482	78.35818730741168
1290.0.5.0	0.066894919341418	0.19305858052807	0.10209156899288001	3.137276459795425	991.6761706386009	168.89736209952127	92.3009545992493	187.31139550245052	36.11758916509153	0.276032576167692	1.795557844849084	62.68277062225652	0.012965165418514	30.448349426163837	23.33681458252717	34.78139550151657	0.029347528395787	0.292328466259045	0.381005722269149	21.61149675015056	76.28590007290386	3.156883508920169	78.34199547251225
1305.0.	0.066731147114958	0.19295527395109002	0.102036835394384	3.132281468691379	992.1344888703095	168.97281837367788	92.3048561768843	187.3134936505706	36.079416707196216	0.27595362217970004	1.795067654461465	62.35465958304164	0.012953592020807002	30.4487483723298	23.362040554186418	34.72654028934564	0.029447277421175002	0.292313789663357	0.38098486062424103	21.610236375245307	76.27851951932428	3.156393347082121	78.32683872725194
1319.0.5.0	0.066570101380378	0.192854202339997	0.10198328724519101	3.127357271392382	992.5873703097647	169.0474049513349	92.30848045032312	187.31545198974206	36.04160118352724	0.2758797418707	1.7946094632289151	62.028265865932454	0.012942217377921	30.449141236520326	23.38690771166226	34.672469824477766	0.029548100626566	0.29230019477535	0.38096541748330803	21.609071110592488	76.27164316258082	3.155938904946023	78.31267300539466
1334.0.	0.066411729139722	0.192755289716237	0.101930884229879	3.1225028668052	993.0349400703502	169.12114123857614	92.31183932304333	187.31727649229902	36.00414712452966	0.275810716675844	1.7941818904851572	61.70358048188986	0.012931036686293002	30.44952812693066	23.411421199944844	34.61917293929279	0.029649996964974	0.29228763491666004	0.380947332288853	21.607996849237693	76.26524943729318	3.155518635897698	78.29945598873611
1348.0.5.0	0.066255978645782	0.19265846300719602	0.101879587575241	3.11771726745647	993.4773190196578	169.19404598963547	92.31494423655475	187.3189728956959	35.9670586009452	0.275746336957196	1.7937836118401411	61.380594488935486	0.012920045291802	30.449909149335863	23.435586091015345	34.56663862260618	0.029752965493607002	0.29227606522189703	0.38093054684001404	21.607009642564897	76.2593176202191	3.15513105428549	78.28714703539463
1363.0.	0.06610279936556701	0.192563651929637	0.10182935998839401	3.11299949932717	993.9146239441424	169.26613733215723	92.31780618814267	187.32054671190247	35.930339246227106	0.275686401616033	1.793413356751028	61.05929899190515	0.012909238684296002	30.450284407160833	23.45940738486331	34.51485601757944	0.029857005371760004	0.292265442569282	0.380915005200798	21.606105694365638	76.2538277972351	3.154774733003945	78.27570711150992
1377.0.5.0	0.06595214194507401	0.19247078887830302	0.10178016559764101	3.108348601688083	994.3469677064536	169.3374327913318	92.32043574787032	187.32200323637122	35.89399227795454	0.275630717725072	1.793069906216715	60.739685142203676	0.012898612492366	30.450654001547676	23.482890010490685	34.46381441965335	0.029962115858784003	0.29225572551413703	0.38090065361228503	21.605281355141223	76.2487608317598	3.154448301183575	78.26509872614103
1392.0.	0.065803958175305	0.19237980881943	0.10173196989593601	3.10376362693632	994.7744593958481	169.40794931296702	92.32284307487771	187.32334755660452	35.85802051829515	0.275579100179342	1.7927520905879621	60.4217441375609	0.012888162478326	30.451018031420578	23.506038826902763	34.4135032745045	0.030068296312131003	0.29224687422510004	0.38088744040857603	21.60453311662806	76.24409833453822	3.154150441981092	78.25528586917072
1406.0.5.0	0.065658200959487	0.19229064918888802	0.10168473968681001	3.099243640432999	995.1972044720746	169.47770328555742	92.32503793301417	187.32458456034257	35.822426413561885	0.275531371364481	1.79245878748576	60.10546722178912	0.012877884533414001	30.451376593548357	23.528858624086034	34.36391217602492	0.030175546185474002	0.29223885042290704	0.38087531593628104	21.60385760653465	76.23982263471419	3.153879890464582	78.24623395203905
1421.0.	0.065514824281433	0.192203249794724	0.10163844303264201	3.09478772034207	995.615304903075	169.54671056140265	92.32702970583667	187.3257189433941	35.78721205290629	0.275487360841398	1.792188919821336	59.790845684541644	0.012867774673187001	30.451729782604726	23.551354123973134	34.315030864324854	0.030283865026883003	0.29223161732163905	0.38086423247737905	21.603251583481725	76.23591675212349	3.153635431588811	78.2379097511452
1435.0.5.0	0.06537378317499501	0.19211755272386402	0.101593049205125	3.090394957470375	996.0288592968459	169.61498647682936	92.32882741100664	187.32675521713	35.75237918619117	0.27544690504623404	1.791941453911356	59.47787086107276	0.012857829033108	30.45207769122645	23.57352998139515	34.2668492237587	0.030393252477081002	0.292225139572299	0.38085414417524405	21.60271193213516	76.2323643707406	3.153415898255718	78.23028135376109
1450.0.	0.06523503369457301	0.19203350225276503	0.10154852863784801	3.086064455108968	996.437963027758	169.68254587156142	92.33043971411374	187.32769771565665	35.71792924107903	0.27540984700473403	1.7917153976827702	59.1665341319988	0.012848043864314	30.452420410069433	23.595390785021166	34.21935728097389	0.030503708267746003	0.292219383208606	0.38084500696370804	21.602235658523995	76.22914981322214	3.153220169455937	78.22331810632078
