# Time	[NatP]	[MisP]	[Ub]	[E1]	[E2]	[E3]	[E3_MisP]	[DUB]	[Proteasome]	[ROS]	[E1_Ub]	[E2_Ub]	[E3_MisP_Ub]	[E3_MisP_Ub2]	[E3_MisP_Ub3]	[E3_MisP_Ub4]	[E3_MisP_Ub5]	[E3_MisP_Ub6]	[E3_MisP_Ub7]	[E3_MisP_Ub8]	[MisP_Ub4_Proteasome]	[MisP_Ub5_Proteasome]	[MisP_Ub6_Proteasome]	[MisP_Ub7_Proteasome]	[MisP_Ub8_Proteasome]	[E3_MisP_Ub_DUB]	[E3_MisP_Ub2_DUB]	[E3_MisP_Ub3_DUB]	[E3_MisP_Ub4_DUB]	[E3_MisP_Ub5_DUB]	[E3_MisP_Ub6_DUB]	[E3_MisP_Ub7_DUB]	[E3_MisP_Ub8_DUB]	[AggP1]	[AggP2]	[AggP3]	[AggP4]	[AggP5]	[SeqAggP]	[AggP_Proteasome]	[UCHL1]	[UCHL1_Proteasome]	[UCHL1_damaged_Proteasome]	[Lysosome]	[UCHL1_damaged]	[Lamp2a]	[Lamp2a_UCHL1_damaged]	[Ub_UCHL1]	[SUB]	[SUB_misfolded]	[E3SUB]	[E3SUB_SUB_misfolded]	[E3SUB_SUB_misfolded_Ub]	[E3SUB_SUB_misfolded_Ub2]	[E3SUB_SUB_misfolded_Ub3]	[E3SUB_SUB_misfolded_Ub4]	[E3SUB_SUB_misfolded_Ub5]	[E3SUB_SUB_misfolded_Ub6]	[E3SUB_SUB_misfolded_Ub7]	[E3SUB_SUB_misfolded_Ub8]	[E3SUB_SUB_misfolded_Ub_UCHL1]	[E3SUB_SUB_misfolded_Ub2_UCHL1]	[E3SUB_SUB_misfolded_Ub3_UCHL1]	[E3SUB_SUB_misfolded_Ub4_UCHL1]	[E3SUB_SUB_misfolded_Ub5_UCHL1]	[E3SUB_SUB_misfolded_Ub6_UCHL1]	[E3SUB_SUB_misfolded_Ub7_UCHL1]	[E3SUB_SUB_misfolded_Ub8_UCHL1]	[SUB_misfolded_Ub4_Proteasome]	[SUB_misfolded_Ub5_Proteasome]	[SUB_misfolded_Ub6_Proteasome]	[SUB_misfolded_Ub7_Proteasome]	[SUB_misfolded_Ub8_Proteasome]	[asyn]	[asyn_Proteasome]	[asyn_Lamp2a]	[asyn_dam]	[Parkin]	[Parkin_asyn_dam]	[Parkin_asyn_dam_Ub]	[Parkin_asyn_dam_Ub2]	[Parkin_asyn_dam_Ub3]	[Parkin_asyn_dam_Ub4]	[Parkin_asyn_dam_Ub5]	[Parkin_asyn_dam_Ub6]	[Parkin_asyn_dam_Ub7]	[Parkin_asyn_dam_Ub8]	[Parkin_asyn_dam_Ub_DUB]	[Parkin_asyn_dam_Ub2_DUB]	[Parkin_asyn_dam_Ub3_DUB]	[Parkin_asyn_dam_Ub4_DUB]	[Parkin_asyn_dam_Ub5_DUB]	[Parkin_asyn_dam_Ub6_DUB]	[Parkin_asyn_dam_Ub7_DUB]	[Parkin_asyn_dam_Ub8_DUB]	[asyn_dam_Ub4_Proteasome]	[asyn_dam_Ub5_Proteasome]	[asyn_dam_Ub6_Proteasome]	[asyn_dam_Ub7_Proteasome]	[asyn_dam_Ub8_Proteasome]	[AggA1]	[AggA2]	[AggA3]	[AggA4]	[AggA5]	[AggD1]	[AggD2]	[AggD3]	[AggD4]	[AggD5]	[AggU1]	[AggU2]	[AggU3]	[AggU4]	[AggU5]	[AggS1]	[AggS2]	[AggS3]	[AggS4]	[AggS5]	[aggasyn]	[aggasyndam]	[aggParkin]	[aggUb]	[aggE3]	[aggDUB]	[aggMisP]	[aggUchl1]	[aggUchl1dam]	[aggSUB]	[upregUb]	Values[Tot_MisP]	Values[Tot_Protein]	Values[Ub_Conjugates]	Values[Tot_Ub]	Values[AggP]	Values[Tot_asyn_dam]	Values[Tot_asyn]	Values[Tot_UCHL1]	Values[UCHL1_substrate]	
0	6000	80	1500	105	50	300	2	160	1500	10	795	950	0	0	0	0	0	0	0	300	0	1	2	10	350	100	100	100	100	100	100	100	100	0	0	0	0	0	0	0	5785	10	0	1200	0	200	0	500	815	5	160	5	0	0	0	0	0	0	0	15	20	20	25	25	30	30	40	40	0	0	0	5	20	3000	0	0	0	4800	0	0	0	0	0	0	0	0	0	0	0	0	0	0	0	0	0	0	0	0	0	0	0	0	0	0	0	0	0	0	0	0	0	0	0	0	0	0	0	0	0	0	0	0	0	0	0	0	0	0	0	0	0	1545	7545	12632	14132	0	0	3000	6525	740	
300000	5978.62	91.894	1216.85	125.36	26.2568	261.202	2.47439	153.338	1512.64	10.0667	774.64	973.743	0.247438	0.247437	0.247437	0.247244	0.247051	0.246859	0.246666	316.244	0.280579	0.284256	0.457256	8.15955	350.706	96.2831	96.2675	96.2673	96.2865	96.3305	96.4056	96.5198	96.6833	0.000442689	3.6688e-07	2.48478e-10	1.3871e-13	6.51029e-17	238.43	4.47942	5650.54	0.341887	0.000261316	1200	4.31878	98.3528	84.0209	412.567	646.574	3.40642	76.3411	0.137348	0.0137345	0.0137342	0.0137338	0.0137229	0.0137119	0.0137009	0.01369	17.1115	37.4444	37.4701	37.5167	37.5893	37.6943	37.8402	38.0376	38.3	0.015573	0.0157713	0.0251315	0.441886	18.9763	3529.98	0.907759	13.8963	0.0037032	4799.16	0.00183184	0.000183183	0.000183182	0.000183182	0.000183039	0.000182896	0.000182754	0.000182611	0.234129	0.0688072	0.0693421	0.0698442	0.0703069	0.0707232	0.0710852	0.0713838	0.0716083	0.000207726	0.000210449	0.000338543	0.00604131	0.259653	2.8775	0.396025	0.045854	0.00449286	0.000377004	-0.000704116	-0.000491929	-0.000336439	-0.000222362	-0.000140092	0.00331766	0.00331654	0.00331541	0.00331429	0.00331317	4.21124e-07	1.24403e-11	2.95152e-16	5.71116e-21	9.24517e-26	155.852	0.0336479	0.0354053	338.426	49.3058	35.0305	39.1699	13.6484	79.5117	14.568	0.00326108	1543.27	7521.9	13076.2	14293	728.92	1.0707	3544.79	6453.68	803.142	
600000	6211.28	1133.37	19342	2.03261e-05	5.8244e-05	-3.19883e-37	1.10849e-38	89.8605	1885.11	10.0298	900	1000	-4.12351e-38	-4.10333e-38	-4.0832e-38	-4.05931e-38	-3.46593e-37	-3.46261e-37	-3.45927e-37	1.31604e-36	-3.89307e-30	-9.16355e-29	-1.17171e-30	6.64818e-37	9.49138e-36	2.44522e-40	2.44595e-40	2.44582e-40	2.49788e-40	4.32317e-43	5.09603e-40	1.58366e-38	2.6162e-37	0.816876	0.0364506	0.000961741	1.8321e-05	2.75998e-07	424953	12.623	3424.74	0.258143	9.45146e-06	1200	0.125335	65.7304	0.0380181	3974.58	663.775	61.3971	5.98217e-35	1.95396e-36	3.55861e-37	3.55501e-37	5.30461e-37	5.29699e-37	2.54421e-37	2.5527e-37	2.56111e-37	2.58923e-34	7.61106e-39	8.3578e-39	1.11635e-38	9.08835e-39	7.76747e-39	1.25733e-38	1.73509e-37	7.66528e-36	1.90906e-35	-2.06212e-34	-7.05857e-33	3.38073e-36	2.79886e-34	13.1762	0.00422513	0.0348984	1.37119e-05	4798.92	6.56502e-06	6.56362e-07	6.56222e-07	6.56082e-07	6.55324e-07	6.54567e-07	6.53811e-07	6.53056e-07	0.000564875	5.58387e-09	5.58271e-09	5.58214e-09	5.59448e-09	5.99898e-09	1.50096e-08	2.13397e-07	4.59015e-06	9.27385e-07	9.28149e-07	1.06489e-06	1.14149e-05	0.000788865	0.510701	0.0946389	0.0140426	0.00179431	0.000200691	-0.000151046	-9.71447e-05	-6.71279e-05	-4.67162e-05	-3.22244e-05	-0.000861581	-0.000848696	-0.000836008	-0.000823514	-0.000811211	0.00558587	2.03757e-05	4.32594e-08	6.67015e-11	8.18475e-14	9175.05	1.08427	1.07892	10124.3	1402	869.576	392232	385.115	295.978	22832.8	43854.9	1133.37	7344.65	59853.8	79195.8	437320	0.00139871	13.2153	7399.75	3975.01	
900000	6079.69	402.379	3691.83	3.73042e-05	2.04032e-05	-1.49132e-36	9.40741e-38	89.8589	1883.47	10.002	900	1000	3.45521e-39	3.45369e-39	3.45217e-39	3.44738e-39	3.89052e-38	3.88245e-38	3.87441e-38	1.48175e-35	-1.20925e-33	1.28106e-32	3.84222e-33	4.87619e-37	1.36342e-35	5.50245e-41	5.50174e-41	5.49582e-41	5.28851e-41	9.92025e-41	9.85614e-42	2.36228e-39	7.02541e-38	0.0616247	0.00312685	0.000106167	2.60132e-06	4.99668e-08	1.19342e+06	14.0571	6236.94	0.469869	7.34218e-06	1200	0.0974398	46.6825	0.00756563	1381.66	655.373	21.7959	2.70374e-35	3.52354e-37	5.97508e-38	5.971e-38	5.1358e-38	5.13068e-38	-8.26774e-39	-8.20854e-39	-8.14957e-39	4.5705e-35	2.05356e-39	1.62768e-39	2.1212e-39	2.10376e-39	1.83056e-40	1.41913e-39	1.78921e-38	1.28619e-36	1.39603e-34	-1.19609e-33	-3.94626e-32	5.38251e-37	5.63462e-35	4.68972	0.00150193	0.0087845	4.82861e-06	4798.6	2.30286e-06	2.30149e-07	2.30011e-07	2.29873e-07	2.2952e-07	2.29167e-07	2.28815e-07	2.28463e-07	0.000148358	6.93664e-10	6.93249e-10	6.92825e-10	6.91792e-10	6.92671e-10	8.09265e-10	7.93548e-09	4.39837e-07	3.24327e-07	3.24309e-07	3.59892e-07	3.07115e-06	0.000206877	0.0301569	0.00562327	0.000836069	0.000107015	1.1991e-05	-1.19458e-05	-5.79579e-06	-3.99447e-06	-2.77998e-06	-1.91825e-06	-0.000885186	-0.000868199	-0.00085159	-0.000835349	-0.000819467	0.0003705	1.56425e-06	4.00509e-09	7.35403e-12	1.06384e-14	17570	1.40961	1.39558	10126.8	1402	869.576	1.11309e+06	385.115	451.954	61880.8	45544.7	402.379	6482.07	58953.2	62645	1.20578e+06	0.000368829	4.70001	7619.17	1382.23	
1.2e+06	6049.05	244.787	1524.89	5.42468e-05	1.22549e-05	2.87656e-35	7.04659e-37	89.8584	1883.39	10.0001	900	1000	7.25285e-38	7.25015e-38	7.24746e-38	7.23796e-38	7.79911e-38	7.79708e-38	7.79504e-38	5.84443e-35	5.84626e-35	6.35868e-33	8.44089e-31	6.34206e-29	1.38507e-34	1.97114e-40	1.96983e-40	1.96843e-40	1.97021e-40	3.08826e-40	1.9765e-40	2.66917e-39	1.85586e-37	0.00755044	0.000228476	8.12014e-06	2.19202e-07	4.65339e-09	1.9612e+06	14.1516	6032.26	0.454457	4.4792e-06	1200	0.0594476	37.1552	0.00224183	551.932	653.329	13.2594	1.07353e-34	7.45137e-37	5.64962e-38	5.63895e-38	1.3871e-37	1.3845e-37	5.89721e-38	5.85969e-38	5.82231e-38	3.66437e-35	2.22822e-39	1.54798e-39	3.54467e-39	3.96879e-39	-1.50903e-39	3.37005e-39	3.03197e-38	2.05462e-36	2.04853e-37	4.91678e-38	1.87899e-37	1.89126e-36	1.22334e-34	2.85427	0.00091399	0.0042501	2.91535e-06	4798.36	1.38503e-06	1.38367e-07	1.38232e-07	1.38096e-07	1.37831e-07	1.37566e-07	1.37302e-07	1.37038e-07	7.12298e-05	2.53655e-10	2.53406e-10	2.53155e-10	2.52671e-10	2.52317e-10	2.64862e-10	1.55426e-09	1.2927e-07	1.9473e-07	1.94586e-07	2.11521e-07	1.51216e-06	9.93068e-05	0.00178473	0.00033355	4.96532e-05	6.36253e-06	7.13727e-07	-2.36777e-06	-3.47942e-07	-2.37254e-07	-1.65131e-07	-1.13973e-07	-0.000911515	-0.000883505	-0.000856482	-0.000830407	-0.000805243	3.27725e-05	1.05291e-07	2.86692e-10	5.67307e-13	8.82274e-16	25966	1.66121	1.63856	10128.7	1402	869.576	1.83328e+06	385.115	638.473	100891	45554.2	244.787	6293.83	58134.9	59659.8	1.97357e+06	0.000178241	2.85943	6584.7	552.448	
1.5e+06	6035.29	175.912	1164.27	5.04099e-05	8.69488e-06	-2.52969e-36	-5.32739e-38	89.8581	1883.42	9.99997	900	1000	-5.40548e-39	-5.39698e-39	-5.38849e-39	-5.37496e-39	-1.68308e-38	-1.67865e-38	-1.67423e-38	-4.69254e-36	-1.61663e-32	-5.24179e-31	2.44743e-30	-8.82762e-38	-6.23413e-36	-5.44196e-42	-5.43225e-42	-5.42252e-42	-5.35385e-42	-1.71169e-41	-4.8179e-41	-4.36331e-41	-5.28345e-39	0.00229611	1.96951e-05	5.75114e-07	1.61481e-08	3.63824e-10	2.72886e+06	14.1536	5644.23	0.425225	3.05141e-06	1200	0.0404992	32.1148	0.000949923	394.289	652.396	9.52862	1.00046e-35	1.06703e-37	1.5749e-38	1.57179e-38	-3.9655e-39	-3.97217e-39	3.36897e-38	3.3592e-38	3.34947e-38	1.45283e-35	2.57727e-40	-1.41102e-40	-1.20872e-40	-5.11827e-41	5.77156e-40	9.04102e-40	4.11101e-39	5.31003e-37	-8.77285e-39	2.22387e-38	6.22073e-39	2.09392e-38	4.75063e-36	2.05153	0.000656924	0.00263892	2.07918e-06	4798.16	9.84004e-07	9.82661e-08	9.81321e-08	9.79982e-08	9.77726e-08	9.75474e-08	9.73228e-08	9.70987e-08	4.20745e-05	1.29448e-10	1.29272e-10	1.29095e-10	1.28798e-10	1.28522e-10	1.31113e-10	5.2743e-10	5.50252e-08	1.38128e-07	1.37946e-07	1.47846e-07	9.15623e-07	5.86559e-05	0.000106238	1.97692e-05	2.94578e-06	3.77812e-07	4.24212e-08	-1.27777e-06	-2.22421e-08	-1.40821e-08	-9.80065e-09	-6.76592e-09	-0.00091686	-0.000876308	-0.000837735	-0.000801034	-0.000766109	6.88916e-06	7.38972e-09	1.92097e-11	3.9654e-14	6.4548e-17	34363.2	1.86667	1.83548	10130.3	1402	869.576	2.55336e+06	385.115	813.049	139896	45554.9	175.912	6211.2	57979.5	59143.7	2.74123e+06	0.000106012	2.05483	6038.99	394.755	
1.8e+06	6027.54	137.288	1101.19	4.10674e-05	6.69964e-06	4.18325e-36	5.9426e-38	89.8579	1883.44	9.99994	900	1000	8.43466e-39	8.42086e-39	8.40708e-39	8.38545e-39	3.56432e-38	3.55407e-38	3.54385e-38	5.29794e-36	1.02973e-33	9.53683e-33	8.95702e-33	2.20352e-37	1.05972e-35	9.91823e-42	9.90308e-42	9.88852e-42	9.95434e-42	3.7186e-41	5.51526e-42	8.55237e-41	6.76714e-39	0.00121073	3.29809e-06	4.25261e-08	1.12621e-09	2.62803e-11	3.49647e+06	14.1467	5469.86	0.412089	2.3226e-06	1200	0.0308268	28.9079	0.000508335	361.401	651.87	7.43646	-5.76381e-36	-2.93733e-38	-7.67505e-39	-7.65719e-39	-1.60248e-38	-1.59875e-38	-4.34599e-38	-4.33453e-38	-4.32309e-38	-3.16867e-36	-8.38983e-41	-1.12332e-40	-2.47371e-40	4.31909e-42	-6.00316e-40	-2.0332e-40	-4.95907e-40	2.79717e-38	-1.15687e-33	-1.36822e-32	-2.94828e-38	-8.52539e-38	-2.54551e-36	1.60124	0.000512729	0.00185346	1.61034e-06	4798	7.59216e-07	7.5789e-08	7.56566e-08	7.55244e-08	7.53217e-08	7.51195e-08	7.49178e-08	7.47167e-08	2.77589e-05	7.79158e-11	7.77797e-11	7.76434e-11	7.7435e-11	7.72323e-11	7.79356e-11	2.37795e-10	2.83766e-08	1.06408e-07	1.06212e-07	1.12664e-07	6.18901e-07	3.86974e-05	6.59146e-06	1.17123e-06	1.74667e-07	2.24201e-08	2.51946e-09	-9.37994e-07	-2.19739e-09	-8.36315e-10	-5.81417e-10	-4.01471e-10	-0.000913465	-0.000861194	-0.000812134	-0.000766076	-0.000722825	3.19107e-06	7.52937e-10	1.27356e-12	2.6502e-15	4.45342e-18	42761	2.04034	2.00067	10131.5	1402	869.576	3.27341e+06	385.115	979.36	178899	45555	137.288	6164.83	57948	59049.2	3.50884e+06	7.04326e-05	1.6036	5831.7	361.844	
2.1e+06	6022.59	112.572	1089.19	3.36142e-05	5.424e-06	-3.1251e-36	-7.62767e-39	89.8578	1883.45	9.99994	900	1000	-1.26194e-39	-1.25491e-39	-1.24792e-39	-1.23979e-39	8.72679e-39	8.68965e-39	8.65264e-39	6.25262e-37	-5.87835e-39	7.85007e-40	-6.79828e-38	-1.9779e-37	-4.47156e-36	-4.51132e-44	-4.28578e-44	-4.06067e-44	-4.20495e-44	2.93464e-42	1.92492e-41	9.5231e-42	1.28967e-39	0.000773514	1.24318e-06	4.46225e-09	7.83375e-11	1.8192e-12	4.26406e+06	14.1381	5406.52	0.407318	1.88936e-06	1200	0.0250769	26.6059	0.000312227	353.324	651.533	6.09769	-8.59516e-36	-2.89178e-38	-1.7336e-39	-1.72611e-39	-2.26573e-38	-2.25964e-38	-1.61295e-38	-1.60627e-38	-1.59961e-38	-3.63917e-36	-7.13319e-42	7.69703e-41	-2.62709e-40	-3.61047e-40	-9.97828e-41	-1.40981e-40	-2.20565e-40	-2.42702e-38	-3.22261e-38	-1.72203e-38	-1.68103e-38	-1.01224e-37	-5.96276e-36	1.31304	0.000420445	0.00139858	1.31043e-06	4797.86	6.15479e-07	6.14169e-08	6.12861e-08	6.11556e-08	6.09681e-08	6.07812e-08	6.05948e-08	6.0409e-08	1.96423e-05	5.17727e-11	5.16624e-11	5.15522e-11	5.13942e-11	5.12383e-11	5.14377e-11	1.27635e-10	1.64811e-08	8.61286e-08	8.59279e-08	9.04301e-08	4.48426e-07	2.73819e-05	5.25519e-07	6.93836e-08	1.03533e-08	1.32993e-09	1.49567e-10	-7.48065e-07	-6.83566e-10	-5.00819e-11	-3.44833e-11	-2.38155e-11	-0.000906978	-0.000844035	-0.000785707	-0.000731639	-0.000681506	1.94672e-06	1.89615e-10	9.36638e-14	1.73537e-16	2.97147e-19	51159.1	2.19075	2.14267	10132.6	1402	869.576	3.99344e+06	385.115	1142.36	217900	45555.1	112.572	6135.16	57941	59030.2	4.27644e+06	5.01907e-05	1.31486	5760.28	353.756	
2.4e+06	6019.14	95.3985	1086.58	2.81945e-05	4.53861e-06	-5.69866e-36	-5.26881e-38	89.8577	1883.46	9.99993	900	1000	-9.19982e-39	-9.16544e-39	-9.13117e-39	-9.08849e-39	-2.97799e-38	-2.96993e-38	-2.96188e-38	-6.45609e-36	-1.46315e-38	-2.91594e-37	-3.45954e-36	9.37305e-35	-8.36168e-36	-3.81464e-42	-3.79816e-42	-3.78163e-42	-3.76393e-42	-2.36295e-41	-1.63117e-41	-4.03491e-41	-4.40429e-39	0.00053977	6.72311e-07	1.06771e-09	6.25798e-12	1.23786e-13	5.03165e+06	14.129	5385.04	0.405702	1.59854e-06	1200	0.021217	24.8334	0.000209026	351.078	651.299	5.16743	-1.78202e-35	-7.1684e-38	3.91249e-39	3.93296e-39	-2.12865e-38	-2.12128e-38	-2.7297e-38	-2.72196e-38	-2.71425e-38	-9.70788e-36	1.27982e-40	-7.24212e-41	-1.92523e-40	-1.88336e-40	-3.33055e-40	-2.85596e-40	-8.78773e-40	-1.06232e-37	-3.17271e-38	-4.27454e-38	-2.32748e-38	-1.39208e-37	-6.30445e-36	1.11277	0.000356315	0.00110615	1.10214e-06	4797.73	5.15698e-07	5.14403e-08	5.13111e-08	5.11823e-08	5.10058e-08	5.083e-08	5.06548e-08	5.04802e-08	1.45928e-05	3.67471e-11	3.66548e-11	3.65626e-11	3.64366e-11	3.63116e-11	3.6348e-11	7.70313e-11	1.03835e-08	7.2054e-08	7.18527e-08	7.51439e-08	3.40944e-07	2.03423e-05	7.99776e-08	4.11356e-09	6.13546e-10	7.88692e-11	8.87628e-12	-6.2156e-07	-4.19388e-10	-3.23841e-12	-2.04498e-12	-1.41249e-12	-0.000899195	-0.000826374	-0.000759722	-0.000698694	-0.000642797	1.31069e-06	9.09824e-11	1.16231e-14	1.15501e-17	1.94295e-20	59557.6	2.3234	2.26697	10133.6	1402	869.576	4.71346e+06	385.115	1304.19	256902	45555.1	95.3985	6114.54	57939.7	59026.3	5.04402e+06	3.75526e-05	1.11423	5736.54	351.505	
2.7e+06	6016.61	82.7712	1085.94	2.41701e-05	3.88849e-06	8.99625e-37	-3.59083e-39	89.8576	1883.47	9.99993	900	1000	6.20614e-40	6.11441e-40	6.02323e-40	5.92709e-40	1.2179e-38	1.20928e-38	1.20072e-38	-3.87148e-38	-1.19544e-32	-3.63349e-31	4.50658e-31	2.00261e-38	6.62373e-37	-7.02492e-43	-7.0359e-43	-7.04734e-43	-7.2544e-43	3.25618e-43	-1.59346e-42	-2.51339e-42	-5.16998e-40	0.000398313	4.14373e-07	4.74997e-10	8.86881e-13	8.76803e-15	5.79922e+06	14.1197	5377.94	0.405169	1.38738e-06	1200	0.0184143	23.4077	0.000148403	350.409	651.128	4.48345	-6.91884e-36	-1.58121e-38	5.80494e-39	5.79071e-39	4.63107e-39	4.60467e-39	-5.92629e-39	-5.89517e-39	-5.86421e-39	2.0209e-36	3.40334e-41	-5.71175e-41	1.21906e-41	-4.104e-42	-2.62756e-41	9.10921e-41	-5.16437e-41	-4.14532e-39	-7.55978e-38	-5.45021e-37	-6.71731e-39	-3.65435e-38	-3.07217e-38	0.965507	0.00030916	0.000904578	9.49084e-07	4797.62	4.42418e-07	4.41138e-08	4.39862e-08	4.38589e-08	4.3691e-08	4.35238e-08	4.33571e-08	4.31911e-08	1.12387e-05	2.73419e-11	2.72628e-11	2.71839e-11	2.70798e-11	2.69764e-11	2.69545e-11	5.05386e-11	6.94202e-09	6.172e-08	6.15199e-08	6.40088e-08	2.68587e-07	1.56667e-05	6.35227e-09	2.44501e-10	3.63536e-11	4.67629e-12	5.26661e-13	-5.30708e-07	-2.99443e-10	-3.54937e-13	-1.2135e-13	-8.37631e-14	-0.000890762	-0.000808666	-0.00073443	-0.000667274	-0.000606499	9.33241e-07	5.35219e-11	3.61289e-15	9.18885e-19	1.26227e-21	67956.3	2.44204	2.37732	10134.4	1402	869.576	5.43348e+06	385.115	1465.63	295902	45555.1	82.7712	6099.38	57939.9	59025.9	5.8116e+06	2.91273e-05	0.966721	5728.78	350.832	
3e+06	6014.67	73.0961	1085.78	2.10818e-05	3.39113e-06	5.38192e-36	8.85643e-38	89.8575	1883.48	9.99993	900	1000	1.3499e-38	1.34741e-38	1.34493e-38	1.34118e-38	4.62768e-38	4.62162e-38	4.61553e-38	9.02762e-36	-8.25529e-37	-6.45666e-35	-4.59846e-33	-2.15969e-31	1.26044e-35	1.07775e-41	1.07533e-41	1.07295e-41	1.07932e-41	4.81089e-41	3.58629e-41	8.3046e-41	8.2401e-39	0.000305995	2.74394e-07	2.62663e-10	2.89644e-13	8.20747e-16	6.56679e+06	14.1103	5375.62	0.404996	1.22612e-06	1200	0.016274	22.2259	0.000109997	350.205	650.996	3.95937	-2.02759e-35	-7.68472e-38	-1.20769e-38	-1.20591e-38	-2.27017e-38	-2.26229e-38	-1.53517e-38	-1.54016e-38	-1.54509e-38	-7.59226e-36	-1.25852e-40	-1.66043e-40	-1.86972e-40	-1.68694e-40	-3.28332e-40	-2.36688e-40	-7.6028e-40	-9.44429e-38	-2.449e-36	-2.06841e-34	-1.51198e-32	1.6081e-31	-9.32132e-36	0.852666	0.000273028	0.000758469	8.31901e-07	4797.52	3.86344e-07	3.85079e-08	3.83818e-08	3.82561e-08	3.80951e-08	3.79348e-08	3.77751e-08	3.76161e-08	8.89929e-06	2.10774e-11	2.10084e-11	2.09396e-11	2.08514e-11	2.07638e-11	2.07208e-11	3.52734e-11	4.85636e-09	5.38145e-08	5.36167e-08	5.55474e-08	2.17436e-07	1.24054e-05	-2.51414e-08	1.37092e-11	2.15372e-12	2.77225e-13	3.12434e-14	-4.62238e-07	-2.25143e-10	-1.26617e-13	-7.25135e-15	-4.9668e-15	-0.000881983	-0.000791112	-0.000709916	-0.000637333	-0.000572422	6.90962e-07	3.41182e-11	1.81459e-15	1.45455e-19	8.5481e-23	76355.2	2.54934	2.4764	10135.2	1402	869.576	6.15349e+06	385.115	1626.95	334903	45555.1	73.0961	6087.77	57940.5	59026.2	6.57917e+06	2.32288e-05	0.853698	5726.25	350.626	
3.3e+06	6013.14	65.4461	1085.75	1.86418e-05	2.99855e-06	-1.9329e-36	5.63173e-39	89.8575	1883.49	9.99994	900	1000	-1.07973e-39	-1.06986e-39	-1.06005e-39	-1.04932e-39	-8.42253e-39	-8.33976e-39	-8.25757e-39	-4.80574e-37	-4.10755e-38	2.27286e-35	1.57079e-33	3.24731e-32	5.98654e-37	2.58103e-43	2.60026e-43	2.61987e-43	2.76098e-43	1.68202e-42	-4.12756e-42	6.80241e-42	8.25185e-40	0.000242386	1.91173e-07	1.59062e-10	1.41895e-13	1.66861e-16	7.33436e+06	14.1011	5374.87	0.404941	1.09862e-06	1200	0.0145817	21.2241	8.42797e-05	350.145	650.892	3.545	1.14078e-36	8.19106e-39	4.34288e-39	4.33051e-39	-1.44381e-39	-1.44576e-39	7.34125e-39	7.28622e-39	7.23154e-39	9.206e-37	3.13308e-41	3.78574e-41	-2.09719e-41	9.13935e-41	1.06237e-41	2.44515e-41	5.34458e-41	1.28552e-38	-1.69734e-39	1.42276e-38	1.52923e-38	2.9494e-38	1.1379e-36	0.763441	0.000244458	0.000648455	7.39325e-07	4797.43	3.42073e-07	3.40823e-08	3.39577e-08	3.38336e-08	3.36783e-08	3.35237e-08	3.33699e-08	3.32167e-08	7.20433e-06	1.67026e-11	1.66416e-11	1.65807e-11	1.65046e-11	1.64289e-11	1.63794e-11	2.58102e-11	3.52107e-09	4.75748e-08	4.73797e-08	4.89072e-08	1.79875e-07	1.00426e-05	-4.30633e-08	-6.99773e-13	1.27529e-13	1.64329e-14	1.85322e-15	-4.08781e-07	-1.74997e-10	-7.94538e-14	-4.63666e-16	-2.945e-16	-0.000873028	-0.000773828	-0.000686229	-0.000608838	-0.000540433	5.26744e-07	2.28779e-11	1.05004e-15	5.38898e-20	7.67601e-24	84754.2	2.64728	2.56617	10135.8	1402	869.576	6.8735e+06	385.115	1788.22	373904	45555.1	65.4461	6078.59	57941.1	59026.8	7.34674e+06	1.8939e-05	0.764334	5725.43	350.564	
3.6e+06	6011.9	59.2457	1085.75	1.66674e-05	2.68097e-06	-3.90285e-37	-1.25633e-39	89.8575	1883.5	9.99994	900	1000	5.25547e-40	5.2421e-40	5.22874e-40	5.21049e-40	-7.94262e-39	-7.88961e-39	-7.83694e-39	-9.46351e-38	-2.03644e-39	-3.19628e-38	4.4639e-38	-1.19138e-38	-8.26427e-38	3.07092e-43	3.06149e-43	3.05228e-43	3.104e-43	-2.21125e-42	-1.19348e-42	-2.02629e-42	9.17607e-42	0.000196695	1.38513e-07	1.02146e-10	7.9408e-14	6.74989e-17	8.10193e+06	14.092	5374.62	0.404924	9.95171e-07	1200	0.0132086	20.3601	6.63059e-05	350.129	650.808	3.20914	-2.97322e-38	-2.5374e-39	-2.94252e-40	-2.9372e-40	-5.67832e-39	-5.65673e-39	2.18585e-40	2.15762e-40	2.12956e-40	-2.21786e-36	-2.37318e-42	-3.2152e-42	-3.8661e-41	-7.9272e-42	-1.47848e-42	-3.00106e-41	-3.60604e-41	-1.41022e-38	-5.42162e-39	-2.00728e-39	-4.67242e-39	-6.3595e-40	-8.70726e-37	0.691121	0.000221301	0.000563105	6.64361e-07	4797.35	3.0625e-07	3.05014e-08	3.03783e-08	3.02557e-08	3.01053e-08	2.99557e-08	2.98068e-08	2.96587e-08	5.93833e-06	1.35316e-11	1.34769e-11	1.34225e-11	1.33558e-11	1.32895e-11	1.32393e-11	1.95971e-11	2.62802e-09	4.25273e-08	4.23351e-08	4.35624e-08	1.51442e-07	8.27783e-06	-5.37287e-08	-1.85012e-12	7.48928e-15	9.73982e-16	1.09913e-16	-3.65889e-07	-1.39534e-10	-5.57116e-14	-4.86095e-17	-1.7469e-17	-0.000864004	-0.000756889	-0.000663396	-0.000581753	-0.00051042	4.10723e-07	1.59322e-11	6.47712e-16	2.79198e-20	1.57596e-24	93153.3	2.73735	2.64814	10136.5	1402	869.576	7.5935e+06	385.115	1949.48	412904	45555.1	59.2457	6071.14	57941.7	59027.4	8.11431e+06	1.57226e-05	0.691906	5725.17	350.547	
3.9e+06	6010.87	54.1185	1085.76	1.50379e-05	2.41889e-06	-6.81409e-37	-1.32611e-39	89.8574	1883.51	9.99994	900	1000	-9.39717e-40	-9.36203e-40	-9.32702e-40	-9.28343e-40	1.4353e-39	1.42925e-39	1.42323e-39	-4.85964e-38	-4.93561e-34	-2.36937e-32	3.22669e-32	-1.44199e-38	-5.20884e-37	-4.42331e-43	-4.40648e-43	-4.38971e-43	-4.37334e-43	8.17495e-43	-1.49483e-42	1.11487e-42	6.22508e-41	0.000162771	1.03551e-07	6.86156e-11	4.75623e-14	3.48026e-17	8.8695e+06	14.0831	5374.54	0.40492	9.09529e-07	1200	0.0120719	19.6045	5.33063e-05	350.127	650.738	2.93142	3.62916e-36	8.30042e-39	1.70749e-39	1.70913e-39	1.283e-39	1.29175e-39	-1.5834e-40	-1.65616e-40	-1.72806e-40	9.30218e-37	1.79079e-41	2.41555e-41	2.25433e-41	1.84466e-41	-9.64596e-42	2.33091e-41	1.33597e-41	8.02651e-39	4.86468e-39	3.76198e-39	2.97989e-39	1.47689e-38	6.35463e-37	0.631317	0.000202152	0.000495268	6.02436e-07	4797.28	2.7668e-07	2.75458e-08	2.74241e-08	2.7303e-08	2.71569e-08	2.70117e-08	2.68672e-08	2.67234e-08	4.9688e-06	1.11628e-11	1.11135e-11	1.10643e-11	1.10052e-11	1.09463e-11	1.08978e-11	1.53255e-11	2.00908e-09	3.83621e-08	3.81729e-08	3.91713e-08	1.29374e-07	6.92633e-06	-6.00414e-08	-1.99848e-12	3.79428e-16	5.77215e-17	6.51827e-18	-3.30718e-07	-1.13564e-10	-4.06173e-14	-1.66826e-17	-1.04096e-18	-0.000854983	-0.00074034	-0.000641425	-0.000556033	-0.000482275	3.26013e-07	1.14297e-11	4.17615e-16	1.59822e-20	6.62577e-25	101552	2.82073	2.72348	10137	1402	869.576	8.31351e+06	385.115	2110.74	451904	45555.1	54.1185	6064.99	57942.2	59028	8.88188e+06	1.32498e-05	0.632015	5725.08	350.544	
4.2e+06	6010	49.808	1085.77	1.36711e-05	2.19905e-06	-1.56896e-37	-1.05355e-39	89.8574	1883.52	9.99994	900	1000	7.92273e-40	7.8724e-40	7.82235e-40	7.76532e-40	-1.18921e-38	-1.18112e-38	-1.17308e-38	-1.33645e-38	8.1107e-34	-2.8717e-31	4.60909e-31	-2.10351e-38	-7.31814e-38	1.70463e-43	1.69047e-43	1.67659e-43	1.73002e-43	-3.4393e-42	4.5234e-42	-3.4875e-42	-2.34032e-41	0.000136893	7.9428e-08	4.77987e-11	2.99324e-14	1.95937e-17	9.63707e+06	14.0745	5374.51	0.40492	8.37451e-07	1200	0.0111152	18.9358	4.36358e-05	350.128	650.679	2.69794	-1.26311e-35	-3.35057e-38	-1.28315e-38	-1.28015e-38	-5.21578e-39	-5.23274e-39	-1.23981e-38	-1.24153e-38	-1.24319e-38	-4.09156e-36	-8.68538e-41	-8.42983e-41	-6.67746e-41	-1.10706e-40	-1.38408e-40	-1.00681e-40	-2.13938e-40	-2.93868e-38	4.8973e-33	5.49271e-31	-1.22161e-38	-5.35505e-38	-3.52526e-36	0.581039	0.000186053	0.000440264	5.50433e-07	4797.21	2.51868e-07	2.50659e-08	2.49457e-08	2.4826e-08	2.46838e-08	2.45424e-08	2.44018e-08	2.4262e-08	4.21066e-06	9.34875e-12	9.3039e-12	9.25925e-12	9.20621e-12	9.15348e-12	9.10771e-12	1.2276e-11	1.5672e-09	3.48684e-08	3.46822e-08	3.55021e-08	1.11886e-07	5.8695e-06	-6.36337e-08	-1.98109e-12	-3.67275e-17	3.41874e-18	3.86528e-19	-3.0136e-07	-9.40022e-11	-3.0427e-14	-1.03395e-17	-6.49623e-20	-0.000846012	-0.000724209	-0.000620308	-0.000531626	-0.000455889	2.62488e-07	8.39776e-12	2.78783e-16	9.63676e-21	3.495e-25	109952	2.89834	2.7931	10137.5	1402	869.576	9.03352e+06	385.115	2272	490905	45555.1	49.808	6059.81	57942.8	59028.5	9.64944e+06	1.13086e-05	0.581665	5725.05	350.544	
4.5e+06	6009.27	46.1336	1085.78	1.25086e-05	2.01208e-06	-7.14033e-35	-4.41494e-37	89.8574	1883.53	9.99994	900	1000	-3.46261e-38	-3.43983e-38	-3.41718e-38	-3.39149e-38	-6.14824e-39	-5.7189e-39	-5.29453e-39	-3.82325e-35	1.43904e-31	-9.31858e-30	1.53224e-30	-1.02824e-36	-6.4725e-35	-7.2147e-42	-7.15287e-42	-7.09146e-42	-6.98198e-42	2.32066e-41	7.63281e-43	-5.14172e-41	-2.37803e-38	0.000116704	6.22454e-08	3.43156e-11	1.96058e-14	1.16466e-17	1.04046e+07	14.066	5374.5	0.404921	7.75951e-07	1200	0.0102989	18.3385	3.62698e-05	350.131	650.629	2.4989	3.45412e-34	5.47887e-37	3.0276e-37	3.0173e-37	1.56604e-37	1.55798e-37	1.97576e-37	1.96186e-37	1.94806e-37	6.14633e-35	1.83267e-39	2.07413e-39	9.40472e-40	2.26586e-39	6.45909e-40	2.45936e-39	1.41448e-39	2.19398e-37	1.82193e-31	1.71229e-29	4.74204e-37	1.51537e-36	8.39074e-35	0.538178	0.000172329	0.000394912	5.06156e-07	4797.14	2.30759e-07	2.29564e-08	2.28376e-08	2.27194e-08	2.25806e-08	2.24427e-08	2.23056e-08	2.21693e-08	3.60722e-06	7.93034e-12	7.88928e-12	7.84843e-12	7.80049e-12	7.75285e-12	7.71003e-12	1.003e-11	1.24374e-09	3.18973e-08	3.17141e-08	3.23927e-08	9.77806e-08	5.02832e-06	-6.54818e-08	-1.90294e-12	-5.51419e-17	2.00977e-19	2.29192e-20	-2.76489e-07	-7.892e-11	-2.33049e-14	-7.1427e-18	-5.91079e-21	-0.000837123	-0.000708508	-0.000600027	-0.000508472	-0.000431153	2.13783e-07	6.29123e-12	1.91436e-16	6.0399e-21	1.98316e-25	118351	2.97093	2.85776	10138	1402	869.576	9.75352e+06	385.115	2433.25	529905	45555.1	46.1336	6055.4	57943.2	59029	1.0417e+07	9.75745e-06	0.538746	5725.04	350.546	
4.8e+06	6008.63	42.964	1085.79	1.15084e-05	1.85121e-06	4.01509e-36	2.72359e-38	89.8574	1883.54	9.99994	900	1000	5.88993e-39	5.86074e-39	5.83169e-39	5.79736e-39	1.87977e-38	1.88001e-38	1.88016e-38	2.83519e-36	-2.00537e-33	3.05103e-31	3.23591e-31	8.54241e-38	4.20367e-36	2.18286e-42	2.17232e-42	2.16187e-42	2.16757e-42	1.38882e-41	5.18838e-42	1.70463e-41	1.34355e-39	0.000100653	4.96756e-08	2.52695e-11	1.32778e-14	7.22524e-18	1.11722e+07	14.0577	5374.49	0.404922	7.22859e-07	1200	0.00959421	17.8003	3.05453e-05	350.133	650.586	2.32722	5.81044e-36	9.83458e-39	2.5772e-39	2.58536e-39	6.53747e-39	6.50738e-39	-1.17339e-38	-1.17322e-38	-1.17301e-38	1.14764e-36	2.55613e-41	1.50375e-41	3.23285e-41	3.04434e-41	-1.0098e-40	5.18027e-41	-1.00338e-40	1.83409e-39	-1.40774e-32	-1.11228e-30	-1.40587e-31	3.30018e-39	1.18449e-36	0.501207	0.000160491	0.000356981	4.6801e-07	4797.08	2.1259e-07	2.11409e-08	2.10234e-08	2.09066e-08	2.0771e-08	2.06362e-08	2.05024e-08	2.03694e-08	3.11953e-06	6.8014e-12	6.7636e-12	6.72601e-12	6.68238e-12	6.63903e-12	6.59914e-12	8.33179e-12	1.00183e-09	2.93409e-08	2.91606e-08	2.97256e-08	8.62297e-08	4.34851e-06	-6.61918e-08	-1.79888e-12	-5.00109e-17	1.05801e-20	1.35887e-21	-2.55154e-07	-6.70612e-11	-1.81883e-14	-5.10148e-18	-1.69869e-21	-0.000828336	-0.000693242	-0.000580559	-0.00048651	-0.000407962	1.75736e-07	4.78903e-12	1.34555e-16	3.90657e-21	1.17519e-25	126750	3.0391	2.91806	10138.5	1402	869.576	1.04735e+07	385.115	2594.5	568905	45555.1	42.964	6051.6	57943.7	59029.5	1.11846e+07	8.49884e-06	0.501724	5725.04	350.548	
5.1e+06	6008.08	40.202	1085.8	1.06391e-05	1.71139e-06	-4.2691e-36	-3.14285e-38	89.8573	1883.55	9.99994	900	1000	-3.00397e-39	-3.00115e-39	-2.99826e-39	-2.99249e-39	-7.6808e-39	-7.78366e-39	-7.88479e-39	-3.31667e-36	-4.56895e-39	-1.03263e-38	-1.57381e-38	-7.7234e-38	-4.81937e-36	-1.71441e-42	-1.70901e-42	-1.70366e-42	-1.71787e-42	-1.06699e-41	-7.21259e-42	-1.41343e-41	-1.53704e-39	8.76818e-05	4.02689e-08	1.90168e-11	9.25118e-15	4.64585e-18	1.19398e+07	14.0496	5374.48	0.404923	6.76562e-07	1200	0.00897971	17.312	2.60186e-05	350.135	650.549	2.17761	-1.30807e-35	-2.16439e-38	-3.31326e-39	-3.3217e-39	-2.10375e-39	-2.0683e-39	-1.46715e-38	-1.45209e-38	-1.43717e-38	-2.40761e-36	-3.03374e-41	-2.47716e-41	5.31286e-42	-7.99909e-42	-2.11549e-41	-2.52537e-41	-4.64633e-41	-1.15023e-38	-3.41294e-39	-2.14926e-38	-1.53959e-38	-6.09744e-38	-2.89569e-36	0.468988	0.000150175	0.000324864	4.34814e-07	4797.03	1.96794e-07	1.95625e-08	1.94464e-08	1.9331e-08	1.91982e-08	1.90664e-08	1.89355e-08	1.88055e-08	2.72015e-06	5.88901e-12	5.85405e-12	5.81929e-12	5.77934e-12	5.73966e-12	5.70252e-12	7.01881e-12	8.17502e-10	2.71192e-08	2.69418e-08	2.74141e-08	7.66451e-08	3.79179e-06	-6.61513e-08	-1.68597e-12	-4.39899e-17	-4.64891e-22	8.05358e-23	-2.36655e-07	-5.75795e-11	-1.44257e-14	-3.72815e-18	-1.00871e-21	-0.000819668	-0.000678407	-0.000561876	-0.000465679	-0.000386214	1.45537e-07	3.69387e-12	9.64265e-17	2.59377e-21	7.20513e-26	135150	3.10336	2.9745	10138.9	1402	869.576	1.11935e+07	385.115	2755.76	607905	45555.1	40.202	6048.28	57944.1	59029.9	1.19521e+07	7.46399e-06	0.469463	5725.03	350.549	
5.4e+06	6007.59	37.7736	1085.8	9.87693e-06	1.5888e-06	4.4536e-37	-5.02141e-40	89.8573	1883.55	9.99994	900	1000	1.73747e-39	1.72459e-39	1.71181e-39	1.69753e-39	1.98566e-39	1.99769e-39	2.00945e-39	5.5942e-39	-4.14202e-37	4.96444e-36	-2.9094e-35	1.59752e-39	-7.6835e-38	4.01646e-43	3.98546e-43	3.95469e-43	3.93122e-43	1.78962e-42	-1.53562e-43	1.52765e-42	-7.69326e-41	7.70508e-05	3.30898e-08	1.45828e-11	6.60518e-15	3.08027e-18	1.27073e+07	14.0417	5374.48	0.404925	6.35835e-07	1200	0.00843913	16.8662	2.23848e-05	350.137	650.516	2.04607	-8.00156e-36	-1.33697e-38	-5.33366e-39	-5.31098e-39	1.36695e-40	1.08485e-40	2.91372e-39	2.85735e-39	2.80164e-39	-1.39203e-36	-2.43176e-41	-7.28063e-42	-1.4859e-41	-1.4578e-41	-1.01372e-41	-5.13483e-41	-2.82534e-41	-8.40292e-39	-8.96581e-40	2.87103e-39	-4.59691e-39	-2.02405e-38	-1.68558e-36	0.440662	0.000141105	0.000297377	4.05668e-07	4796.97	1.82938e-07	1.81783e-08	1.80635e-08	1.79494e-08	1.78194e-08	1.76903e-08	1.75621e-08	1.74349e-08	2.38926e-06	5.14175e-12	5.10928e-12	5.077e-12	5.04022e-12	5.00371e-12	4.96912e-12	5.98412e-12	6.74752e-10	2.51714e-08	2.49967e-08	2.53927e-08	6.85998e-08	3.33054e-06	-6.56142e-08	-1.57304e-12	-3.85704e-17	-9.26026e-22	4.75162e-24	-2.20465e-07	-4.98879e-11	-1.16027e-14	-2.77778e-18	-6.86527e-22	-0.000811126	-0.000664	-0.000543947	-0.000445917	-0.000365813	1.21236e-07	2.88023e-12	7.02302e-17	1.7604e-21	4.54451e-26	143549	3.16413	3.02751	10139.3	1402	869.576	1.19135e+07	385.115	2917.01	646905	45555.1	37.7736	6045.37	57944.5	59030.3	1.27197e+07	6.60315e-06	0.4411	5725.03	350.551	
5.7e+06	6007.16	35.6219	1085.81	9.20353e-06	1.48048e-06	7.27644e-38	-1.40825e-39	89.8573	1883.56	9.99995	900	1000	1.57936e-41	8.00521e-42	3.18875e-43	-7.25258e-42	-6.9165e-39	-6.91436e-39	-6.91186e-39	-6.66581e-38	5.23943e-36	-9.84398e-34	-1.95188e-33	-5.92446e-31	-1.71895e-37	-3.13863e-43	-3.13877e-43	-3.13886e-43	-3.19115e-43	-3.92338e-42	-1.34324e-42	-4.063e-42	-6.62012e-41	6.82298e-05	2.75165e-08	1.1368e-11	4.81748e-15	2.09725e-18	1.34749e+07	14.034	5374.48	0.404926	5.9973e-07	1200	0.0079599	16.4569	1.94286e-05	350.139	650.486	1.92952	-2.20657e-36	-5.07889e-39	3.22856e-40	3.2452e-40	1.79514e-39	1.78786e-39	2.44988e-39	2.46161e-39	2.47302e-39	-3.49349e-37	2.95163e-42	2.93173e-42	8.87511e-42	-8.46839e-42	2.26423e-41	-1.35864e-41	2.2364e-41	-6.76991e-40	1.88417e-37	2.24376e-35	2.55291e-33	2.45276e-31	-1.48534e-36	0.415562	0.000133068	0.000273629	3.79881e-07	4796.92	1.70691e-07	1.69549e-08	1.68414e-08	1.67287e-08	1.66011e-08	1.64746e-08	1.6349e-08	1.62244e-08	2.11228e-06	4.52253e-12	4.49226e-12	4.46218e-12	4.42817e-12	4.39441e-12	4.36214e-12	5.15512e-12	5.626e-10	2.34504e-08	2.32785e-08	2.3611e-08	6.17772e-08	2.94445e-06	-6.47499e-08	-1.46458e-12	-3.38445e-17	-7.97257e-22	2.63823e-25	-2.0618e-07	-4.3569e-11	-9.44743e-15	-2.10493e-18	-4.82673e-22	-0.000802719	-0.00065001	-0.000526741	-0.000427165	-0.000346668	1.01445e-07	2.26579e-12	5.1847e-17	1.21713e-21	2.93585e-26	151949	3.22177	3.07745	10139.6	1402	869.576	1.26335e+07	385.115	3078.26	685906	45555.1	35.6219	6042.78	57944.9	59030.7	1.34873e+07	5.87964e-06	0.415969	5725.03	350.552	
6e+06	6006.77	33.7022	1085.81	8.60451e-06	1.38413e-06	-5.39287e-38	-2.87004e-39	89.8573	1883.57	9.99995	900	1000	-1.89878e-39	-1.89372e-39	-1.88863e-39	-1.88175e-39	-6.57929e-39	-6.54395e-39	-6.50878e-39	-4.65062e-37	3.26558e-33	-5.1995e-33	-1.2374e-31	-1.04314e-38	-4.244e-37	-7.91029e-43	-7.87624e-43	-7.84231e-43	-7.81827e-43	-2.4007e-42	-7.66402e-43	-2.75124e-42	-1.9292e-40	6.08305e-05	2.31241e-08	8.99126e-12	3.58002e-15	1.46157e-18	1.42425e+07	14.0265	5374.47	0.404927	5.67503e-07	1200	0.00753214	16.0794	1.69954e-05	350.14	650.46	1.82553	-9.29889e-37	-3.82851e-39	-1.90731e-39	-1.88859e-39	1.39221e-39	1.37467e-39	3.66975e-39	3.64074e-39	3.61196e-39	-5.54777e-37	-3.35236e-42	6.81318e-42	1.95488e-42	3.14998e-42	1.20212e-41	9.67624e-42	7.62966e-42	-2.16661e-39	1.24168e-39	1.5684e-39	-1.35487e-39	-6.22432e-39	-8.17526e-37	0.393168	0.000125897	0.000252941	3.56908e-07	4796.88	1.59793e-07	1.58663e-08	1.57541e-08	1.56427e-08	1.55175e-08	1.53934e-08	1.52702e-08	1.5148e-08	1.8783e-06	4.00407e-12	3.97575e-12	3.94763e-12	3.91605e-12	3.88472e-12	3.85456e-12	4.48128e-12	4.73355e-10	2.19197e-08	2.17503e-08	2.20297e-08	5.59388e-08	2.61829e-06	-6.36733e-08	-1.36268e-12	-2.97634e-17	-6.63877e-22	1.64064e-27	-1.93485e-07	-3.83197e-11	-7.77649e-15	-1.619e-18	-3.46253e-22	-0.000794449	-0.000636428	-0.000510229	-0.000409367	-0.000328694	8.51569e-08	1.79513e-12	3.87077e-17	8.54749e-22	1.93555e-26	160348	3.27659	3.12462	10140	1402	869.576	1.33535e+07	385.115	3239.51	724906	45555.1	33.7022	6040.48	57945.2	59031	1.42548e+07	5.26594e-06	0.393547	5725.02	350.552	
6.3e+06	6006.43	31.9787	1085.82	8.06841e-06	1.2979e-06	-2.72255e-36	-1.15808e-38	89.8573	1883.58	9.99995	900	1000	-2.70414e-39	-2.68498e-39	-2.66597e-39	-2.64461e-39	-8.01094e-39	-7.98404e-39	-7.95705e-39	-1.2342e-36	-3.7715e-39	-1.06579e-38	-4.51567e-39	-3.39785e-38	-1.74344e-36	-6.78427e-43	-6.73601e-43	-6.68814e-43	-6.67656e-43	-3.25784e-42	-4.02131e-43	-3.87681e-42	-3.9189e-40	5.45635e-05	1.9616e-08	7.20361e-12	2.70494e-15	1.03973e-18	1.501e+07	14.0192	5374.47	0.404929	5.38561e-07	1200	0.00714799	15.7296	1.49715e-05	350.141	650.437	1.73218	9.19471e-36	1.08482e-38	7.41594e-39	7.38874e-39	6.99551e-39	6.96784e-39	-7.56434e-39	-7.45147e-39	-7.33995e-39	1.00354e-36	3.27855e-41	2.96905e-41	3.30533e-41	1.75475e-41	-1.86352e-42	4.71978e-41	7.73718e-42	4.78101e-39	9.85589e-39	-9.85201e-39	-3.13952e-40	3.00278e-39	8.11503e-37	0.373064	0.00011946	0.000234783	3.36317e-07	4796.83	1.50035e-07	1.48917e-08	1.47808e-08	1.46707e-08	1.45478e-08	1.44259e-08	1.4305e-08	1.41852e-08	1.67901e-06	3.56595e-12	3.53938e-12	3.51301e-12	3.48358e-12	3.45439e-12	3.42616e-12	3.92657e-12	4.01522e-10	2.05497e-08	2.0383e-08	2.06173e-08	5.09018e-08	2.34048e-06	-6.24633e-08	-1.26817e-12	-2.62518e-17	-5.54489e-22	-1.09657e-26	-1.82132e-07	-3.39157e-11	-6.4633e-15	-1.26185e-18	-2.52677e-22	-0.000786319	-0.000623243	-0.000494378	-0.000392468	-0.000311811	7.1627e-08	1.43009e-12	2.91649e-17	6.08167e-22	1.29825e-26	168748	3.32884	3.16927	10140.3	1402	869.576	1.40735e+07	385.115	3400.76	763906	45555.1	31.9787	6038.41	57945.5	59031.3	1.50224e+07	4.74108e-06	0.373418	5725.02	350.553	
6.6e+06	6006.12	30.423	1085.82	7.58603e-06	1.2203e-06	2.66742e-36	1.41211e-38	89.8573	1883.58	9.99995	900	1000	1.69362e-39	1.68225e-39	1.67096e-39	1.65819e-39	4.76768e-40	5.01267e-40	5.25304e-40	1.49963e-36	2.47657e-39	1.42385e-40	-4.27981e-38	-6.02658e-37	2.14579e-36	4.45119e-43	4.42095e-43	4.39097e-43	4.38967e-43	9.65796e-43	2.01319e-42	1.87103e-42	5.29457e-40	4.92095e-05	1.67806e-08	5.83826e-12	2.07425e-15	7.53301e-19	1.57776e+07	14.0121	5374.46	0.40493	5.12426e-07	1200	0.0068011	15.4043	1.3272e-05	350.142	650.416	1.64791	4.44844e-36	4.04935e-39	2.65007e-39	2.65648e-39	3.08428e-39	3.05128e-39	9.2201e-39	9.13613e-39	9.05293e-39	4.93502e-37	1.68551e-41	1.6205e-41	6.35387e-42	6.8857e-42	2.4086e-41	1.37237e-41	2.74602e-41	2.29587e-39	4.63123e-39	1.26353e-38	-5.25482e-40	2.22396e-38	7.09581e-37	0.354915	0.000113649	0.000218739	3.1776e-07	4796.79	1.41251e-07	1.40146e-08	1.39048e-08	1.3796e-08	1.36752e-08	1.35555e-08	1.34368e-08	1.33192e-08	1.508e-06	3.19264e-12	3.16765e-12	3.14284e-12	3.11533e-12	3.08805e-12	3.06156e-12	3.46479e-12	3.43104e-10	1.93171e-08	1.91529e-08	1.93489e-08	4.65242e-08	2.10211e-06	-6.11744e-08	-1.18115e-12	-2.32315e-17	-4.65786e-22	-9.46821e-27	-1.7192e-07	-3.0188e-11	-5.41868e-15	-9.95209e-19	-1.87219e-22	-0.00077833	-0.000610443	-0.00047916	-0.000376417	-0.000295945	6.0295e-08	1.14384e-12	2.21364e-17	4.3743e-22	8.8353e-27	177147	3.37877	3.21165	10140.6	1402	869.576	1.47935e+07	385.115	3562.02	802906	45555.1	30.423	6036.54	57945.8	59031.6	1.579e+07	4.28884e-06	0.355248	5725.02	350.553	
6.9e+06	6005.83	29.0116	1085.82	7.14984e-06	1.15014e-06	-1.23745e-35	-3.40194e-38	89.8573	1883.59	9.99995	900	1000	-2.15664e-39	-2.1408e-39	-2.12508e-39	-2.1075e-39	2.84726e-38	2.81941e-38	2.79183e-38	-3.33012e-36	-4.61076e-39	3.37028e-38	-2.43141e-38	-4.05755e-38	-5.16079e-36	-5.20944e-43	-5.17095e-43	-5.13279e-43	-5.12573e-43	5.65267e-42	-4.00934e-42	4.58343e-42	-7.60031e-40	4.45996e-05	1.44643e-08	4.78101e-12	1.61192e-15	5.5481e-19	1.65451e+07	14.0052	5374.46	0.404931	4.88709e-07	1200	0.00648631	15.1006	1.18329e-05	350.142	650.396	1.57146	-2.25502e-35	-1.69584e-38	9.51831e-39	9.44117e-39	1.26899e-38	1.25768e-38	-7.11379e-38	-7.04826e-38	-6.98334e-38	-2.10271e-36	2.50745e-41	1.6113e-41	3.39398e-41	-7.64064e-41	-1.82978e-40	3.7169e-41	-1.8653e-40	-5.26324e-39	1.54469e-38	-9.44781e-38	2.03497e-38	-1.31889e-37	-2.61639e-36	0.338451	0.000108377	0.000204477	3.00953e-07	4796.75	1.33305e-07	1.32211e-08	1.31126e-08	1.3005e-08	1.28862e-08	1.27686e-08	1.2652e-08	1.25364e-08	1.36027e-06	2.87216e-12	2.84859e-12	2.82521e-12	2.79941e-12	2.77384e-12	2.74894e-12	3.07651e-12	2.95152e-10	1.82027e-08	1.80408e-08	1.8204e-08	4.26943e-08	1.89618e-06	-5.98447e-08	-1.10137e-12	-2.06305e-17	-3.93581e-22	-7.64914e-27	-1.62688e-07	-2.70077e-11	-4.5786e-15	-7.93341e-19	-1.40629e-22	-0.00077048	-0.000598016	-0.000464545	-0.000361166	-0.000281026	5.07338e-08	9.17186e-13	1.68954e-17	3.17392e-22	6.0861e-27	185547	3.42656	3.25195	10140.9	1402	869.576	1.55135e+07	385.115	3723.27	841906	45555.1	29.0116	6034.85	57946.1	59031.9	1.65575e+07	3.89655e-06	0.338764	5725.01	350.554	
7.2e+06	6005.58	27.7254	1085.82	6.75368e-06	1.08641e-06	-4.47472e-38	-2.13967e-39	89.8573	1883.6	9.99995	900	1000	4.34534e-39	4.30507e-39	4.26516e-39	4.22168e-39	-3.49696e-38	-3.46409e-38	-3.43155e-38	-3.03224e-36	-2.28864e-33	5.64983e-31	-2.78307e-30	1.55845e-38	-1.30034e-36	8.24687e-43	8.16949e-43	8.09274e-43	7.96656e-43	-7.94466e-42	-4.94901e-42	-8.92301e-42	-7.87822e-40	4.06023e-05	1.25536e-08	3.95212e-12	1.26778e-15	4.14712e-19	1.73127e+07	13.9984	5374.46	0.404932	4.6709e-07	1200	0.00619935	14.8163	1.06048e-05	350.143	650.379	1.50179	2.0098e-35	1.26154e-38	-1.08481e-38	-1.07811e-38	-9.14654e-39	-9.0798e-39	1.8495e-38	1.82936e-38	1.80946e-38	-3.77463e-36	-3.65244e-41	-4.12567e-41	-3.01647e-41	5.65846e-41	4.27109e-41	7.12732e-41	3.13948e-41	-7.6052e-39	3.78688e-40	-9.2443e-39	2.6892e-39	1.69101e-38	-2.54385e-37	0.323446	0.000103573	0.000191731	2.85663e-07	4796.71	1.26085e-07	1.25002e-08	1.23929e-08	1.22866e-08	1.21697e-08	1.2054e-08	1.19394e-08	1.18259e-08	1.23187e-06	2.59516e-12	2.57288e-12	2.55079e-12	2.52654e-12	2.50252e-12	2.47906e-12	2.74711e-12	2.55455e-10	1.71905e-08	1.7031e-08	1.71659e-08	3.93234e-08	1.7172e-06	-5.85007e-08	-1.02837e-12	-1.83852e-17	-3.34486e-22	-6.1964e-27	-1.54303e-07	-2.42748e-11	-3.89632e-15	-6.38566e-19	-1.06949e-22	-0.000762769	-0.00058595	-0.000450507	-0.000346668	-0.000266993	4.26133e-08	7.36167e-13	1.29447e-17	2.31858e-22	4.23378e-27	193946	3.47239	3.29033	10141.1	1402	869.576	1.62335e+07	385.115	3884.52	880906	45555.1	27.7254	6033.3	57946.4	59032.2	1.73251e+07	3.55416e-06	0.323742	5725.01	350.554	
7.5e+06	6005.34	26.5483	1085.82	6.39241e-06	1.0283e-06	-5.85787e-37	-1.44098e-39	89.8573	1883.6	9.99995	900	1000	1.57677e-39	1.56628e-39	1.55584e-39	1.54401e-39	1.81479e-39	1.79685e-39	1.77911e-39	-1.52637e-37	7.6397e-33	-3.18955e-30	1.24373e-30	-1.09669e-39	-2.37552e-37	3.83203e-43	3.80387e-43	3.77592e-43	3.75816e-43	4.37301e-43	4.82579e-43	3.96177e-43	-3.01603e-41	3.71139e-05	1.09637e-08	3.29493e-12	1.00805e-15	3.14176e-19	1.80803e+07	13.9917	5374.45	0.404934	4.47302e-07	1200	0.0059367	14.5492	9.5493e-06	350.143	650.363	1.43803	6.16294e-36	5.11618e-39	-2.67871e-39	-2.64972e-39	-5.9003e-39	-5.83442e-39	-9.57078e-39	-9.46537e-39	-9.36113e-39	-8.11901e-37	-5.15524e-42	-1.94595e-41	-1.19538e-41	-1.20759e-41	-2.04814e-41	-3.91602e-41	-2.23947e-41	-2.87032e-39	3.78102e-34	1.3833e-32	-2.90662e-31	-2.21913e-38	-1.18772e-36	0.309716	9.91763e-05	0.000180281	2.71696e-07	4796.67	1.19497e-07	1.18426e-08	1.17365e-08	1.16313e-08	1.15164e-08	1.14025e-08	1.12898e-08	1.11782e-08	1.11965e-06	2.35426e-12	2.33316e-12	2.31225e-12	2.28939e-12	2.26676e-12	2.24462e-12	2.46541e-12	2.22337e-10	1.62675e-08	1.61103e-08	1.62208e-08	3.63399e-08	1.56076e-06	-5.7161e-08	-9.61627e-13	-1.64413e-17	-2.85842e-22	-5.0562e-27	-1.46654e-07	-2.1911e-11	-3.33724e-15	-5.18532e-19	-8.22542e-23	-0.000755197	-0.000574233	-0.000437017	-0.000332882	-0.000253783	3.56751e-08	5.90489e-13	9.93802e-18	1.7019e-22	2.96786e-27	202346	3.51641	3.32696	10141.4	1402	869.576	1.69535e+07	385.115	4045.76	919906	45555.1	26.5483	6031.89	57946.6	59032.5	1.80926e+07	3.25364e-06	0.309995	5725.01	350.554	
7.8e+06	6005.12	25.4672	1085.83	6.06176e-06	9.75112e-07	-2.6503e-36	-3.39485e-39	89.8573	1883.61	9.99995	900	1000	-1.24105e-38	-1.22626e-38	-1.21161e-38	-1.19599e-38	-1.18575e-39	-9.26594e-40	-6.72321e-40	-1.07929e-36	1.14141e-34	3.22937e-34	-2.09966e-33	-6.74234e-39	-1.07131e-36	-1.20432e-42	-1.18228e-42	-1.16049e-42	-1.13047e-42	5.55582e-42	4.50828e-42	5.62425e-42	-8.60457e-41	3.40518e-05	9.63e-09	2.76849e-12	8.09551e-16	2.40936e-19	1.88478e+07	13.9853	5374.45	0.404935	4.29122e-07	1200	0.00569539	14.2978	8.63639e-06	350.143	650.348	1.37947	-4.13955e-35	-2.97972e-38	2.36261e-38	2.34335e-38	1.4342e-38	1.43143e-38	-8.83139e-39	-8.8305e-39	-8.82815e-39	-3.60789e-36	5.65028e-41	6.4847e-41	8.27678e-41	4.43804e-41	-2.50153e-41	-5.92614e-41	-2.52135e-41	-3.54937e-39	-1.47399e-36	5.59554e-35	7.00186e-33	-3.94818e-38	-1.6259e-36	0.297103	9.51379e-05	0.00016995	2.5889e-07	4796.64	1.13465e-07	1.12405e-08	1.11356e-08	1.10316e-08	1.09184e-08	1.08063e-08	1.06955e-08	1.05857e-08	1.02105e-06	2.14356e-12	2.12354e-12	2.10371e-12	2.08213e-12	2.06076e-12	2.03983e-12	2.22275e-12	1.94509e-10	1.54228e-08	1.52678e-08	1.5357e-08	3.36861e-08	1.42332e-06	-5.58381e-08	-9.00608e-13	-1.47529e-17	-2.45567e-22	-4.15574e-27	-1.3965e-07	-1.98542e-11	-2.87536e-15	-4.24463e-19	-6.39145e-23	-0.00074776	-0.000562854	-0.000424052	-0.000319767	-0.000241344	2.97153e-08	4.72452e-13	7.63043e-18	1.25267e-22	2.09185e-27	210746	3.55876	3.36197	10141.7	1402	869.576	1.76735e+07	385.115	4207.01	958906	45555.1	25.4672	6030.59	57946.9	59032.7	1.88602e+07	2.98851e-06	0.297369	5725	350.554	
8.1e+06	6004.92	24.4706	1085.83	5.75809e-06	9.26264e-07	4.39917e-35	1.09048e-37	89.8572	1883.62	9.99996	900	1000	2.03152e-38	2.01335e-38	1.99534e-38	1.97566e-38	4.41648e-39	4.40744e-39	4.39815e-39	1.60853e-35	5.52802e-37	1.27665e-35	-1.56709e-33	-1.31628e-31	2.03824e-35	4.12894e-42	4.09275e-42	4.05691e-42	4.04469e-42	1.66336e-42	2.06128e-41	5.15774e-42	3.19372e-39	3.13495e-05	8.50306e-09	2.34284e-12	6.56089e-16	1.86846e-19	1.96154e+07	13.979	5374.45	0.404936	4.12361e-07	1200	0.00547293	14.0604	7.84209e-06	350.143	650.334	1.32549	7.12251e-35	4.5395e-38	-3.33905e-38	-3.30892e-38	3.2263e-38	3.19384e-38	1.87819e-37	1.85964e-37	1.84126e-37	4.96992e-36	-8.12893e-41	7.70773e-41	7.62327e-41	2.64121e-42	4.48743e-40	1.42768e-40	4.51338e-40	9.61568e-39	5.19985e-38	2.40071e-37	-4.08257e-38	1.50924e-37	-7.84122e-36	0.285478	9.14155e-05	0.000160588	2.47109e-07	4796.6	1.07922e-07	1.06874e-08	1.05835e-08	1.04807e-08	1.03692e-08	1.02589e-08	1.01498e-08	1.00419e-08	9.34016e-07	1.95832e-12	1.9393e-12	1.92046e-12	1.90003e-12	1.87982e-12	1.86e-12	2.01233e-12	1.70974e-10	1.46471e-08	1.44943e-08	1.45649e-08	3.13145e-08	1.302e-06	-5.4541e-08	-8.44783e-13	-1.32812e-17	-2.12032e-22	-3.43912e-27	-1.33215e-07	-1.80548e-11	-2.49093e-15	-3.50037e-19	-5.01337e-23	-0.000740457	-0.0005518	-0.000411587	-0.000307285	-0.000229624	2.4571e-08	3.76236e-13	5.84631e-18	9.22485e-23	1.47904e-27	219145	3.59957	3.39548	10141.9	1402	869.576	1.83935e+07	385.115	4368.26	997906	45555.1	24.4706	6029.39	57947.1	59033	1.96278e+07	2.75347e-06	0.28573	5725	350.554	
8.4e+06	6004.74	23.5491	1085.83	5.47834e-06	8.81262e-07	-3.69248e-36	-7.70568e-39	89.8572	1883.62	9.99996	900	1000	-5.4729e-39	-5.4165e-39	-5.36068e-39	-5.3005e-39	-2.08287e-38	-2.05912e-38	-2.03565e-38	-2.17354e-36	2.51659e-33	1.37183e-30	-2.02929e-31	-6.18263e-36	-2.33798e-36	-9.43898e-43	-9.34162e-43	-9.24526e-43	-9.13797e-43	-3.55217e-42	-1.90012e-42	-3.82749e-42	-3.74713e-40	2.89527e-05	7.54437e-09	1.9957e-12	5.36191e-16	1.46392e-19	2.0383e+07	13.9728	5374.44	0.404937	3.9686e-07	1200	0.00526718	13.8359	7.14722e-06	350.143	650.322	1.27558	1.16231e-35	7.39761e-39	-1.67119e-38	-1.6547e-38	-5.72197e-39	-5.66499e-39	-9.70627e-39	-9.60488e-39	-9.50455e-39	-1.01023e-37	-3.61245e-41	-3.44424e-41	-1.35045e-41	-2.92631e-41	-2.18159e-41	-1.51816e-41	-1.73525e-41	4.08611e-39	-6.33792e-39	-1.01456e-38	-1.2889e-38	5.8454e-39	1.6168e-36	0.274728	8.79734e-05	0.000152072	2.36235e-07	4796.57	1.02813e-07	1.01776e-08	1.00749e-08	9.97322e-09	9.86339e-09	9.75477e-09	9.64735e-09	9.54111e-09	8.56853e-07	1.79468e-12	1.77657e-12	1.75864e-12	1.73928e-12	1.72012e-12	1.70132e-12	1.82878e-12	1.50948e-10	1.39325e-08	1.37818e-08	1.38362e-08	2.91859e-08	1.19444e-06	-5.32754e-08	-7.93659e-13	-1.1994e-17	-1.83952e-22	-2.86451e-27	-1.27282e-07	-1.64726e-11	-2.16875e-15	-2.90633e-19	-3.96666e-23	-0.000733285	-0.00054106	-0.000399599	-0.0002954	-0.000218575	2.0111e-08	2.97388e-13	4.45805e-18	6.77902e-23	1.04633e-27	227545	3.63893	3.4276	10142.1	1402	869.576	1.91135e+07	385.115	4529.51	1.03691e+06	45555.1	23.5491	6028.29	57947.3	59033.2	2.03953e+07	2.54421e-06	0.274968	5725	350.553	
8.7e+06	6004.57	22.6945	1085.83	5.21987e-06	8.39686e-07	-4.7709e-36	-1.1078e-38	89.8572	1883.63	9.99996	900	1000	-2.28818e-38	-2.26359e-38	-2.23927e-38	-2.21314e-38	-1.21473e-37	-1.20102e-37	-1.18748e-37	-5.30221e-36	-8.37144e-36	-5.63087e-35	-1.41138e-34	-1.48776e-32	-4.90132e-36	-3.78396e-42	-3.74327e-42	-3.70302e-42	-3.66265e-42	-2.08521e-41	-1.84771e-41	-2.12272e-41	-9.05466e-40	2.68173e-05	6.72373e-09	1.71035e-12	4.41603e-16	1.15787e-19	2.11505e+07	13.9668	5374.44	0.404938	3.82482e-07	1200	0.00507634	13.6231	6.53628e-06	350.143	650.31	1.22929	-2.73338e-35	-1.55962e-38	-1.93776e-37	-1.91741e-37	-1.77739e-38	-1.75469e-38	3.92377e-37	3.87919e-37	3.83511e-37	-1.24779e-35	-3.93395e-40	-4.74811e-40	-3.17361e-41	-4.1288e-40	8.00029e-40	-2.78007e-40	7.63585e-40	-1.97821e-38	-6.05192e-38	4.44735e-37	-9.03141e-38	3.65769e-37	-7.13806e-36	0.264759	8.47812e-05	0.000144298	2.26171e-07	4796.54	9.80908e-08	9.70641e-09	9.60482e-09	9.5043e-09	9.39606e-09	9.28906e-09	9.18328e-09	9.07871e-09	7.88162e-07	1.64948e-12	1.63222e-12	1.61513e-12	1.59674e-12	1.57856e-12	1.5607e-12	1.66778e-12	1.33813e-10	1.32723e-08	1.31237e-08	1.31638e-08	2.72678e-08	1.09869e-06	-5.20449e-08	-7.46778e-13	-1.08643e-17	-1.60315e-22	-2.40048e-27	-1.21796e-07	-1.5075e-11	-1.89704e-15	-2.42834e-19	-3.16371e-23	-0.000726242	-0.000530624	-0.000388066	-0.000284079	-0.000208154	1.62287e-08	2.32469e-13	3.37184e-18	4.95535e-23	7.38364e-28	235945	3.67696	3.45843	10142.3	1402	869.576	1.98335e+07	385.115	4690.76	1.07591e+06	45555.1	22.6945	6027.26	57947.6	59033.4	2.11629e+07	2.35712e-06	0.264988	5724.99	350.553	
9e+06	6004.41	21.8998	1085.83	4.98045e-06	8.01171e-07	3.52402e-37	4.80129e-40	89.8572	1883.63	9.99996	900	1000	-1.97478e-40	-1.91439e-40	-1.85508e-40	-1.79519e-40	2.49916e-39	2.45911e-39	2.41966e-39	8.65794e-38	1.0744e-36	-6.41478e-35	-5.26858e-33	-4.39639e-31	1.0301e-37	2.75168e-44	2.78608e-44	2.81939e-44	2.83499e-44	2.47564e-43	5.25305e-44	2.43664e-43	1.00564e-41	2.49067e-05	6.0172e-09	1.47405e-12	3.6631e-16	9.23831e-20	2.19181e+07	13.9609	5374.44	0.404939	3.69109e-07	1200	0.00489884	13.4209	5.9966e-06	350.143	650.299	1.18624	-1.23408e-36	-5.19385e-40	7.57568e-40	7.56419e-40	-1.37146e-39	-1.35059e-39	-1.9696e-39	-1.93959e-39	-1.91002e-39	-1.01034e-37	2.78696e-42	4.00905e-43	-1.8296e-42	3.2241e-43	-2.62154e-42	5.49665e-43	-2.51964e-42	-1.31154e-40	-2.05001e-39	-2.65224e-39	-1.18812e-39	-4.80794e-39	-1.75652e-37	0.255487	8.18125e-05	0.000137177	2.1683e-07	4796.51	9.37139e-08	9.26978e-09	9.16928e-09	9.06986e-09	8.96318e-09	8.85775e-09	8.75356e-09	8.65059e-09	7.2678e-07	1.52012e-12	1.50364e-12	1.48733e-12	1.46984e-12	1.45255e-12	1.43556e-12	1.52585e-12	1.19075e-10	1.26608e-08	1.25142e-08	1.25418e-08	2.55331e-08	1.01313e-06	-5.08519e-08	-7.03728e-13	-9.86926e-18	-1.40315e-22	-2.02318e-27	-1.1671e-07	-1.38351e-11	-1.66654e-15	-2.04085e-19	-2.54209e-23	-0.000719325	-0.00052048	-0.000376968	-0.000273291	-0.000198319	1.28371e-08	1.78799e-13	2.51802e-18	3.58815e-23	5.17736e-28	244344	3.71373	3.48805	10142.5	1402	869.576	2.05535e+07	385.115	4852	1.11491e+06	45555.1	21.8998	6026.31	57947.8	59033.6	2.19305e+07	2.18922e-06	0.255706	5724.99	350.553	
9.3e+06	6004.26	21.1588	1085.83	4.7581e-06	7.65404e-07	-5.3426e-38	-1.88384e-40	89.8572	1883.64	9.99996	900	1000	-5.20565e-41	-5.3169e-41	-5.42506e-41	-5.52486e-41	1.03709e-40	8.62637e-41	6.92239e-41	-9.43169e-39	-1.43524e-40	-5.32775e-40	1.06836e-40	-9.82856e-40	-1.63317e-38	-3.32373e-44	-3.31417e-44	-3.30443e-44	-3.31074e-44	-2.17336e-43	-1.52259e-43	-2.20324e-43	-2.60863e-42	2.31905e-05	5.40568e-09	1.27705e-12	3.05878e-16	7.43097e-20	2.26856e+07	13.9551	5374.43	0.40494	3.56639e-07	1200	0.00473333	13.2285	5.5178e-06	350.143	650.289	1.1461	1.16371e-36	1.03226e-39	6.34121e-40	6.35162e-40	3.23481e-40	3.24005e-40	4.91399e-40	5.22726e-40	5.53227e-40	9.35791e-38	2.61496e-42	-9.21247e-43	1.37022e-42	3.68321e-43	7.4159e-42	2.64927e-42	7.71027e-42	3.21291e-40	9.0702e-40	1.19165e-39	1.07568e-39	4.48073e-39	2.29433e-37	0.246843	7.90447e-05	0.000130636	2.08139e-07	4796.48	8.9647e-08	8.86414e-09	8.76471e-09	8.66639e-09	8.56121e-09	8.4573e-09	8.35465e-09	8.25325e-09	6.71738e-07	1.40442e-12	1.38866e-12	1.37308e-12	1.35642e-12	1.33995e-12	1.32377e-12	1.40015e-12	1.06336e-10	1.2093e-08	1.19484e-08	1.19648e-08	2.39588e-08	9.36399e-07	-4.96974e-08	-6.64133e-13	-8.99002e-18	-1.2331e-22	-1.71443e-27	-1.11981e-07	-1.27307e-11	-1.46993e-15	-1.72453e-19	-2.05674e-23	-0.000712532	-0.000510619	-0.000366284	-0.000263006	-0.000189034	9.8643e-09	1.34272e-13	1.84431e-18	2.55871e-23	3.58861e-28	252744	3.74933	3.51654	10142.7	1402	869.576	2.12736e+07	385.115	5013.25	1.15391e+06	45555.1	21.1588	6025.42	57948	59033.8	2.2698e+07	2.03802e-06	0.247053	5724.99	350.553	
9.6e+06	6004.12	20.4663	1085.83	4.55114e-06	7.32112e-07	-2.30579e-37	-4.51517e-40	89.8572	1883.65	9.99996	900	1000	7.61504e-40	7.52497e-40	7.43595e-40	7.34115e-40	-5.94934e-39	-5.87325e-39	-5.79813e-39	4.1255e-38	8.1512e-40	-7.05964e-39	4.24226e-39	-7.27759e-39	1.30913e-38	1.13191e-43	1.11839e-43	1.10503e-43	1.09546e-43	-8.90057e-43	1.9189e-43	-8.64059e-43	5.27308e-42	2.16433e-05	4.87374e-09	1.11176e-12	2.56997e-16	6.02241e-20	2.34532e+07	13.9495	5374.43	0.404941	3.44984e-07	1200	0.00457863	13.0451	5.09129e-06	350.143	650.28	1.10859	3.19036e-36	1.60776e-39	2.11041e-39	2.08444e-39	2.06449e-39	2.03715e-39	1.33948e-38	1.32252e-38	1.30578e-38	1.24479e-37	3.63652e-42	1.12088e-41	3.56224e-42	-1.58199e-42	2.42554e-41	-1.23599e-42	2.33972e-41	-2.97041e-40	2.03232e-39	1.71751e-38	1.89497e-39	1.72853e-38	3.6979e-38	0.238765	7.64581e-05	0.000124608	2.00033e-07	4796.46	8.58596e-08	8.48643e-09	8.38805e-09	8.29081e-09	8.18708e-09	8.08464e-09	7.98349e-09	7.8836e-09	6.22217e-07	1.30057e-12	1.28549e-12	1.27059e-12	1.25469e-12	1.23899e-12	1.22356e-12	1.28834e-12	9.5276e-11	1.15645e-08	1.14218e-08	1.14284e-08	2.25254e-08	8.67368e-07	-4.85817e-08	-6.27659e-13	-8.21055e-18	-1.08782e-22	-1.46023e-27	-1.07575e-07	-1.17434e-11	-1.30139e-15	-1.46464e-19	-1.67479e-23	-0.00070586	-0.000501031	-0.000355996	-0.000253197	-0.000180263	7.25077e-09	9.72196e-14	1.31112e-18	1.78111e-23	2.44028e-28	261144	3.78382	3.54397	10142.9	1402	869.576	2.19936e+07	385.115	5174.49	1.19291e+06	45555.1	20.4663	6024.58	57948.1	59034	2.34656e+07	1.90139e-06	0.238966	5724.98	350.552	
9.9e+06	6003.99	19.8177	1085.83	4.35809e-06	7.01057e-07	-2.0157e-35	-5.3679e-38	89.8572	1883.65	9.99996	900	1000	-4.50218e-39	-4.47954e-39	-4.45685e-39	-4.42996e-39	-8.05707e-38	-7.99823e-38	-7.93968e-38	-9.11567e-36	-8.32058e-39	-1.12289e-37	-3.68411e-38	-2.42694e-37	-1.14758e-35	-1.11318e-42	-1.10513e-42	-1.09712e-42	-1.09793e-42	-1.88414e-41	-4.9606e-42	-2.09905e-41	-2.10332e-39	2.02437e-05	4.40889e-09	9.72274e-13	2.17175e-16	4.91525e-20	2.42208e+07	13.9439	5374.43	0.404942	3.34067e-07	1200	0.00443372	12.8701	4.70992e-06	350.142	650.271	1.07346	-2.456e-35	-1.50112e-38	6.82012e-39	6.90924e-39	9.01365e-41	1.65489e-40	-9.10302e-38	-9.00504e-38	-8.9081e-38	-3.46011e-36	3.97642e-41	-8.79767e-42	1.38684e-41	-2.78708e-41	-1.96852e-40	-8.54935e-41	-1.99599e-40	-8.22953e-39	1.51305e-39	-1.20694e-37	-6.31957e-38	-1.68053e-37	-3.66799e-36	0.231199	7.40354e-05	0.00011904	1.92458e-07	4796.43	8.23247e-08	8.13395e-09	8.03661e-09	7.94043e-09	7.83811e-09	7.73711e-09	7.63742e-09	7.539e-09	5.77525e-07	1.20704e-12	1.1926e-12	1.17833e-12	1.16314e-12	1.14815e-12	1.13342e-12	1.1885e-12	8.56326e-11	1.10715e-08	1.09307e-08	1.09286e-08	2.12165e-08	8.0507e-07	-4.75046e-08	-5.94004e-13	-7.51736e-18	-9.63151e-23	-1.24972e-27	-1.0346e-07	-1.08576e-11	-1.15621e-15	-1.24983e-19	-1.37199e-23	-0.000699307	-0.000491706	-0.000346086	-0.000243838	-0.000171973	4.94683e-09	6.63103e-14	8.88259e-19	1.19258e-23	1.60846e-28	269543	3.81728	3.57042	10143.1	1402	869.576	2.27136e+07	385.115	5335.74	1.23191e+06	45555.1	19.8177	6023.81	57948.3	59034.2	2.42331e+07	1.77755e-06	0.231392	5724.98	350.552	
1.02e+07	6003.87	19.209	1085.83	4.17765e-06	6.7203e-07	2.19876e-37	1.21002e-39	89.8572	1883.66	9.99996	900	1000	2.38228e-39	2.36236e-39	2.34258e-39	2.32078e-39	8.73335e-39	8.63604e-39	8.53982e-39	4.13656e-37	-7.7917e-37	-8.49029e-35	-8.43958e-33	1.55562e-31	4.02797e-37	4.7368e-43	4.69434e-43	4.65223e-43	4.61389e-43	1.52336e-42	2.02921e-42	1.57072e-42	8.04881e-41	1.89735e-05	4.00089e-09	8.53901e-13	1.84515e-16	4.03804e-20	2.49883e+07	13.9385	5374.43	0.404943	3.23819e-07	1200	0.0042977	12.7027	4.3677e-06	350.142	650.263	1.04049	3.28855e-36	7.06166e-40	-1.11105e-39	-1.10069e-39	-1.23213e-40	-1.27452e-40	-2.16402e-39	-2.13571e-39	-2.1078e-39	-7.07098e-37	-2.64508e-42	-6.28656e-42	-1.38083e-42	-5.53469e-42	-4.23753e-42	-9.27362e-42	-5.23989e-42	-1.08788e-39	-2.40758e-36	-2.23728e-34	-2.05074e-32	2.07818e-31	-7.36169e-37	0.224097	7.17615e-05	0.000113882	1.85363e-07	4796.4	7.90188e-08	7.80436e-09	7.70804e-09	7.61291e-09	7.51197e-09	7.41236e-09	7.31408e-09	7.21709e-09	5.37076e-07	1.12256e-12	1.10871e-12	1.09502e-12	1.0805e-12	1.06618e-12	1.05209e-12	1.099e-12	7.71907e-11	1.06108e-08	1.04718e-08	1.04619e-08	2.00179e-08	7.48685e-07	-4.64655e-08	-5.62899e-13	-6.89906e-18	-8.55718e-23	-1.07443e-27	-9.96093e-08	-1.00604e-11	-1.03061e-15	-1.07127e-19	-1.13028e-23	-0.000692869	-0.000482635	-0.000336537	-0.000234905	-0.000164134	2.91079e-09	4.04751e-14	5.52476e-19	7.46848e-24	1.00564e-28	277943	3.84976	3.59593	10143.3	1402	869.576	2.34336e+07	385.115	5496.99	1.27091e+06	45555.1	19.209	6023.07	57948.5	59034.3	2.50007e+07	1.66498e-06	0.224283	5724.98	350.551	
1.05e+07	6003.75	18.6365	1085.83	4.00867e-06	6.44848e-07	1.12169e-35	1.85198e-38	89.8572	1883.66	9.99996	900	1000	5.77745e-39	5.7039e-39	5.63129e-39	5.55444e-39	-4.00275e-38	-3.94814e-38	-3.89428e-38	2.70347e-36	7.76031e-34	-4.83849e-32	4.13266e-32	-3.58518e-32	3.5601e-36	8.0554e-43	7.95288e-43	7.85161e-43	7.6828e-43	-5.57622e-42	-2.4961e-43	-5.13316e-42	3.76485e-40	1.78174e-05	3.64135e-09	7.52931e-13	1.5756e-16	3.33785e-20	2.57559e+07	13.9332	5374.42	0.404944	3.14181e-07	1200	0.00416978	12.5425	4.05959e-06	350.142	650.255	1.00948	4.57973e-35	2.0444e-38	-5.09611e-39	-5.0294e-39	2.88853e-38	2.84891e-38	5.76262e-38	5.68373e-38	5.60591e-38	3.84645e-36	-8.2524e-42	2.41682e-41	4.7922e-41	-2.60384e-41	9.5823e-41	2.84876e-42	9.62509e-41	3.90779e-39	2.17216e-33	-2.32448e-33	-2.14426e-32	-4.26307e-32	3.17048e-36	0.217419	6.96232e-05	0.000109094	1.78705e-07	4796.38	7.59213e-08	7.49559e-09	7.40027e-09	7.30617e-09	7.20657e-09	7.10832e-09	7.01141e-09	6.91582e-09	5.00365e-07	1.04602e-12	1.03272e-12	1.01958e-12	1.00568e-12	9.91972e-13	9.7849e-13	1.01851e-12	6.97731e-11	1.01794e-08	1.00422e-08	1.00254e-08	1.89173e-08	6.97512e-07	-4.54636e-08	-5.34105e-13	-6.34595e-18	-7.62758e-23	-9.27721e-28	-9.59981e-08	-9.34075e-12	-9.21503e-16	-9.22054e-20	-9.36088e-24	-0.000686545	-0.000473809	-0.000327333	-0.000226375	-0.000156717	1.1075e-09	1.88499e-14	2.85774e-19	4.09553e-24	5.69437e-29	286343	3.88133	3.62057	10143.4	1402	869.576	2.41536e+07	385.115	5658.23	1.30991e+06	45555.1	18.6365	6022.39	57948.7	59034.5	2.57683e+07	1.56237e-06	0.217598	5724.97	350.551	
1.08e+07	6003.64	18.0972	1085.83	3.85015e-06	6.19347e-07	5.78582e-38	2.38804e-40	89.8572	1883.67	9.99996	900	1000	4.80505e-41	5.04656e-41	5.28106e-41	5.5033e-41	5.61005e-40	5.48885e-40	5.36995e-40	1.87262e-38	1.0056e-40	-2.58846e-40	2.66559e-39	1.1234e-39	3.09695e-38	3.9644e-44	3.95532e-44	3.94583e-44	3.94065e-44	3.26966e-44	2.71231e-43	3.64097e-44	5.20609e-42	1.67621e-05	3.32329e-09	6.66387e-13	1.35182e-16	2.77503e-20	2.65234e+07	13.9281	5374.42	0.404945	3.051e-07	1200	0.00404925	12.3889	3.78132e-06	350.142	650.248	0.980266	1.31124e-36	3.4917e-40	1.03913e-39	1.01488e-39	6.11938e-40	6.22681e-40	2.21758e-39	2.19604e-39	2.17468e-39	-1.17874e-38	3.16675e-43	2.75377e-42	3.46273e-42	1.15092e-42	4.82099e-42	7.22266e-42	4.49307e-42	-2.00263e-40	8.58872e-40	3.16147e-39	4.89776e-40	4.09165e-39	7.74828e-38	0.211127	6.76086e-05	0.00010464	1.72446e-07	4796.36	7.30138e-08	7.2058e-09	7.11148e-09	7.01839e-09	6.92009e-09	6.82316e-09	6.7276e-09	6.63337e-09	4.66963e-07	9.76476e-13	9.63694e-13	9.51079e-13	9.37758e-13	9.24623e-13	9.11708e-13	9.4588e-13	6.32323e-11	9.77473e-09	9.63931e-09	9.61632e-09	1.79043e-08	6.50951e-07	-4.44976e-08	-5.07407e-13	-5.84978e-18	-6.82012e-23	-8.04314e-28	-9.26055e-08	-8.6892e-12	-8.26345e-16	-7.96747e-20	-7.79122e-24	-0.00068033	-0.00046522	-0.00031846	-0.000218226	-0.000149698	-4.92857e-10	7.32196e-16	7.41166e-20	1.54976e-24	2.55065e-29	294742	3.91202	3.64438	10143.6	1402	869.576	2.48736e+07	385.115	5819.47	1.34891e+06	45555.1	18.0972	6021.74	57948.8	59034.6	2.65358e+07	1.46859e-06	0.2113	5724.97	350.551	
1.11e+07	6003.54	17.5882	1085.83	3.70119e-06	5.95385e-07	2.74887e-37	8.57422e-40	89.8572	1883.67	9.99996	900	1000	2.04441e-40	2.0228e-40	2.00139e-40	1.97836e-40	2.18652e-39	2.13397e-39	2.08249e-39	9.04715e-38	3.62057e-40	2.00078e-39	-1.27802e-38	4.36761e-39	1.23904e-37	3.27073e-44	3.23438e-44	3.19838e-44	3.143e-44	7.78888e-44	2.03281e-43	9.01764e-44	1.97148e-41	1.57962e-05	3.04092e-09	5.91871e-13	1.16501e-16	2.31967e-20	2.7291e+07	13.923	5374.42	0.404946	2.9653e-07	1200	0.00393549	12.2415	3.52927e-06	350.141	650.241	0.952696	3.78292e-36	2.24453e-39	1.04327e-39	1.02143e-39	4.55142e-40	4.69543e-40	-2.68582e-39	-2.60781e-39	-2.53148e-39	1.9032e-37	7.00592e-43	-7.81168e-43	3.23357e-42	5.32334e-42	5.05564e-43	3.45656e-42	8.716e-43	2.86097e-40	2.45225e-39	1.75419e-38	2.8936e-39	1.13734e-39	3.37562e-37	0.20519	6.57073e-05	0.000100486	1.66552e-07	4796.33	7.028e-08	6.93338e-09	6.84003e-09	6.74794e-09	6.65091e-09	6.55527e-09	6.46101e-09	6.36811e-09	4.36497e-07	9.13134e-13	9.0084e-13	8.88711e-13	8.75932e-13	8.63337e-13	8.50953e-13	8.80149e-13	5.74457e-11	9.39448e-09	9.26079e-09	9.2323e-09	1.69698e-08	6.08482e-07	-4.35664e-08	-4.82615e-13	-5.40351e-18	-6.11615e-23	-7.00024e-28	-8.94128e-08	-8.09774e-12	-7.43049e-16	-6.91024e-20	-6.51523e-24	-0.000674224	-0.00045686	-0.000309902	-0.000210439	-0.000143051	-1.91565e-09	-1.44519e-14	-9.35081e-20	-3.6254e-25	3.01092e-30	303142	3.94189	3.66741	10143.7	1402	869.576	2.55936e+07	385.115	5980.72	1.38791e+06	45555.1	17.5882	6021.13	57949	59034.8	2.73034e+07	1.38268e-06	0.205356	5724.97	350.55	
1.14e+07	6003.44	17.1071	1085.83	3.561e-06	5.72832e-07	-3.93206e-37	-2.43664e-40	89.8572	1883.68	9.99997	900	1000	-5.49926e-41	-5.05742e-41	-4.62668e-41	-4.20325e-41	-1.67231e-39	-1.65085e-39	-1.62966e-39	-4.54427e-38	-2.69573e-41	-2.10377e-39	-2.241e-39	-2.71387e-39	-5.71225e-38	2.77447e-44	2.78355e-44	2.79185e-44	2.78642e-44	-2.44869e-43	-1.22178e-43	-2.34357e-43	-7.57142e-44	1.49101e-05	2.78938e-09	5.27436e-13	1.00824e-16	1.94897e-20	2.80586e+07	13.918	5374.42	0.404946	2.88427e-07	1200	0.00382795	12.0998	3.30031e-06	350.141	650.234	0.926634	2.77726e-36	1.10699e-39	2.11786e-39	2.10172e-39	2.94876e-39	2.91456e-39	4.21726e-39	4.15493e-39	4.09351e-39	1.80157e-37	4.7593e-42	2.787e-42	5.59739e-42	3.85704e-42	6.46672e-42	6.29747e-42	6.5506e-42	2.93206e-40	4.04842e-39	5.59986e-39	4.26151e-39	8.8111e-39	2.62384e-37	0.199577	6.391e-05	9.66061e-05	1.60994e-07	4796.31	6.77055e-08	6.67687e-09	6.58448e-09	6.49337e-09	6.39758e-09	6.30321e-09	6.21022e-09	6.11861e-09	4.08646e-07	8.55297e-13	8.43462e-13	8.3179e-13	8.1952e-13	8.0743e-13	7.95545e-13	8.20493e-13	5.23101e-11	9.03663e-09	8.90463e-09	8.87122e-09	1.61056e-08	5.69658e-07	-4.26688e-08	-4.59556e-13	-5.00109e-18	-5.50026e-23	-6.11497e-28	-8.64033e-08	-7.55946e-12	-6.69886e-16	-6.0143e-20	-5.47237e-24	-0.000668223	-0.00044872	-0.000301645	-0.000202994	-0.000136753	-3.18259e-09	-2.71739e-14	-2.25787e-19	-1.78816e-24	-1.29032e-29	311542	3.97098	3.6897	10143.9	1402	869.576	2.63136e+07	385.115	6141.96	1.42691e+06	45555.1	17.1071	6020.55	57949.1	59034.9	2.8071e+07	1.3038e-06	0.199737	5724.96	350.55	
1.17e+07	6003.35	16.6516	1085.83	3.42885e-06	5.51575e-07	2.18888e-37	3.46791e-40	89.8572	1883.68	9.99997	900	1000	1.31339e-40	1.29335e-40	1.27361e-40	1.253e-40	-8.22898e-40	-8.16376e-40	-8.09865e-40	5.14495e-38	1.40651e-40	-1.10087e-39	3.24632e-40	-2.32547e-40	6.77902e-38	1.50907e-44	1.48582e-44	1.46293e-44	1.43723e-44	-1.56515e-43	-2.33635e-44	-1.48007e-43	6.99758e-42	1.40951e-05	2.5646e-09	4.71492e-13	8.76045e-17	1.64543e-20	2.88261e+07	13.9131	5374.41	0.404947	2.80756e-07	1200	0.00372612	11.9636	3.0918e-06	350.14	650.228	0.90196	-2.57675e-36	-1.56351e-39	-6.83147e-40	-6.77401e-40	3.08911e-40	2.97801e-40	-4.76607e-40	-4.70002e-40	-4.63489e-40	-2.0714e-37	-1.45211e-42	-2.35557e-42	-2.4181e-43	-2.84397e-42	-7.87458e-43	-8.90493e-43	-1.02004e-42	-2.83315e-40	3.03333e-40	-8.70831e-40	-1.28611e-39	-4.22966e-39	-2.43647e-37	0.194263	6.22085e-05	9.29746e-05	1.55743e-07	4796.29	6.52775e-08	6.43499e-09	6.34355e-09	6.25341e-09	6.15883e-09	6.06568e-09	5.97394e-09	5.88359e-09	3.83129e-07	8.02363e-13	7.90961e-13	7.79721e-13	7.67928e-13	7.56314e-13	7.44897e-13	7.66207e-13	4.77387e-11	8.69936e-09	8.56901e-09	8.53121e-09	1.53049e-08	5.34088e-07	-4.18034e-08	-4.38078e-13	-4.63731e-18	-4.95961e-23	-5.3603e-28	-8.35621e-08	-7.06841e-12	-6.05412e-16	-5.25189e-20	-4.61572e-24	-0.000662326	-0.000440794	-0.000293678	-0.000195874	-0.000130784	-4.3123e-09	-3.78228e-14	-3.29608e-19	-2.83896e-24	-2.39648e-29	319942	3.99933	3.71129	10144	1402	869.576	2.70336e+07	385.115	6303.21	1.46591e+06	45555.1	16.6516	6020	57949.3	59035.1	2.88385e+07	1.23121e-06	0.194418	5724.96	350.549	
1.2e+07	6003.26	16.2197	1085.82	3.30412e-06	5.3151e-07	5.70514e-39	2.09606e-41	89.8572	1883.69	9.99997	900	1000	-1.49231e-40	-1.45408e-40	-1.41665e-40	-1.37873e-40	-1.13749e-39	-1.11709e-39	-1.09704e-39	-5.84352e-39	-1.95232e-40	-1.31186e-39	-1.69233e-40	-1.20267e-39	-1.43894e-39	-3.9294e-45	-3.66807e-45	-3.41348e-45	-3.16353e-45	-1.14015e-43	-2.52177e-44	-1.1005e-43	-5.46025e-43	1.3344e-05	2.36312e-09	4.22733e-13	7.64043e-17	1.39552e-20	2.95937e+07	13.9083	5374.41	0.404948	2.73482e-07	1200	0.00362957	11.8323	2.90142e-06	350.14	650.222	0.878566	2.1342e-36	1.14822e-39	8.22938e-40	8.21153e-40	1.13384e-39	1.12264e-39	1.83735e-39	1.80659e-39	1.77634e-39	6.0173e-38	2.24225e-42	1.34269e-42	2.30372e-42	7.72973e-43	2.433e-42	-9.06519e-43	2.55119e-42	2.20335e-40	1.63814e-39	2.65975e-39	2.16194e-39	4.09544e-39	9.98988e-38	0.189224	6.05952e-05	8.95696e-05	1.50777e-07	4796.27	6.29842e-08	6.20658e-09	6.11607e-09	6.02688e-09	5.93348e-09	5.84153e-09	5.75101e-09	5.66189e-09	3.59703e-07	7.5381e-13	7.42818e-13	7.31985e-13	7.20642e-13	7.09474e-13	6.98499e-13	7.16684e-13	4.36581e-11	8.38103e-09	8.2523e-09	8.21058e-09	1.45616e-08	5.01432e-07	-4.0969e-08	-4.18042e-13	-4.3077e-18	-4.48351e-23	-4.71439e-28	-8.08758e-08	-6.61942e-12	-5.48419e-16	-4.60054e-20	-3.90865e-24	-0.000656528	-0.000433074	-0.000285987	-0.000189063	-0.000125124	-5.32086e-09	-4.67212e-14	-4.1046e-19	-3.60061e-24	-3.14466e-29	328341	4.02697	3.73222	10144.2	1402	869.576	2.77536e+07	385.115	6464.45	1.50491e+06	45555.1	16.2197	6019.48	57949.4	59035.2	2.96061e+07	1.16427e-06	0.189374	5724.96	350.549	
1.23e+07	6003.18	15.8096	1085.82	3.18622e-06	5.12545e-07	-9.65856e-38	-1.05637e-40	89.8572	1883.69	9.99997	900	1000	1.42546e-41	1.44951e-41	1.47254e-41	1.49314e-41	-1.64307e-40	-1.54352e-40	-1.44672e-40	1.51902e-39	-1.75503e-41	-4.37745e-40	-4.40171e-40	-4.95638e-40	-2.56472e-39	5.39006e-45	5.364e-45	5.33751e-45	5.30621e-45	4.00277e-44	3.87812e-45	4.08859e-44	3.85084e-43	1.26501e-05	2.18201e-09	3.80085e-13	6.68734e-17	1.18868e-20	3.03613e+07	13.9037	5374.41	0.404949	2.66575e-07	1200	0.0035379	11.7059	2.7272e-06	350.14	650.216	0.856355	-1.86861e-37	1.88376e-40	-1.32832e-40	-1.2617e-40	8.10434e-41	8.54387e-41	8.51051e-42	1.07966e-41	1.3008e-41	2.514e-38	2.63626e-43	1.02772e-42	6.6617e-43	1.35186e-42	2.46854e-43	6.57918e-43	3.45688e-43	1.07976e-40	1.50429e-40	8.98966e-41	-5.87169e-41	4.82587e-40	2.98946e-38	0.184441	5.90635e-05	8.63719e-05	1.46072e-07	4796.25	6.08154e-08	5.99059e-09	5.901e-09	5.81275e-09	5.72051e-09	5.62973e-09	5.5404e-09	5.45248e-09	3.38154e-07	7.09184e-13	6.98578e-13	6.8813e-13	6.77211e-13	6.66465e-13	6.55906e-13	6.71399e-13	4.00058e-11	8.08019e-09	7.95305e-09	7.90781e-09	1.38702e-08	4.71394e-07	-4.01642e-08	-3.99326e-13	-4.00838e-18	-4.06296e-23	-4.15942e-28	-7.83325e-08	-6.20802e-12	-4.97892e-16	-4.042e-20	-3.32238e-24	-0.000650829	-0.000425553	-0.00027856	-0.000182543	-0.000119754	-6.22217e-09	-5.41374e-14	-4.72737e-19	-4.13904e-24	-3.62899e-29	336741	4.05394	3.75252	10144.3	1402	869.576	2.84736e+07	385.115	6625.69	1.54391e+06	45555.1	15.8096	6018.99	57949.5	59035.4	3.03736e+07	1.10242e-06	0.184586	5724.96	350.548	
1.26e+07	6003.1	15.4198	1085.82	3.07465e-06	4.94597e-07	4.96383e-37	1.52512e-39	89.8572	1883.7	9.99997	900	1000	2.86927e-40	2.80778e-40	2.74748e-40	2.68589e-40	8.65741e-40	8.40289e-40	8.15429e-40	1.65715e-37	3.79636e-40	1.04773e-39	6.49723e-40	4.0169e-39	2.30546e-37	1.91052e-44	1.86005e-44	1.8107e-44	1.77802e-44	9.92577e-45	4.06663e-43	3.57248e-44	3.21753e-41	1.2008e-05	2.01876e-09	3.42651e-13	5.87292e-17	1.01666e-20	3.11288e+07	13.8991	5374.41	0.40495	2.60008e-07	1200	0.00345075	11.5839	2.56741e-06	350.139	650.211	0.83524	1.1291e-36	7.44181e-40	1.36524e-39	1.3565e-39	8.40107e-40	8.427e-40	2.07351e-39	2.02957e-39	1.9865e-39	1.25258e-37	3.02929e-42	2.30602e-42	2.68116e-42	8.62496e-43	1.89687e-42	2.1296e-42	1.87263e-42	9.05079e-41	1.19291e-39	2.98433e-39	7.24204e-40	4.24483e-39	1.23264e-37	0.179893	5.76073e-05	8.33638e-05	1.4161e-07	4796.23	5.87617e-08	5.7861e-09	5.69741e-09	5.61008e-09	5.51898e-09	5.42935e-09	5.34118e-09	5.25444e-09	3.18296e-07	6.68086e-13	6.57846e-13	6.47762e-13	6.37243e-13	6.26894e-13	6.16728e-13	6.29897e-13	3.67285e-11	7.7955e-09	7.66992e-09	7.62154e-09	1.3226e-08	4.43712e-07	-3.93878e-08	-3.8182e-13	-3.73597e-18	-3.69039e-23	-3.68084e-28	-7.59214e-08	-5.83027e-12	-4.52972e-16	-3.56135e-20	-2.83417e-24	-0.000645226	-0.000418224	-0.000271387	-0.000176301	-0.000114657	-7.0283e-09	-6.02957e-14	-5.19966e-19	-4.50514e-24	-3.91933e-29	345141	4.08027	3.77222	10144.4	1402	869.576	2.91936e+07	385.115	6786.93	1.58291e+06	45555.1	15.4198	6018.52	57949.7	59035.5	3.11412e+07	1.04517e-06	0.180034	5724.95	350.548	
1.29e+07	6003.03	15.0487	1085.82	2.96894e-06	4.77591e-07	6.48268e-39	3.00346e-41	89.8572	1883.7	9.99997	900	1000	4.18427e-40	4.11588e-40	4.04862e-40	3.97877e-40	2.68161e-39	2.65283e-39	2.62428e-39	-4.11246e-38	9.98655e-40	5.35471e-39	9.57129e-40	4.72558e-39	-4.66618e-38	4.54537e-44	4.4714e-44	4.39864e-44	4.33385e-44	4.22637e-43	3.99732e-44	4.09362e-43	-4.69533e-42	1.14125e-05	1.87124e-09	3.09688e-13	5.17424e-17	8.72919e-21	3.18964e+07	13.8945	5374.4	0.404951	2.53758e-07	1200	0.00336778	11.466	2.42053e-06	350.139	650.206	0.81514	-2.16932e-36	-1.11837e-39	3.79738e-39	3.7435e-39	-9.43476e-39	-9.29762e-39	-1.13869e-39	-1.14083e-39	-1.14259e-39	-5.28567e-37	5.65638e-42	3.72242e-42	-1.45066e-41	-1.39343e-41	-3.45045e-42	-4.04001e-42	-4.05986e-42	-9.67302e-40	-1.29175e-38	-2.09878e-39	-8.43517e-39	-1.30905e-38	-8.17946e-37	0.175564	5.62212e-05	8.05301e-05	1.37373e-07	4796.21	5.68145e-08	5.59225e-09	5.50446e-09	5.41804e-09	5.32804e-09	5.23953e-09	5.1525e-09	5.06691e-09	2.99962e-07	6.30165e-13	6.20272e-13	6.10534e-13	6.00392e-13	5.90419e-13	5.80624e-13	5.91783e-13	3.37806e-11	7.52578e-09	7.40173e-09	7.35054e-09	1.26247e-08	4.18156e-07	-3.86385e-08	-3.65422e-13	-3.48753e-18	-3.35942e-23	-3.2667e-28	-7.36328e-08	-5.48276e-12	-4.12931e-16	-3.14633e-20	-2.42595e-24	-0.000639716	-0.000411081	-0.000264457	-0.000170322	-0.000109818	-7.74974e-09	-6.53843e-14	-5.54997e-19	-4.73838e-24	-4.06772e-29	353541	4.106	3.79136	10144.5	1402	869.576	2.99136e+07	385.115	6948.18	1.62191e+06	45555.1	15.0487	6018.08	57949.8	59035.6	3.19088e+07	9.92073e-07	0.175701	5724.95	350.547	
1.32e+07	6002.96	14.6951	1085.82	2.86866e-06	4.61459e-07	-1.25357e-36	-1.24406e-39	89.8572	1883.7	9.99997	900	1000	-1.00482e-39	-9.89505e-40	-9.74423e-40	-9.58678e-40	1.30142e-38	1.27981e-38	1.25856e-38	7.33986e-37	-7.97813e-40	1.18138e-38	7.99149e-39	1.53387e-38	6.43294e-37	-1.15158e-43	-1.1338e-43	-1.11628e-43	-1.09199e-43	1.4729e-42	1.04695e-42	1.47771e-42	8.4146e-41	1.08593e-05	1.7376e-09	2.80572e-13	4.57259e-17	7.52278e-21	3.26639e+07	13.8901	5374.4	0.404951	2.478e-07	1200	0.00328871	11.3522	2.28525e-06	350.138	650.201	0.795985	-7.96301e-36	-2.98128e-39	-6.07879e-40	-6.20398e-40	1.71501e-38	1.68684e-38	1.58159e-38	1.55562e-38	1.53007e-38	5.31674e-37	-2.8082e-42	3.20022e-42	2.3233e-41	2.52389e-41	2.13129e-41	1.80097e-41	2.11331e-41	8.74524e-40	1.30442e-38	1.15351e-38	8.89933e-39	1.36196e-38	5.91902e-37	0.171439	5.49002e-05	7.78566e-05	1.33344e-07	4796.19	5.49663e-08	5.40829e-09	5.32137e-09	5.23585e-09	5.14693e-09	5.05953e-09	4.9736e-09	4.88914e-09	2.83009e-07	5.95114e-13	5.8555e-13	5.76139e-13	5.66355e-13	5.56737e-13	5.47294e-13	5.5671e-13	3.11228e-11	7.26995e-09	7.14739e-09	7.0937e-09	1.20626e-08	3.94522e-07	-3.79152e-08	-3.50043e-13	-3.26051e-18	-3.06461e-23	-2.90712e-28	-7.14578e-08	-5.16248e-12	-3.7715e-16	-2.78683e-20	-2.08328e-24	-0.000634298	-0.000404118	-0.00025776	-0.000164593	-0.000105221	-8.3957e-09	-6.95613e-14	-5.80131e-19	-4.86944e-24	-4.11296e-29	361941	4.13114	3.80994	10144.7	1402	869.576	3.06336e+07	385.115	7109.42	1.66091e+06	45555.1	14.6951	6017.65	57949.9	59035.7	3.26763e+07	9.42754e-07	0.171571	5724.95	350.546	
1.35e+07	6002.89	14.3577	1085.82	2.77343e-06	4.4614e-07	-1.76699e-36	-2.08681e-39	89.8572	1883.71	9.99997	900	1000	-2.60914e-39	-2.56648e-39	-2.52452e-39	-2.48094e-39	-1.57975e-38	-1.55393e-38	-1.52852e-38	-2.34751e-37	-3.74302e-39	-1.80278e-38	-1.75332e-39	-2.23086e-38	-3.52033e-37	-2.82358e-43	-2.77745e-43	-2.73208e-43	-2.69105e-43	-1.76032e-42	-1.14613e-42	-1.71535e-42	-2.45357e-41	1.03446e-05	1.61625e-09	2.54778e-13	4.05264e-17	6.50595e-21	3.34315e+07	13.8857	5374.4	0.404952	2.42116e-07	1200	0.00321326	11.242	2.16041e-06	350.138	650.196	0.77771	5.03207e-36	1.24516e-39	1.20931e-38	1.1868e-38	1.34072e-38	1.31486e-38	1.64961e-38	1.61795e-38	1.58689e-38	3.56411e-37	1.377e-41	7.98867e-42	1.55405e-41	6.73777e-43	1.88189e-41	3.11106e-42	1.83255e-41	4.42539e-40	2.18261e-38	2.29294e-38	1.64288e-38	3.07654e-38	3.9436e-37	0.167503	5.36399e-05	7.5331e-05	1.2951e-07	4796.17	5.321e-08	5.23351e-09	5.14746e-09	5.06282e-09	4.97496e-09	4.88863e-09	4.8038e-09	4.72044e-09	2.67305e-07	5.6266e-13	5.53409e-13	5.44309e-13	5.34863e-13	5.25582e-13	5.16472e-13	5.24373e-13	2.87214e-11	7.02703e-09	6.90594e-09	6.85001e-09	1.15363e-08	3.72632e-07	-3.72167e-08	-3.35602e-13	-3.05267e-18	-2.80135e-23	-2.59391e-28	-6.93886e-08	-4.86676e-12	-3.45098e-16	-2.47448e-20	-1.79456e-24	-0.000628969	-0.00039733	-0.000251285	-0.000159103	-0.000100852	-8.97421e-09	-7.29603e-14	-5.9724e-19	-4.92224e-24	-4.08409e-29	370340	4.15573	3.82802	10144.8	1402	869.576	3.13536e+07	385.115	7270.66	1.69991e+06	45555.1	14.3577	6017.25	57950	59035.8	3.34439e+07	8.96867e-07	0.167632	5724.94	350.546	
1.38e+07	6002.83	14.0355	1085.82	2.68291e-06	4.31578e-07	1.94931e-37	2.5589e-40	89.8572	1883.71	9.99997	900	1000	2.35189e-40	2.31544e-40	2.27956e-40	2.24215e-40	1.01469e-39	9.96896e-40	9.79413e-40	2.43199e-38	4.44087e-40	4.09229e-41	3.32828e-40	7.78208e-40	4.44802e-38	2.67e-44	2.62839e-44	2.58742e-44	2.54813e-44	1.0651e-43	1.44795e-43	1.04657e-43	2.96959e-42	9.86475e-06	1.50583e-09	2.31862e-13	3.60176e-17	5.64548e-21	3.41991e+07	13.8815	5374.4	0.404953	2.36687e-07	1200	0.0031412	11.1354	2.04499e-06	350.137	650.192	0.760255	-1.81575e-36	-5.7465e-40	-2.89718e-40	-2.83678e-40	-6.72572e-40	-6.59176e-40	-9.58403e-40	-9.39507e-40	-9.20976e-40	-6.42093e-38	-2.65785e-43	-1.30519e-42	-7.20328e-43	4.11156e-43	-1.03983e-42	-4.52179e-43	-9.7552e-43	2.92025e-41	8.27156e-40	4.83942e-40	8.41287e-40	2.34927e-39	6.91601e-38	0.163743	5.24361e-05	7.29418e-05	1.25856e-07	4796.15	5.15394e-08	5.06728e-09	4.98208e-09	4.89832e-09	4.8115e-09	4.72623e-09	4.64246e-09	4.56018e-09	2.52737e-07	5.32562e-13	5.23608e-13	5.14803e-13	5.05679e-13	4.96717e-13	4.87922e-13	4.94507e-13	2.6547e-11	6.79612e-09	6.67647e-09	6.61854e-09	1.10428e-08	3.52324e-07	-3.65418e-08	-3.22026e-13	-2.86203e-18	-2.56567e-23	-2.32026e-28	-6.74178e-08	-4.59328e-12	-3.16321e-16	-2.20229e-20	-1.55043e-24	-0.000623728	-0.00039071	-0.000245025	-0.000153839	-9.66981e-05	-9.49235e-09	-7.56944e-14	-6.07847e-19	-4.91546e-24	-4.00281e-29	378740	4.17978	3.84559	10144.9	1402	869.576	3.20736e+07	385.115	7431.9	1.73891e+06	45555.1	14.0355	6016.86	57950.1	59036	3.42114e+07	8.54106e-07	0.163869	5724.94	350.545	
1.41e+07	6002.76	13.7274	1085.82	2.59677e-06	4.1772e-07	3.04827e-36	-1.72717e-39	89.8572	1883.72	9.99997	900	1000	8.47155e-39	8.34026e-39	8.21102e-39	8.0763e-39	-5.23321e-38	-5.17413e-38	-5.11561e-38	-2.64711e-36	-4.26159e-33	-5.88024e-31	-8.57806e-30	-6.98408e-38	-2.67164e-36	9.67053e-43	9.52063e-43	9.37304e-43	9.20349e-43	-8.07261e-42	1.18536e-41	-8.17219e-42	-3.82592e-40	9.4168e-06	1.40513e-09	2.11449e-13	3.20951e-17	4.91451e-21	3.49666e+07	13.8773	5374.39	0.404954	2.31496e-07	1200	0.0030723	11.0322	1.9381e-06	350.137	650.188	0.743567	-2.65232e-35	-9.10263e-39	-6.54917e-40	-4.75698e-40	2.85029e-38	2.81086e-38	1.94776e-38	1.92104e-38	1.89474e-38	-2.06705e-36	1.60429e-41	2.0055e-41	4.77406e-41	1.65234e-41	3.38551e-41	1.2107e-40	3.26062e-41	-1.67398e-39	-1.14726e-33	-7.51079e-32	-4.68013e-30	-1.2266e-38	-3.14035e-36	0.160149	5.12852e-05	7.06789e-05	1.22372e-07	4796.14	4.99487e-08	4.90903e-09	4.82467e-09	4.74176e-09	4.65597e-09	4.57173e-09	4.48901e-09	4.40779e-09	2.39203e-07	5.04605e-13	4.95933e-13	4.87411e-13	4.78592e-13	4.69932e-13	4.61437e-13	4.66874e-13	2.45741e-11	6.57641e-09	6.45818e-09	6.39848e-09	1.05794e-08	3.33458e-07	-3.58896e-08	-3.09247e-13	-2.68685e-18	-2.35419e-23	-2.08048e-28	-6.55387e-08	-4.33995e-12	-2.90427e-16	-1.96445e-20	-1.34331e-24	-0.000618571	-0.000384252	-0.00023897	-0.000148789	-9.27474e-05	-9.95634e-09	-7.78596e-14	-6.13194e-19	-4.8637e-24	-3.88533e-29	387140	4.20332	3.8627	10145	1402	869.576	3.27936e+07	385.115	7593.14	1.77791e+06	45555.1	13.7274	6016.49	57950.2	59036.1	3.4979e+07	8.14199e-07	0.160271	5724.94	350.545	
1.44e+07	6002.7	13.4325	1085.82	2.51472e-06	4.04522e-07	2.84335e-36	2.96733e-39	89.8572	1883.72	9.99997	900	1000	-1.97788e-38	-1.94446e-38	-1.9116e-38	-1.87755e-38	-1.13398e-37	-1.11393e-37	-1.09424e-37	-7.77997e-37	-6.85389e-32	3.96447e-30	1.74109e-29	-1.05029e-37	-3.69016e-37	-2.06338e-42	-2.02843e-42	-1.99407e-42	-1.95744e-42	-1.19129e-41	-2.72928e-42	-1.15409e-41	-8.21754e-41	8.99797e-06	1.3131e-09	1.93219e-13	2.8672e-17	4.29128e-21	3.57342e+07	13.8731	5374.39	0.404954	2.26527e-07	1200	0.00300636	10.9321	1.83894e-06	350.136	650.184	0.727595	-2.16694e-36	-7.5196e-40	1.12292e-38	1.10265e-38	3.20103e-38	3.1433e-38	1.17582e-37	1.15508e-37	1.13472e-37	-8.11622e-37	1.30991e-41	2.26763e-41	3.9453e-41	-2.95705e-42	1.48424e-40	1.2047e-41	1.44004e-40	1.32264e-39	3.05599e-38	1.17334e-37	-2.2909e-37	1.0292e-37	-1.95357e-36	0.156709	5.01837e-05	6.85332e-05	1.19046e-07	4796.12	4.84326e-08	4.75824e-09	4.6747e-09	4.59264e-09	4.50784e-09	4.42461e-09	4.34292e-09	4.26273e-09	2.26612e-07	4.78598e-13	4.70196e-13	4.61942e-13	4.53413e-13	4.45041e-13	4.36831e-13	4.41266e-13	2.27808e-11	6.36717e-09	6.25033e-09	6.18904e-09	1.01438e-08	3.15906e-07	-3.52589e-08	-2.97206e-13	-2.52562e-18	-2.16401e-23	-1.86977e-28	-6.37455e-08	-4.10492e-12	-2.6708e-16	-1.75606e-20	-1.16702e-24	-0.000613498	-0.000377952	-0.000233112	-0.000143945	-8.89883e-05	-1.03717e-08	-7.95377e-14	-6.14296e-19	-4.77842e-24	-3.74376e-29	395540	4.22638	3.87936	10145.1	1402	869.576	3.35136e+07	385.115	7754.38	1.81691e+06	45555.1	13.4325	6016.14	57950.3	59036.2	3.57466e+07	7.76903e-07	0.156828	5724.94	350.544	
1.47e+07	6002.65	13.1501	1085.82	2.4365e-06	3.91939e-07	-5.1232e-37	-5.9544e-40	89.8572	1883.73	9.99997	900	1000	-4.69878e-39	-4.61589e-39	-4.53447e-39	-4.45037e-39	8.52566e-39	8.40842e-39	8.29261e-39	-4.08392e-38	-2.19758e-32	-4.60221e-31	-2.37838e-31	1.03666e-38	-9.51318e-38	-4.71286e-43	-4.6299e-43	-4.5484e-43	-4.4628e-43	1.0912e-42	-1.87271e-42	1.05575e-42	-5.99428e-42	8.60581e-06	1.22885e-09	1.76898e-13	2.56759e-17	3.75806e-21	3.65017e+07	13.8691	5374.39	0.404955	2.21768e-07	1200	0.00294319	10.835	1.7468e-06	350.136	650.18	0.712295	-1.61333e-35	-5.11511e-39	-1.83442e-38	-1.80339e-38	-5.29598e-39	-5.21379e-39	-2.18888e-38	-2.15052e-38	-2.11283e-38	-8.44224e-37	-2.28842e-41	-2.03133e-41	-7.43863e-42	1.45584e-41	-2.77364e-41	-1.43865e-41	-2.74627e-41	-1.23937e-39	-9.20656e-39	-2.80723e-38	-1.60021e-38	-4.47365e-38	-1.3453e-36	0.153414	4.91286e-05	6.64961e-05	1.15867e-07	4796.1	4.69863e-08	4.6144e-09	4.53169e-09	4.45046e-09	4.36664e-09	4.2844e-09	4.20371e-09	4.12455e-09	2.14881e-07	4.54371e-13	4.46226e-13	4.38227e-13	4.29974e-13	4.21877e-13	4.13938e-13	4.17498e-13	2.11476e-11	6.16771e-09	6.05223e-09	5.98955e-09	9.7337e-09	2.99554e-07	-3.4649e-08	-2.85847e-13	-2.37698e-18	-1.9926e-23	-1.68412e-28	-6.20325e-08	-3.88656e-12	-2.45986e-16	-1.57301e-20	-1.0165e-24	-0.000608506	-0.000371805	-0.000227443	-0.000139296	-8.541e-05	-1.07432e-08	-8.07983e-14	-6.11988e-19	-4.66856e-24	-3.58713e-29	403940	4.24896	3.89558	10145.2	1402	869.576	3.42336e+07	385.115	7915.62	1.85591e+06	45555.1	13.1501	6015.8	57950.4	59036.3	3.65141e+07	7.42e-07	0.15353	5724.93	350.544	
1.5e+07	6002.59	12.8792	1085.81	2.36186e-06	3.79932e-07	-2.34726e-37	-2.78363e-40	89.8572	1883.73	9.99997	900	1000	-6.86072e-41	-6.73261e-41	-6.60691e-41	-6.47757e-41	-2.05645e-40	-2.04236e-40	-2.02808e-40	-3.09606e-38	-1.28536e-33	4.51341e-33	-2.20243e-31	-4.60914e-32	-4.45335e-38	-6.52207e-45	-6.40107e-45	-6.28234e-45	-6.19179e-45	-3.44594e-44	-1.90369e-44	-3.5543e-44	-3.24856e-42	8.23811e-06	1.15156e-09	1.62253e-13	2.3046e-17	3.30032e-21	3.72693e+07	13.8651	5374.39	0.404956	2.17204e-07	1200	0.00288262	10.7407	1.66105e-06	350.135	650.176	0.697625	1.5625e-38	-4.29386e-41	-1.99019e-40	-1.93844e-40	-7.55076e-41	-7.76078e-41	-3.4373e-40	-3.38172e-40	-3.327e-40	-6.48884e-39	-1.27564e-43	-2.95309e-43	-3.20658e-43	-2.55796e-43	-4.62178e-43	-2.76198e-43	-4.39292e-43	4.6921e-42	3.94146e-33	-1.43621e-31	-2.41739e-40	-4.17632e-40	-7.15818e-39	0.150254	4.81169e-05	6.456e-05	1.12827e-07	4796.09	4.56053e-08	4.4771e-09	4.39519e-09	4.31477e-09	4.23192e-09	4.15066e-09	4.07096e-09	3.99278e-09	2.03939e-07	4.31772e-13	4.23872e-13	4.16117e-13	4.08127e-13	4.0029e-13	3.92609e-13	3.95405e-13	1.96576e-11	5.9774e-09	5.86327e-09	5.79935e-09	9.34716e-09	2.843e-07	-3.40587e-08	-2.75121e-13	-2.23973e-18	-1.83779e-23	-1.52013e-28	-6.03947e-08	-3.6834e-12	-2.26892e-16	-1.41183e-20	-8.87597e-25	-0.000603593	-0.000365806	-0.000221956	-0.000134832	-8.20025e-05	-1.10754e-08	-8.17011e-14	-6.06952e-19	-4.54115e-24	-3.42209e-29	412339	4.2711	3.91139	10145.3	1402	869.576	3.49536e+07	385.115	8076.86	1.89491e+06	45555.1	12.8792	6015.47	57950.5	59036.4	3.72817e+07	7.09292e-07	0.150367	5724.93	350.543	
