# Time	[Lamp2a]	[WTasyn{Lysosome}]	[WTasyn2{Lysosome}]	[WTasyndegr]	[WTasyn2degr]	[WTasyn2merCMADegr]	[WTasynCMADegr]	[DopModWTasyn2merOnLamp]	[DopModWTasyn3merOnLamp]	[DopModWTasyn4merOnLamp]	[DopModWTasyn7merOnLamp]	[DopModWTasyn6merOnLamp]	[DopModWTasyn5merOnLamp]	[DopModWTasyn8merOnLamp]	[DopModWTasyn9merOnLamp]	[WTasyn3merOnLamp]	[WTasyn4merOnLamp]	[WTasyn5merOnLamp]	[WTasyn6merOnLamp]	[WTasyn7merOnLamp]	[WTasyn8merOnLamp]	[WTasyn9merOnLamp]	[DopModWTasynOnLamp]	[WTasyn2merM/Adegr]	[WTasyn3merM/Adegr]	[WTasyn4merM/Adegrr]	[WTasyn5merM/Adegr]	[WTasyn6merM/Adegr]	[WTasyn7merM/Adegr]	[WTasyn8merM/Adegr]	[DopModWTasyn2merM/Adegr]	[DopModWTasyn3merM/Adegr]	[DopModWTasyn4merM/Adegr]	[DopModWTasyn6merM/Adegr]	[DopModWTasyn8merM/Adegr]	[WTasyn4{M/autophagy&OtherLysDegrPath}]	[WTasyn5{M/autophagy&OtherLysDegrPath}]	[WTasyn6{M/autophagy&OtherLysDegrPath}]	[WTasyn3{M/autophagy&OtherLysDegrPath}]	[WTasyn2{M/autophagy&OtherLysDegrPath}]	[WTasyn7{M/autophagy&OtherLysDegrPath}]	[WTasyn8{M/autophagy&OtherLysDegrPath}]	[DopModWTasyn7merM/Adegr]	[DopModWTasyn8{M/autophagy&OtherLysDegrPath}]	[DopModWTasyn7{M/autophagy&OtherLysDegrPath}]	[DopModWTasyn6{M/autophagy&OtherLysDegrPath}]	[DopModWTasyn5{M/autophagy&OtherLysDegrPath}]	[DopModWTasyn4{M/autophagy&OtherLysDegrPath}]	[DopModWTasyn3{M/autophagy&OtherLysDegrPath}]	[WTasyn{M/autophagy&OtherLysDegrPath}]	[DopModWTasyn{M/autophagy&OtherLysDegrPath}]	[DopModWTasyn2{M/autophagy&OtherLysDegrPath}]	[DopModWTasyn5{Cytosol}]	[DopModWTasyn4{Cytosol}]	[DopModWTasyn3{Cytosol}]	[DopModWTasyn2{Cytosol}]	[DopModWTasyn{Cytosol}]	[WTasyn{Cytosol}]	[WTasyn2{Cytosol}]	[WTasyn3{Cytosol}]	[DopModWTasyn6{Cytosol}]	[Dopamine]	[WTasyn5{Cytosol}]	[WTasyn4{Cytosol}]	[DopModWTasyn7{Cytosol}]	[DopModWTasyn8{Cytosol}]	[DopModWTasyn9]	[WTasyn9]	[WTasyn8{Cytosol}]	[WTasyn7{Cytosol}]	[WTasyn6{Cytosol}]	[HigherWTasynSPC]	[Proteasome]	[Dopamine_degraded]	[ProtWTasyn3]	[ProtWTasyn4]	[ProtWTasyn5]	[ProtWTasyn6]	[ProtWTasyn7]	[ProtWTasyn8]	[ProtWTasyn9]	[ProtDopModWTasyn3]	[ProtDopModWTasyn4]	[ProtDopModWTasyn5]	[ProtDopModWTasyn6]	[ProtDopModWTasyn7]	[ProtDopModWTasyn8]	[ProtDopModWTasyn9]	[ProtWTasynHigherSPC]	Values[Total_Cytosolic_WTASYN_Oligomers]	Values[Total_Cytosolic_WTASYN_Monomer]	Values[Total_Cytosolic_WTASYN_Dimer]	
0	200	0	0	0	0	0	0	0	0	0	0	0	0	0	0	0	0	0	0	0	0	0	0	0	0	0	0	0	0	0	0	0	0	0	0	0	0	0	0	0	0	0	0	0	0	0	0	0	0	0	0	0	8	8	8	0	953	1650	22	8	8	750	8	8	8	8	8	8	8	8	8	0	1500	0	0	0	0	0	0	0	0	0	0	0	0	0	0	0	0	112	2603	22	
12000	144.979	0.575734	0.0110015	5.75609	0.110444	21.0376	1177.51	0.121356	0.0163052	0.00168387	5.96661e-07	9.88069e-06	0.000140822	3.16084e-08	1.55691e-09	6.91406	5.55351	5.19564	5.14643	5.15444	0.333671	6.08177	14.635	0.273554	0.00119438	0.000915706	0.000886172	0.000883396	0.000884623	0.00210901	0.306205	0.00213525	0.00220202	0.00222056	0.00222418	6.90593e-07	6.44553e-07	6.3841e-07	9.22332e-07	2.61404e-06	6.39978e-07	1.68045e-06	0.00444642	1.79956e-06	1.79752e-06	1.79671e-06	1.79116e-06	1.775e-06	1.91819e-06	0.000137356	0.000252373	3.83378e-06	7.4929	7.42555	8.02716	16.0492	1055.78	574.282	10.9276	3.85841	7.51616	11.0192	2.69657	2.88928	7.51952	7.52807	10.6734	3.2403	7.02986	2.6774	2.67083	1.30927	1498.84	1508.82	0.053539	0.0393878	0.0372152	0.0369661	0.0370468	0.0977325	0.0437959	0.104322	0.102993	0.104186	0.10442	0.104447	0.104525	0.138818	0.0516224	81.2454	1630.06	26.9768	
24000	135.201	0.33234	0.00433646	3.32394	0.043538	29.5481	1689.25	0.402816	0.100091	0.0195901	5.02638e-05	0.000427586	0.00314696	5.20209e-06	5.23985e-07	6.39708	5.5281	5.04049	4.93149	4.93959	0.190228	6.24419	27.6338	0.401817	0.00226831	0.00177261	0.00167425	0.00165895	0.00166216	0.00407541	0.609893	0.00498733	0.00437138	0.00431225	0.00432076	7.34358e-07	6.6937e-07	6.54906e-07	8.66563e-07	1.10558e-06	6.56531e-07	1.59618e-06	0.00862779	1.69612e-06	1.68924e-06	1.68949e-06	1.71e-06	1.89883e-06	2.91058e-06	8.53421e-05	0.000242803	6.19891e-06	7.15369	7.94476	12.1804	25.9393	1015.73	356.951	4.62222	3.62507	7.06765	11.2529	2.8004	3.07231	7.06655	7.09537	12.9221	3.51236	6.6773	2.74666	2.73986	1.80817	1498.67	2419.06	0.0510088	0.0421039	0.038506	0.0377693	0.0378651	0.0937118	0.0479291	0.154543	0.107292	0.0999036	0.0993327	0.0993742	0.0997075	0.172559	0.149	86.6045	1372.68	30.5616	
36000	125.644	0.269823	0.00214802	2.69917	0.0215717	33.1908	2042.69	0.75498	0.259808	0.0719495	0.000553275	0.00324577	0.0165543	8.33109e-05	1.27624e-05	5.61011	5.33899	4.86131	4.71154	4.71525	0.149674	6.18638	38.9544	0.496933	0.00327388	0.00267207	0.00249261	0.00245569	0.00246057	0.00593916	0.902625	0.00917643	0.00688158	0.00637472	0.00629804	7.62559e-07	6.94258e-07	6.72886e-07	8.09159e-07	5.89724e-07	6.73931e-07	1.51079e-06	0.0125727	1.60073e-06	1.5915e-06	1.61533e-06	1.75134e-06	2.32372e-06	4.0594e-06	7.46971e-05	0.000231129	7.53957e-06	7.32714	9.72311	16.9863	31.5452	966.886	312.484	2.46616	3.38491	6.75757	11.3021	2.90451	3.19024	6.65774	6.69632	14.7336	3.72729	6.32011	2.81945	2.81508	2.16339	1498.45	3339.21	0.047692	0.0439153	0.0399574	0.0388032	0.0388738	0.088734	0.0510452	0.220874	0.128481	0.100541	0.0944862	0.0935376	0.0940697	0.199001	0.271579	94.0434	1279.37	34.0113	
48000	117.082	0.251327	0.00148392	2.51429	0.0149063	35.2887	2353.37	1.12611	0.47766	0.166205	0.00267301	0.0121951	0.0485971	0.000519214	0.000107096	4.85629	5.07842	4.67544	4.4993	4.49462	0.1399	6.05709	48.7535	0.58667	0.00420955	0.00359775	0.00333935	0.00327327	0.00327871	0.00770449	1.18251	0.0146594	0.0100089	0.00857113	0.00816633	7.78198e-07	7.16385e-07	6.89414e-07	7.50074e-07	4.37488e-07	6.89177e-07	1.4331e-06	0.0163573	1.51501e-06	1.51511e-06	1.60179e-06	1.93009e-06	2.90114e-06	5.03964e-06	7.47109e-05	0.000219583	8.24147e-06	8.07534	12.139	21.0863	34.4798	918.586	312.56	1.83	3.13773	6.70117	11.3023	2.99707	3.25562	6.33824	6.33777	16.1566	3.90798	5.9951	2.88322	2.88422	2.49725	1498.2	4260.95	0.0442778	0.0449763	0.0412758	0.0397788	0.0397842	0.0840952	0.0536435	0.28041	0.160521	0.109187	0.0928309	0.0887697	0.0889447	0.219859	0.415055	101.895	1231.15	36.3098	
60000	109.559	0.244381	0.00132399	2.44485	0.0133019	36.9459	2650.24	1.48967	0.73196	0.300162	0.00830733	0.031461	0.104541	0.00194999	0.000506606	4.18323	4.77411	4.48553	4.29805	4.28225	0.137964	5.89397	57.2591	0.67845	0.00507404	0.0045349	0.00421029	0.0041094	0.00411345	0.00938278	1.44956	0.0211708	0.013851	0.0110473	0.0099396	7.81747e-07	7.3441e-07	7.03733e-07	6.90974e-07	4.17382e-07	7.01592e-07	1.36579e-06	0.0200946	1.44314e-06	1.47108e-06	1.65831e-06	2.2093e-06	3.49718e-06	5.77074e-06	7.76495e-05	0.0002088	8.55568e-06	9.2437	14.6325	24.144	35.7933	873.478	324.859	1.74616	2.89049	6.93787	11.289	3.07246	3.27043	6.15419	6.03715	17.2531	4.05802	5.71356	2.93515	2.94411	2.84293	1497.93	5182.05	0.0408327	0.0453296	0.042371	0.0406319	0.0405342	0.0800411	0.0558083	0.326029	0.195181	0.124232	0.0951889	0.0857496	0.0845637	0.235982	0.579347	109.287	1198.34	37.5394	
72000	102.947	0.240693	0.00133715	2.40796	0.0134349	38.533	2941.12	1.83328	1.00472	0.466723	0.0196855	0.0644545	0.185979	0.00536097	0.00168188	3.6029	4.44179	4.2893	4.1071	4.0796	0.137799	5.70966	64.6818	0.774357	0.00586905	0.00546943	0.00509989	0.00496126	0.00496142	0.0109864	1.70445	0.0284149	0.0183771	0.0138933	0.0116372	7.74043e-07	7.47347e-07	7.15618e-07	6.34766e-07	4.48821e-07	7.11243e-07	1.30841e-06	0.0239079	1.38966e-06	1.46506e-06	1.77643e-06	2.53833e-06	4.03204e-06	6.26688e-06	8.13946e-05	0.000198964	8.63702e-06	10.6203	16.8697	26.2188	36.133	832.333	340.528	1.8778	2.65536	7.43218	11.2721	3.12656	3.23816	6.12912	5.81347	18.0871	4.17869	5.47356	2.97551	2.99382	3.20787	1497.65	6101.88	0.0375186	0.0450164	0.0431825	0.0413457	0.0411215	0.0765747	0.057561	0.357655	0.227134	0.142812	0.101274	0.0848841	0.081194	0.248262	0.76547	115.812	1172.86	38.0108	
84000	97.0991	0.237965	0.00141202	2.38068	0.0141875	40.179	3228.27	2.15211	1.28301	0.657428	0.0389192	0.113256	0.29168	0.011961	0.00440216	3.11561	4.09514	4.08432	3.92417	3.88686	0.137773	5.51059	71.1988	0.874951	0.00659965	0.00638871	0.00600159	0.00582583	0.00581943	0.0125264	1.94814	0.0361345	0.0234889	0.0171416	0.0132834	7.56627e-07	7.54455e-07	7.24882e-07	5.83975e-07	5.02707e-07	7.18382e-07	1.25963e-06	0.0279065	1.35759e-06	1.49614e-06	1.93811e-06	2.87365e-06	4.4703e-06	6.57101e-06	8.53204e-05	0.000190116	8.58042e-06	12.0231	18.7028	27.4906	35.8958	795.32	356.952	2.10329	2.4429	8.1087	11.2543	3.15628	3.16527	6.25927	5.6794	18.7202	4.27145	5.26949	3.00537	3.03257	3.59149	1497.36	7020.28	0.0344891	0.0441178	0.0436642	0.0419097	0.0415592	0.0736256	0.0589209	0.377546	0.253811	0.162269	0.110133	0.0862018	0.0790349	0.257564	0.974603	121.327	1152.27	37.9991	
96000	91.8859	0.235512	0.00150916	2.35614	0.0151636	41.9304	3512.34	2.4452	1.55832	0.864357	0.0677054	0.178614	0.418754	0.0230196	0.00973212	2.71621	3.74671	3.86959	3.74646	3.70347	0.137445	5.30121	76.956	0.98033	0.0072735	0.00728227	0.00690808	0.00669983	0.00668463	0.0140123	2.18168	0.0441269	0.0290638	0.0207804	0.0149043	7.31551e-07	7.55305e-07	7.31274e-07	5.40434e-07	5.67987e-07	7.23254e-07	1.21794e-06	0.032172	1.34766e-06	1.5586e-06	2.12336e-06	3.18522e-06	4.80421e-06	6.72879e-06	8.92322e-05	0.00018224	8.44449e-06	13.3264	20.0994	28.1502	35.3269	762.375	373.316	2.37641	2.26077	8.88376	11.2367	3.15981	3.06035	6.52066	5.63794	19.2078	4.33826	5.09512	3.02574	3.0593	3.99065	1497.06	7937.23	0.0318594	0.0427473	0.043787	0.0423103	0.041862	0.0711079	0.0599138	0.388366	0.274461	0.180683	0.12061	0.0894237	0.0781581	0.264679	1.2078	125.826	1135.69	37.7034	
108000	87.1978	0.233108	0.00161379	2.33209	0.0162148	43.8038	3793.51	2.71353	1.82541	1.0809	0.107209	0.26023	0.563614	0.0397299	0.0189904	2.39699	3.40754	3.64581	3.57124	3.52839	0.136711	5.0851	82.0725	1.09044	0.00790008	0.00814229	0.00781179	0.00757962	0.0075544	0.0154517	2.40614	0.052241	0.0349799	0.0247696	0.0165261	7.01128e-07	7.49838e-07	7.34493e-07	5.05339e-07	6.40233e-07	7.26031e-07	1.18194e-06	0.0367548	1.35846e-06	1.64425e-06	2.31462e-06	3.45578e-06	5.04061e-06	6.77977e-06	9.30702e-05	0.000175298	8.26576e-06	14.4581	21.088	28.3632	34.5791	733.337	389.372	2.67868	2.11398	9.68386	11.2194	3.13692	2.93306	6.87907	5.68317	19.5966	4.38144	4.94455	3.03735	3.07276	4.40139	1496.75	8852.76	0.0297063	0.0410367	0.0435427	0.0425305	0.0420412	0.0689384	0.0605712	0.392504	0.289329	0.196896	0.131644	0.0940984	0.0785069	0.270282	1.46588	129.372	1122.71	37.2578	
120000	82.9443	0.230672	0.00172002	2.30772	0.0172821	45.8041	4071.79	2.95894	2.08136	1.30191	0.158077	0.357097	0.722606	0.063123	0.0336929	2.14919	3.08677	3.41523	3.39624	3.36021	0.13555	4.8652	86.6455	1.2052	0.00848997	0.00896379	0.00870529	0.00846122	0.0084263	0.0168507	2.62258	0.0603683	0.0411276	0.0290547	0.0181718	6.67726e-07	7.38375e-07	7.34251e-07	4.79377e-07	7.17588e-07	7.26792e-07	1.15037e-06	0.0416761	1.38705e-06	1.74444e-06	2.49848e-06	3.67776e-06	5.19271e-06	6.75546e-06	9.68207e-05	0.000169239	8.06721e-06	15.3866	21.7241	28.2613	33.7485	707.99	405.062	3.00231	2.0054	10.453	11.2026	3.08894	2.79331	7.29825	5.80285	19.9241	4.40353	4.81247	3.04053	3.07173	4.81969	1496.43	9766.91	0.0280756	0.0391232	0.0429454	0.0425533	0.0421024	0.0670412	0.0609277	0.391894	0.299122	0.210357	0.142402	0.0997236	0.0799279	0.274923	1.74942	132.066	1113.05	36.7508	
132000	79.0506	0.22817	0.00182536	2.28269	0.0183404	47.9315	4347.1	3.18354	2.32474	1.52357	0.220521	0.467808	0.892361	0.0940312	0.0554993	1.96391	2.79141	3.18128	3.21992	3.19736	0.13396	4.64389	90.7546	1.3245	0.00905436	0.00974455	0.00958176	0.00934035	0.0092979	0.0182139	2.832	0.0684337	0.0474147	0.0335763	0.0198606	6.33606e-07	7.21595e-07	7.30331e-07	4.62845e-07	7.99266e-07	7.25528e-07	1.12209e-06	0.0469338	1.42972e-06	1.85127e-06	2.66588e-06	3.85011e-06	5.27548e-06	6.67999e-06	0.000100488	0.000164005	7.86336e-06	16.1075	22.0702	27.9454	32.8957	686.096	420.404	3.34402	1.93627	11.1533	11.1862	3.01873	2.65057	7.74515	5.98141	20.2186	4.40709	4.69417	3.03524	3.05532	5.24168	1496.09	10679.7	0.0269889	0.0371399	0.0420299	0.042365	0.0420462	0.0653492	0.061019	0.388027	0.304697	0.220932	0.152304	0.105828	0.0822127	0.279022	2.05875	134.019	1106.5	36.2397	
144000	75.4549	0.225585	0.00192869	2.25683	0.0193786	50.1842	4619.36	3.38947	2.55512	1.74317	0.294421	0.590787	1.06995	0.133086	0.0861715	1.83257	2.52643	2.94807	3.04158	3.03829	0.131938	4.42304	94.4647	1.44826	0.00960458	0.010485	0.0104354	0.0102125	0.0101667	0.0195447	3.03537	0.0763871	0.0537668	0.0382763	0.0216071	6.00816e-07	7.00471e-07	7.22648e-07	4.5576e-07	8.84981e-07	7.22164e-07	1.0961e-06	0.0525085	1.48253e-06	1.95819e-06	2.81147e-06	3.9757e-06	5.30332e-06	6.57138e-06	0.000104084	0.000159537	7.66338e-06	16.6327	22.1865	27.491	32.0591	667.41	435.446	3.70262	1.90666	11.7623	11.1702	2.93034	2.5134	8.19247	6.20235	20.5008	4.39454	4.58545	3.02116	3.02316	5.66387	1495.74	11591.2	0.0264499	0.0352084	0.0408492	0.041959	0.0418692	0.0638025	0.0608792	0.382023	0.306902	0.228744	0.160995	0.112014	0.0851334	0.282887	2.39397	135.343	1102.86	35.7617	
156000	72.1065	0.222905	0.0020295	2.23001	0.0203914	52.5593	4888.46	3.57873	2.77263	1.95882	0.379427	0.724439	1.25292	0.180738	0.127547	1.74719	2.29491	2.72005	2.86141	2.88165	0.129477	4.20406	97.8291	1.57641	0.0101519	0.0111878	0.0112616	0.0110732	0.0110302	0.0208451	3.23357	0.0841971	0.0601258	0.0431013	0.0234212	5.7113e-07	6.76193e-07	7.11284e-07	4.57953e-07	9.74713e-07	7.16596e-07	1.07152e-06	0.0583693	1.54172e-06	2.06024e-06	2.93279e-06	4.05947e-06	5.28903e-06	6.44297e-06	0.000107623	0.000155778	7.47304e-06	16.983	22.1266	26.9537	31.2628	651.686	450.252	4.07803	1.91587	12.2697	11.1545	2.82877	2.38922	8.61934	6.44999	20.7847	4.36806	4.4826	2.99786	2.97561	6.08315	1495.36	12501.3	0.0264507	0.0334351	0.0394701	0.0413379	0.0415656	0.0623482	0.0605394	0.374713	0.306505	0.23406	0.168298	0.117972	0.0884687	0.286731	2.75499	136.145	1101.94	35.3408	
168000	68.9631	0.220121	0.00212757	2.20216	0.0213767	55.0539	5154.29	3.7531	2.97774	2.1693	0.475033	0.867238	1.43927	0.237281	0.181528	1.70051	2.09826	2.50155	2.68041	2.72638	0.126575	3.98794	100.891	1.70888	0.0107073	0.0118575	0.0120575	0.0119182	0.0118856	0.0221166	3.42744	0.0918462	0.066448	0.0480046	0.0253085	5.4602e-07	6.50093e-07	6.96511e-07	4.6915e-07	1.06862e-06	7.08727e-07	1.04755e-06	0.0644785	1.60397e-06	2.15388e-06	3.02943e-06	4.10726e-06	5.24349e-06	6.30451e-06	0.000111122	0.00015267	7.29588e-06	17.1828	21.936	26.3744	30.5217	638.687	464.893	4.47091	1.96274	12.6739	11.139	2.71957	2.2842	9.01105	6.71044	21.0791	4.32954	4.38235	2.96493	2.9138	6.49685	1494.97	13410.2	0.0269761	0.0319091	0.0379679	0.0405151	0.0411295	0.0609395	0.0600269	0.366703	0.304161	0.237211	0.174166	0.123479	0.0920199	0.290691	3.14152	136.525	1103.58	34.9926	
180000	65.9898	0.217224	0.00222279	2.17318	0.0223333	57.6644	5416.71	3.91415	3.17107	2.37382	0.580646	1.01777	1.62737	0.302879	0.250074	1.6861	1.93653	2.29653	2.50022	2.57189	0.123236	3.77532	103.687	1.84566	0.0112813	0.0125005	0.0128217	0.0127437	0.0127302	0.0233592	3.61774	0.0993268	0.0727013	0.0529467	0.0272709	5.26664e-07	6.23555e-07	6.78794e-07	4.89037e-07	1.16699e-06	6.98506e-07	1.02353e-06	0.0707955	1.66651e-06	2.23685e-06	3.10237e-06	4.12503e-06	5.17573e-06	6.16312e-06	0.000114601	0.00015016	7.13404e-06	17.2571	21.6524	25.7829	29.8447	628.187	479.444	4.88245	2.04597	12.979	11.1236	2.60855	2.20324	9.35813	6.97206	21.3892	4.28052	4.28186	2.92216	2.83967	6.90265	1494.56	14317.9	0.0280077	0.0307021	0.0364228	0.0395151	0.0405574	0.059536	0.0593641	0.358439	0.300417	0.238543	0.178641	0.128391	0.0956183	0.294849	3.55312	136.573	1107.63	34.7272	
192000	63.1581	0.214207	0.00231514	2.14299	0.0232612	60.3874	5675.58	4.06325	3.35333	2.57191	0.695622	1.17476	1.81594	0.377596	0.335209	1.69831	1.80867	2.10833	2.323	2.41803	0.119477	3.56656	106.246	1.98673	0.0118843	0.0131242	0.0135544	0.0135464	0.0135611	0.0245728	3.80517	0.106639	0.0788638	0.0578949	0.0293073	5.13967e-07	5.97958e-07	6.58769e-07	5.17315e-07	1.27022e-06	6.85961e-07	9.98898e-07	0.0772791	1.7271e-06	2.30792e-06	3.15347e-06	4.11848e-06	5.09309e-06	6.02394e-06	0.000118075	0.000148197	6.98868e-06	17.2296	21.3066	25.2007	29.2367	619.976	493.98	5.31432	2.1643	13.1927	11.1083	2.50147	2.15015	9.65539	7.22554	21.7172	4.22217	4.1788	2.86967	2.75589	7.29858	1494.12	15224.3	0.0295275	0.0298697	0.0349147	0.0383728	0.03985	0.0581037	0.0585685	0.350242	0.29572	0.238392	0.181821	0.132622	0.099128	0.299243	3.98924	136.37	1113.96	34.551	
204000	60.4443	0.211063	0.00240461	2.11153	0.0241601	63.2195	5930.76	4.20156	3.52522	2.76333	0.81929	1.33706	2.00394	0.461405	0.439029	1.73227	1.71283	1.93959	2.15117	2.26518	0.115335	3.36181	108.591	2.1321	0.0125261	0.013737	0.0142577	0.0143241	0.0143756	0.0257562	3.99039	0.113787	0.0849212	0.0628234	0.0314145	5.08601e-07	5.74618e-07	6.37226e-07	5.53736e-07	1.37879e-06	6.7123e-07	9.73219e-07	0.0838901	1.78406e-06	2.36663e-06	3.18508e-06	4.09284e-06	5.00148e-06	5.89071e-06	0.000121565	0.000146734	6.86037e-06	17.1223	20.9234	24.6433	28.6999	613.858	508.579	5.76856	2.31669	13.3248	11.093	2.40384	2.12773	9.901	7.46381	22.0637	4.15535	4.07137	2.80803	2.66576	7.68294	1493.67	16129.4	0.0315198	0.0294533	0.0335207	0.0371321	0.0390138	0.0566161	0.0576529	0.342344	0.290431	0.237068	0.183838	0.136138	0.102444	0.303885	4.44919	135.991	1122.44	34.4685	
216000	57.8292	0.207782	0.00249119	2.07871	0.0250299	66.1573	6182.08	4.33005	3.68739	2.94797	0.950973	1.50362	2.19054	0.55421	0.563703	1.78382	1.64661	1.79216	1.98725	2.11417	0.110865	3.16109	110.743	2.28181	0.0132165	0.014348	0.0149349	0.0150755	0.0151713	0.026908	4.17399	0.12078	0.0908657	0.067712	0.0335871	5.11051e-07	5.5475e-07	6.15067e-07	5.98135e-07	1.49329e-06	6.54568e-07	9.46209e-07	0.0905916	1.83616e-06	2.41315e-06	3.19976e-06	4.05274e-06	4.90563e-06	5.76608e-06	0.000125087	0.000145728	6.74927e-06	16.9545	20.5224	24.122	28.2352	609.652	523.312	6.24759	2.50246	13.3862	11.0775	2.32073	2.138	10.0955	7.68176	22.4276	4.08061	3.95837	2.73833	2.57306	8.05425	1493.19	17033.3	0.0339734	0.0294829	0.0323124	0.035844	0.0380621	0.0550547	0.0566262	0.334912	0.284839	0.234847	0.184839	0.138941	0.10549	0.308764	4.93219	135.501	1132.96	34.4828	
228000	55.2973	0.204358	0.00257482	2.04446	0.0258702	69.1972	6429.38	4.44955	3.84046	3.12582	1.08999	1.67351	2.37506	0.655848	0.711486	1.84945	1.60725	1.6671	1.83366	1.96618	0.106142	2.96437	112.716	2.43591	0.0139648	0.0149668	0.0155909	0.0158004	0.015946	0.0280265	4.35651	0.127629	0.0966945	0.0725458	0.035819	5.21663e-07	5.39447e-07	5.93275e-07	6.50451e-07	1.61436e-06	6.36365e-07	9.17739e-07	0.0973507	1.8826e-06	2.44803e-06	3.20013e-06	4.00226e-06	4.8093e-06	5.65192e-06	0.000128657	0.00014514	6.65526e-06	16.7433	20.1193	23.6444	27.842	607.192	538.251	6.75412	2.72136	13.3877	11.0619	2.25673	2.18243	10.2414	7.876	22.8072	3.99831	3.83926	2.66216	2.48189	8.41116	1492.7	17936	0.0368829	0.0299796	0.0313546	0.0345644	0.0370159	0.0534103	0.055494	0.328064	0.279173	0.231974	0.184976	0.141059	0.108214	0.31386	5.43738	134.962	1145.44	34.5961	
240000	52.8363	0.200784	0.00265542	2.0087	0.0266799	72.3357	6672.48	4.56073	3.98495	3.29691	1.23565	1.84588	2.55693	0.766098	0.884719	1.9262	1.59184	1.56476	1.69257	1.82272	0.101258	2.77166	114.525	2.59449	0.0147807	0.0156033	0.0162318	0.0164999	0.0166982	0.02911	4.53846	0.134349	0.102409	0.0773147	0.0381029	5.40691e-07	5.29673e-07	5.72874e-07	7.10742e-07	1.74272e-06	6.17132e-07	8.87849e-07	0.104138	1.92291e-06	2.47216e-06	3.18876e-06	3.94491e-06	4.71543e-06	5.54954e-06	0.000132294	0.000144933	6.57805e-06	16.5033	19.7267	23.2162	27.519	606.328	553.464	7.29115	2.97361	13.3401	11.0461	2.21586	2.26206	10.3423	8.0446	23.2004	3.9087	3.71421	2.58171	2.39655	8.75243	1492.18	18837.3	0.0402494	0.0309587	0.0307044	0.0333523	0.0359034	0.0516831	0.05426	0.32188	0.273613	0.228659	0.184399	0.14254	0.110586	0.319142	5.96382	134.426	1159.79	34.8102	
252000	50.4366	0.197051	0.00273282	1.97135	0.0274575	75.5689	6911.19	4.66416	4.12133	3.4613	1.38728	2.01994	2.73569	0.884682	1.08583	2.0116	1.59741	1.48483	1.56578	1.68542	0.0963208	2.58306	116.18	2.75763	0.0156739	0.0162679	0.0168647	0.0171763	0.0174269	0.0301569	4.72028	0.140953	0.108013	0.0820121	0.0404314	5.6834e-07	5.26267e-07	5.549e-07	7.79188e-07	1.87914e-06	5.97505e-07	8.56751e-07	0.110929	1.9569e-06	2.48659e-06	3.16807e-06	3.8837e-06	4.62637e-06	5.45979e-06	0.000136011	0.000145075	6.51721e-06	16.2472	19.3541	22.8407	27.2646	606.921	569.014	7.86188	3.25999	13.2535	11.03	2.20164	2.37776	10.4027	8.18681	23.6048	3.81198	3.58411	2.49959	2.32137	9.0769	1491.64	19737.3	0.0440812	0.0324319	0.0304114	0.0322672	0.0347597	0.0498833	0.0529274	0.316415	0.268302	0.225082	0.18325	0.143444	0.112592	0.324577	6.51048	133.946	1175.94	35.1265	
264000	48.0911	0.193155	0.00280678	1.93237	0.0282006	78.8931	7145.33	4.7603	4.24999	3.61905	1.54418	2.19496	2.91093	1.01126	1.31733	2.10356	1.62109	1.42647	1.45467	1.556	0.0914473	2.39882	117.688	2.92547	0.0166542	0.0169709	0.0174977	0.0178331	0.0181323	0.0311659	4.90241	0.147458	0.113515	0.086635	0.042797	6.04803e-07	5.29951e-07	5.40373e-07	8.56098e-07	2.02443e-06	5.78217e-07	8.2483e-07	0.117703	1.98464e-06	2.49251e-06	3.14033e-06	3.82118e-06	4.54393e-06	5.38322e-06	0.000139822	0.000145535	6.47225e-06	15.9857	19.0093	22.5205	27.0765	608.847	584.96	8.46974	3.58177	13.1375	11.0135	2.21708	2.53033	10.4274	8.30283	24.0179	3.7085	3.45056	2.4189	2.26061	9.38342	1491.08	20636.1	0.0483936	0.0344099	0.0305186	0.0313684	0.0336261	0.0480309	0.0515004	0.311705	0.263352	0.221398	0.181664	0.143838	0.114232	0.330131	7.07629	133.569	1193.81	35.5463	
276000	45.7947	0.189088	0.00287698	1.89168	0.0289059	82.3037	7374.7	4.84952	4.37127	3.77022	1.70566	2.37024	3.08227	1.14545	1.5818	2.20031	1.66012	1.38841	1.36013	1.43608	0.0867613	2.21937	119.057	3.09811	0.0177321	0.017723	0.0181396	0.018475	0.0188151	0.0321363	5.08522	0.153879	0.118922	0.0911833	0.0451922	6.50296e-07	5.41356e-07	5.30275e-07	9.41906e-07	2.17944e-06	5.60087e-07	7.92627e-07	0.124443	2.00636e-06	2.49118e-06	3.10763e-06	3.75954e-06	4.46952e-06	5.32012e-06	0.000143741	0.000146286	6.44261e-06	15.7278	18.698	22.2565	26.9526	611.989	601.354	9.11824	3.94078	13.0006	10.9965	2.26482	2.72069	10.4218	8.39367	24.4373	3.59877	3.31584	2.34306	2.21838	9.67096	1490.5	21533.4	0.0532096	0.0369041	0.0310629	0.0307128	0.0325489	0.0461556	0.0499858	0.307769	0.258848	0.217737	0.179764	0.143795	0.115518	0.335771	7.66008	133.338	1213.34	36.0708	
288000	43.5442	0.184847	0.00294302	1.84925	0.0295693	85.7961	7599.08	4.9321	4.48542	3.91485	1.87099	2.54514	3.24937	1.28679	1.88191	2.30031	1.71194	1.36904	1.28258	1.32712	0.0823862	2.04536	120.292	3.27573	0.0189185	0.0185353	0.0188002	0.0191079	0.0194773	0.0330683	5.26907	0.160232	0.124245	0.095659	0.04761	7.05085e-07	5.61037e-07	5.25542e-07	1.03717e-06	2.34502e-06	5.43999e-07	7.60834e-07	0.131137	2.02244e-06	2.48386e-06	3.07185e-06	3.70058e-06	4.4042e-06	5.2706e-06	0.000147778	0.000147302	6.42768e-06	15.4812	18.4247	22.0494	26.8902	616.242	618.243	9.811	4.33933	12.851	10.9792	2.34718	2.94993	10.3912	8.46094	24.8608	3.48363	3.18284	2.27577	2.1986	9.93859	1489.9	22429.4	0.0585587	0.0399284	0.0320769	0.0303549	0.0315783	0.0442952	0.0483942	0.304614	0.254856	0.214209	0.177662	0.143389	0.116471	0.341466	8.26065	133.296	1234.48	36.7011	
300000	41.3379	0.180428	0.00300439	1.80504	0.0301859	89.3651	7818.26	5.00828	4.59267	4.05296	2.03947	2.71901	3.41193	1.43476	2.22036	2.40219	1.77417	1.36653	1.22194	1.23032	0.0784406	1.87763	121.396	3.45846	0.0202253	0.0194191	0.0194896	0.0197388	0.0201219	0.0339628	5.45428	0.166533	0.129496	0.100066	0.050044	7.69503e-07	5.89503e-07	5.27052e-07	1.14254e-06	2.52204e-06	5.30874e-07	7.30263e-07	0.137774	2.0334e-06	2.47183e-06	3.03472e-06	3.64583e-06	4.34877e-06	5.2346e-06	0.000151942	0.000148561	6.42682e-06	15.2521	18.1929	21.8988	26.8866	621.508	635.663	10.5516	4.78022	12.6956	10.9613	2.4663	3.21946	10.3409	8.50675	25.2866	3.36433	3.05495	2.22087	2.20494	10.1855	1489.28	23323.9	0.0644771	0.0435003	0.0335896	0.0303457	0.0307669	0.0424954	0.0467417	0.302238	0.251425	0.210904	0.17546	0.142693	0.117119	0.347188	8.87672	133.485	1257.17	37.4382	
312000	39.1756	0.175829	0.00306051	1.75903	0.0307497	93.0046	8032.03	5.07823	4.69318	4.18458	2.21036	2.89124	3.56964	1.5888	2.59987	2.50471	1.84464	1.37892	1.17774	1.14656	0.0750334	1.71717	122.374	3.6465	0.021665	0.0203861	0.0202187	0.0203756	0.020753	0.0348218	5.64113	0.1728	0.134687	0.104411	0.0524883	8.43964e-07	6.27237e-07	5.35628e-07	1.2588e-06	2.71131e-06	5.2166e-07	7.01827e-07	0.144351	2.03982e-06	2.45633e-06	2.99777e-06	3.59656e-06	4.30381e-06	5.21196e-06	0.00015624	0.00015004	6.43937e-06	15.046	18.0048	21.8042	26.9392	627.697	653.643	11.3434	5.26661	12.5411	10.9429	2.6242	3.531	10.276	8.53361	25.713	3.2426	2.936	2.18234	2.24084	10.4114	1488.65	24216.9	0.0710066	0.0476418	0.0356286	0.030733	0.0301688	0.0408075	0.0450507	0.300634	0.24859	0.207901	0.173249	0.141779	0.117496	0.352915	9.507	133.942	1281.34	38.2826	
324000	37.0583	0.171051	0.0031107	1.71122	0.0312539	96.7079	8240.18	5.14209	4.78706	4.30967	2.38289	3.06123	3.72222	1.74827	3.0232	2.60664	1.92134	1.40417	1.14912	1.07638	0.0722585	1.56511	123.228	3.84001	0.0232511	0.0214488	0.0209989	0.0210274	0.0213758	0.0356485	5.82991	0.179047	0.13983	0.108701	0.054938	9.28969e-07	6.74721e-07	5.52039e-07	1.38677e-06	2.9136e-06	5.17307e-07	6.76512e-07	0.150864	2.04238e-06	2.43856e-06	2.96237e-06	3.55381e-06	4.2697e-06	5.20241e-06	0.000160675	0.000151719	6.46463e-06	14.8672	17.8622	21.7643	27.0449	634.721	672.201	12.1898	5.80202	12.393	10.924	2.82288	3.88666	10.2016	8.54428	26.1389	3.12071	2.83011	2.16415	2.30952	10.6161	1488	25108.4	0.0781934	0.0523799	0.0382208	0.0315611	0.0298387	0.0392874	0.0433508	0.299785	0.246376	0.20526	0.171109	0.140719	0.117639	0.358628	10.1502	134.707	1306.92	39.2347	
336000	34.9881	0.166095	0.00315423	1.66164	0.0316912	100.468	8442.48	5.19996	4.8744	4.42822	2.55632	3.22841	3.86938	1.91247	3.49307	2.70681	2.00245	1.44025	1.13493	1.01994	0.0701919	1.42262	123.959	4.03917	0.0249983	0.0226201	0.0218422	0.0217039	0.0219968	0.0364471	6.02085	0.185291	0.144938	0.112943	0.0573888	1.0251e-06	7.32451e-07	5.77008e-07	1.52734e-06	3.12957e-06	5.18754e-07	6.55345e-07	0.157314	2.04178e-06	2.41966e-06	2.92972e-06	3.51841e-06	4.24667e-06	5.2056e-06	0.00016525	0.000153578	6.50189e-06	14.7192	17.7659	21.7777	27.2008	642.499	691.338	13.0933	6.39014	12.2564	10.9046	3.06443	4.28887	10.1226	8.54176	26.5633	3.00144	2.74157	2.17023	2.41402	10.8001	1487.33	25998.4	0.086087	0.0577463	0.0413938	0.0328718	0.0298305	0.0379937	0.041679	0.299672	0.244796	0.203032	0.169114	0.139578	0.11759	0.364315	10.8049	135.817	1333.84	40.2941	
348000	32.9678	0.160967	0.00319031	1.61034	0.0320537	104.275	8638.74	5.25191	4.95527	4.54017	2.72986	3.3922	4.01085	2.08065	4.01215	2.80401	2.08625	1.48516	1.13378	0.977015	0.068888	1.29085	124.571	4.24418	0.0269221	0.0239137	0.0227611	0.0224159	0.0226235	0.0372234	6.21417	0.191546	0.150026	0.117148	0.0598373	1.13303e-06	8.00949e-07	6.11225e-07	1.6814e-06	3.35974e-06	5.2692e-07	6.39367e-07	0.163704	2.03877e-06	2.40071e-06	2.90089e-06	3.49105e-06	4.23481e-06	5.22111e-06	0.000169959	0.000155598	6.5504e-06	14.6047	17.7163	21.8426	27.4038	650.952	711.039	14.0563	7.03471	12.1358	10.8847	3.35103	4.74041	10.0433	8.52918	26.9858	2.88816	2.67475	2.20441	2.5572	10.9649	1486.65	26886.8	0.0947377	0.0637769	0.0451765	0.0347044	0.0301969	0.036986	0.0400798	0.30027	0.243857	0.201259	0.167324	0.138421	0.117392	0.369968	11.4701	137.308	1361.99	41.4601	
360000	31.0015	0.155675	0.00321813	1.55739	0.0323331	108.121	8828.74	5.298	5.02969	4.64547	2.90275	3.55205	4.14636	2.25202	4.58302	2.89697	2.17114	1.53698	1.14411	0.947083	0.0683775	1.17086	125.064	4.45519	0.0290394	0.0253443	0.023769	0.0231748	0.0232645	0.0379841	6.41007	0.197826	0.155106	0.121325	0.0622812	1.25344e-06	8.80773e-07	6.55348e-07	1.84982e-06	3.60442e-06	5.4269e-07	6.29606e-07	0.17004	2.03413e-06	2.38273e-06	2.87679e-06	3.47221e-06	4.23409e-06	5.24843e-06	0.000174794	0.000157761	6.6094e-06	14.5259	17.7133	21.9569	27.6506	659.999	731.269	15.08	7.73934	12.035	10.8643	3.68501	5.24422	9.96808	8.50976	27.4067	2.78469	2.63394	2.27041	2.74182	11.1126	1485.95	27773.5	0.104194	0.0705109	0.0495995	0.0370964	0.0309889	0.0363233	0.0386043	0.30155	0.243559	0.199969	0.165795	0.137306	0.117088	0.375587	12.1444	139.215	1391.27	42.7306	
372000	29.0933	0.150231	0.00323688	1.50292	0.0325214	111.995	9012.29	5.33828	5.09767	4.74406	3.0742	3.70743	4.27565	2.42572	5.20813	2.9844	2.25561	1.59388	1.16428	0.929307	0.0686663	1.0635	125.44	4.67238	0.0313678	0.0269273	0.0248797	0.023993	0.0239294	0.0387373	6.60871	0.204146	0.160192	0.125485	0.0647189	1.38708e-06	9.72502e-07	7.10013e-07	2.03336e-06	3.86364e-06	5.66911e-07	6.27053e-07	0.17633	2.02863e-06	2.36665e-06	2.85819e-06	3.46227e-06	4.24437e-06	5.287e-06	0.000179741	0.000160047	6.67806e-06	14.4844	17.7564	22.1183	27.9379	669.563	751.965	16.1644	8.50723	11.9572	10.8435	4.0688	5.80334	9.90082	8.48674	27.8263	2.69528	2.62328	2.37177	2.97055	11.2465	1485.23	28658.5	0.114501	0.0779887	0.0546948	0.0400839	0.0322549	0.0360628	0.0373096	0.303481	0.243892	0.199187	0.164573	0.136288	0.116724	0.381178	12.827	141.57	1421.53	44.1024	
384000	27.2483	0.144649	0.00324581	1.44708	0.032611	115.886	9189.24	5.37279	5.15923	4.83584	3.24343	3.85782	4.39847	2.60086	5.88977	3.06499	2.33817	1.65411	1.19258	0.922611	0.0697348	0.969386	125.702	4.89589	0.0339257	0.0286789	0.026108	0.0248833	0.0246288	0.0394923	6.81025	0.210519	0.165297	0.129638	0.0671498	1.53463e-06	1.07673e-06	7.75834e-07	2.23262e-06	4.13708e-06	6.00384e-07	6.32639e-07	0.182583	2.02303e-06	2.35332e-06	2.84576e-06	3.46146e-06	4.2654e-06	5.3362e-06	0.000184778	0.000162436	6.75555e-06	14.481	17.8444	22.3242	28.2621	679.561	773.037	17.3085	9.34088	11.9052	10.8225	4.50488	6.42068	9.84509	8.46334	28.2456	2.62448	2.64668	2.51184	3.24595	11.3712	1484.51	29541.8	0.125693	0.0862496	0.0604953	0.0437014	0.034041	0.0362581	0.0362573	0.306027	0.244844	0.198925	0.163697	0.135417	0.116344	0.386754	13.5171	144.404	1452.6	45.5706	
396000	25.4716	0.138949	0.00324427	1.39006	0.0325955	119.781	9359.4	5.40157	5.21437	4.92075	3.40968	4.00271	4.51457	2.77654	6.63001	3.13739	2.41742	1.71605	1.22733	0.925742	0.0715389	0.888832	125.851	5.12581	0.0367325	0.0306162	0.0274691	0.0258597	0.0253743	0.0402592	7.01481	0.216957	0.170433	0.133796	0.0695744	1.6967e-06	1.19402e-06	8.53393e-07	2.44794e-06	4.42403e-06	6.43855e-07	6.47218e-07	0.188812	2.01809e-06	2.34352e-06	2.84002e-06	3.46987e-06	4.29683e-06	5.39534e-06	0.000189875	0.00016491	6.84098e-06	14.5162	17.9759	22.5716	28.6196	689.908	794.36	18.5089	10.2417	11.8812	10.8012	4.99563	7.09875	9.8041	8.44268	28.6663	2.577	2.7077	2.69374	3.57046	11.4926	1483.77	30423.4	0.137793	0.0953281	0.0670331	0.0479819	0.03639	0.0369589	0.0355111	0.309146	0.246396	0.19919	0.163198	0.134739	0.115992	0.392332	14.2144	147.743	1484.27	47.1285	
408000	23.7684	0.133156	0.00323175	1.3321	0.0324696	123.667	9522.68	5.42469	5.26309	4.99871	3.57218	4.14163	4.62373	2.95179	7.43066	3.20031	2.49196	1.77816	1.26689	0.937324	0.074011	0.821809	125.89	5.36222	0.0398072	0.032757	0.0289791	0.0269364	0.0261783	0.0410495	7.22248	0.223472	0.175614	0.13797	0.0719938	1.87372e-06	1.32489e-06	9.43226e-07	2.67932e-06	4.72323e-06	6.98007e-07	6.71553e-07	0.195028	2.01453e-06	2.33792e-06	2.84135e-06	3.48748e-06	4.33824e-06	5.46366e-06	0.000194993	0.000167445	6.93341e-06	14.59	18.1492	22.8575	29.0063	700.514	815.772	19.7607	11.2098	11.8868	10.78	5.54316	7.83936	9.78066	8.42778	29.0901	2.55753	2.80955	2.92032	3.94632	11.6184	1483.01	31303.3	0.150802	0.10525	0.0743368	0.0529557	0.0393409	0.0382093	0.0351354	0.312797	0.248522	0.199982	0.1631	0.134293	0.115708	0.397939	14.9188	151.608	1516.29	48.7669	
420000	22.1438	0.127296	0.00320793	1.27347	0.0322301	127.532	9678.95	5.44221	5.30541	5.06965	3.7302	4.27413	4.72573	3.12568	8.29319	3.25251	2.5605	1.83903	1.30968	0.955923	0.0770622	0.767953	125.822	5.60512	0.0431691	0.0351192	0.0306544	0.0281285	0.027054	0.0418751	7.43333	0.230073	0.180849	0.14217	0.0744101	2.06586e-06	1.46971e-06	1.04579e-06	2.92632e-06	5.03286e-06	7.63439e-07	7.06298e-07	0.201247	2.01302e-06	2.33708e-06	2.85004e-06	3.51417e-06	4.38908e-06	5.54033e-06	0.000200084	0.000170019	7.03183e-06	14.7016	18.3619	23.1782	29.418	711.281	837.069	21.0561	12.2431	11.9232	10.7589	6.14908	8.64324	9.77718	8.42147	29.5195	2.57059	2.95494	3.19409	4.37545	11.7574	1482.24	32181.4	0.1647	0.116028	0.0824287	0.058649	0.0429284	0.0400473	0.0351923	0.316931	0.251192	0.201294	0.163418	0.134112	0.115533	0.403604	15.6309	156.014	1548.35	50.4741	
432000	20.6027	0.121401	0.00317272	1.2145	0.0318763	131.362	9828.17	5.45423	5.34135	5.13353	3.88305	4.39979	4.82038	3.29724	9.21871	3.29295	2.62177	1.89735	1.35426	0.980097	0.080585	0.726581	125.649	5.85447	0.0468363	0.037721	0.032512	0.0294515	0.0280153	0.042749	7.64741	0.236772	0.186151	0.146407	0.0768261	2.27295e-06	1.62867e-06	1.16142e-06	3.18793e-06	5.35049e-06	8.40645e-07	7.51982e-07	0.207482	2.01418e-06	2.34148e-06	2.86622e-06	3.54967e-06	4.44873e-06	5.62444e-06	0.000205089	0.000172606	7.13517e-06	14.8502	18.6115	23.5301	29.8504	722.106	858.007	22.3849	13.3376	11.9909	10.7383	6.81413	9.50963	9.79562	8.42635	29.9572	2.62034	3.1461	3.51713	4.85924	11.92	1481.46	33057.9	0.179435	0.127653	0.0913206	0.0650814	0.0471811	0.0425042	0.0357392	0.321496	0.25437	0.203112	0.164164	0.134225	0.115502	0.409364	16.3517	160.966	1580.11	52.2352	
444000	19.1489	0.115506	0.00312632	1.15552	0.03141	135.142	9970.31	5.46086	5.37097	5.19032	4.03004	4.51823	4.90751	3.46552	10.2079	3.32075	2.67468	1.95192	1.39928	1.00844	0.084457	0.696737	125.377	6.11012	0.0508253	0.04058	0.0345689	0.0309212	0.0290764	0.0436844	7.86471	0.243575	0.191529	0.150692	0.0792454	2.49434e-06	1.80166e-06	1.29028e-06	3.46251e-06	5.67301e-06	9.29978e-07	8.08997e-07	0.213751	2.01858e-06	2.35149e-06	2.88992e-06	3.59361e-06	4.51646e-06	5.715e-06	0.00020994	0.00017518	7.24229e-06	15.034	18.8949	23.909	30.2985	732.876	878.3	23.7342	14.4864	12.0901	10.7184	7.53788	10.4359	9.83749	8.44475	30.4062	2.71037	3.38466	3.8909	5.39837	12.1179	1480.65	33932.7	0.19492	0.140095	0.101009	0.0722631	0.0521199	0.0456029	0.0368266	0.326434	0.258014	0.205414	0.165337	0.134653	0.115649	0.415259	17.083	166.461	1611.18	54.0326	
456000	17.7858	0.109646	0.00306918	1.0969	0.0308359	138.861	10105.4	5.46224	5.39435	5.24	4.17055	4.6291	4.987	3.62961	11.261	3.33533	2.71823	2.00168	1.44352	1.03964	0.0885447	0.677247	125.008	6.37185	0.0551505	0.0437127	0.0368415	0.0325535	0.0302521	0.0446952	8.08521	0.25049	0.196993	0.155035	0.0816722	2.72886e-06	1.98821e-06	1.43228e-06	3.74773e-06	5.9967e-06	1.03161e-06	8.77568e-07	0.220067	2.02669e-06	2.36733e-06	2.92103e-06	3.64549e-06	4.59144e-06	5.81094e-06	0.00021456	0.000177712	7.35193e-06	15.2511	19.2086	24.3104	30.7572	743.468	897.628	25.0883	15.6797	12.2203	10.6995	8.31834	11.417	9.9038	8.47868	30.8697	2.84357	3.67156	4.31612	5.99248	12.3638	1479.83	34805.9	0.211027	0.153291	0.111469	0.080191	0.0577558	0.0493574	0.0384953	0.331686	0.262077	0.208173	0.166934	0.135411	0.116	0.421329	17.8274	172.481	1641.1	55.8455	
468000	16.5155	0.103861	0.00300206	1.03902	0.0301614	142.505	10233.5	5.45856	5.4116	5.28261	4.30399	4.7321	5.05874	3.78862	12.3776	3.33642	2.75167	2.04569	1.48589	1.07246	0.0927077	0.666798	124.55	6.63933	0.0598229	0.0471338	0.0393456	0.0343638	0.0315572	0.0457952	8.30884	0.257523	0.202551	0.159444	0.0841111	2.97469e-06	2.18736e-06	1.58702e-06	4.04054e-06	6.31724e-06	1.14548e-06	9.57731e-07	0.226448	2.03889e-06	2.38914e-06	2.95931e-06	3.70471e-06	4.67274e-06	5.91109e-06	0.000218867	0.000180171	7.4628e-06	15.4989	19.5487	24.7294	31.221	753.754	915.645	26.4293	16.9046	12.3804	10.6819	9.15155	12.4455	9.99504	8.52975	31.3511	3.02193	4.00697	4.79255	6.63986	12.671	1478.98	35677.6	0.227588	0.167143	0.122652	0.0888444	0.064087	0.053771	0.0407742	0.337182	0.266506	0.211354	0.16894	0.136506	0.116579	0.42762	18.5881	178.996	1669.4	57.6503	
480000	15.3391	0.0981856	0.00292595	0.982243	0.0293966	146.062	10354.7	5.45002	5.42287	5.31821	4.42986	4.827	5.12268	3.94172	13.5569	3.3241	2.77445	2.08318	1.52547	1.1058	0.0968038	0.664009	124.006	6.91213	0.0648494	0.0508555	0.0420956	0.0363671	0.0330061	0.0469983	8.53549	0.264678	0.20821	0.163929	0.0865673	3.22937e-06	2.39766e-06	1.7537e-06	4.33719e-06	6.62988e-06	1.27124e-06	1.0493e-06	0.232909	2.05548e-06	2.41689e-06	3.00439e-06	3.77053e-06	4.75932e-06	6.01419e-06	0.000222774	0.000182524	7.57347e-06	15.7743	19.9109	25.1607	31.684	763.599	931.989	27.7372	18.1457	12.569	10.666	10.0314	13.511	10.1112	8.59918	31.8535	3.2464	4.39008	5.3187	7.33719	13.0529	1478.11	36547.9	0.244396	0.181516	0.134479	0.0981813	0.0710957	0.0588345	0.0436787	0.342851	0.27124	0.214915	0.171335	0.137938	0.117403	0.434175	19.3692	185.959	1695.59	59.4212	
492000	14.2561	0.0926565	0.00284206	0.92693	0.0285538	149.524	10469.2	5.43686	5.42834	5.34692	4.54771	4.91361	5.17881	4.08811	14.7973	3.29879	2.78628	2.11355	1.56144	1.13868	0.100695	0.667493	123.384	7.1897	0.070232	0.0548866	0.0451036	0.038577	0.0346127	0.0483179	8.76501	0.271957	0.213975	0.168496	0.0890461	3.48978e-06	2.61706e-06	1.93106e-06	4.63332e-06	6.92957e-06	1.40819e-06	1.15183e-06	0.239464	2.07664e-06	2.45045e-06	3.05577e-06	3.84211e-06	4.85005e-06	6.11889e-06	0.000226197	0.000184739	7.68249e-06	16.0737	20.2905	25.5987	32.1401	772.861	946.304	28.9909	19.3845	12.784	10.6522	10.9492	14.6004	10.2516	8.6877	32.3801	3.51681	4.81904	5.89167	8.07924	13.5223	1477.2	37417.1	0.261208	0.196239	0.146837	0.108134	0.0787448	0.0645242	0.0472084	0.348615	0.276216	0.218807	0.174091	0.1397	0.118483	0.441033	20.1756	193.307	1719.17	61.131	
504000	13.2652	0.0873059	0.00275179	0.873401	0.0276467	152.881	10577.2	5.41935	5.42825	5.36888	4.65715	4.99179	5.22718	4.22712	16.0967	3.26125	2.78715	2.13636	1.59315	1.17024	0.10425	0.67592	122.689	7.4714	0.0759672	0.0592318	0.0483791	0.0410052	0.0363898	0.0497668	8.99723	0.279363	0.219851	0.173152	0.0915531	3.75221e-06	2.84292e-06	2.11738e-06	4.92416e-06	7.21124e-06	1.55525e-06	1.26457e-06	0.246128	2.10242e-06	2.48955e-06	3.11281e-06	3.91847e-06	4.94369e-06	6.22377e-06	0.000229053	0.000186781	7.78832e-06	16.3932	20.6822	26.0375	32.5828	781.403	958.253	30.1691	20.6012	13.0226	10.6406	11.8941	15.6983	10.4152	8.79557	32.9335	3.83172	5.29074	6.50692	8.85873	14.0908	1476.27	38285.2	0.277752	0.211103	0.159581	0.118608	0.0869758	0.0707999	0.051346	0.354393	0.281361	0.222976	0.177171	0.141777	0.119823	0.448232	21.013	200.962	1739.66	62.752	
516000	12.3637	0.0821621	0.00265658	0.821942	0.0266901	156.126	10678.8	5.3978	5.42285	5.3843	4.75789	5.0615	5.26789	4.35813	17.4524	3.21253	2.77731	2.15138	1.62006	1.19976	0.107355	0.688053	121.929	7.75647	0.0820458	0.0638911	0.051928	0.0436614	0.0383487	0.0513566	9.2319	0.286894	0.225841	0.177902	0.0940937	4.01251e-06	3.0721e-06	2.31042e-06	5.20467e-06	7.46998e-06	1.71092e-06	1.38647e-06	0.252914	2.13276e-06	2.53376e-06	3.17475e-06	3.99854e-06	5.03892e-06	6.32734e-06	0.000231275	0.000188618	7.88943e-06	16.7282	21.0807	26.4708	33.0058	789.088	967.547	31.2515	21.7747	13.2818	10.6316	12.8529	16.7872	10.6002	8.92253	33.5161	4.18839	5.80075	7.15818	9.66633	14.7679	1475.29	39152.4	0.293743	0.225876	0.172537	0.129479	0.0957061	0.0776036	0.0560567	0.360099	0.2866	0.22736	0.180533	0.144145	0.121419	0.455801	21.8875	208.829	1756.63	64.2573	
528000	11.5477	0.0772489	0.00255793	0.77279	0.0256989	159.255	10774.4	5.37252	5.41246	5.39343	4.84974	5.12277	5.30111	4.48063	18.8608	3.15387	2.75726	2.15856	1.6418	1.22662	0.109913	0.702773	121.109	8.0441	0.0884523	0.0688592	0.0557521	0.0465519	0.0404987	0.0530974	9.46875	0.294547	0.231945	0.182749	0.0966735	4.26623e-06	3.30102e-06	2.5075e-06	5.46986e-06	7.70141e-06	1.87328e-06	1.51615e-06	0.259832	2.16748e-06	2.58256e-06	3.24073e-06	4.08117e-06	5.13436e-06	6.4281e-06	0.000232809	0.00019022	7.98426e-06	17.0739	21.4799	26.8923	33.4025	795.791	973.959	32.2196	22.8841	13.5578	10.6254	13.8106	17.8486	10.8043	9.06777	34.1292	4.5828	6.34328	7.83744	10.4908	15.5605	1474.26	40019	0.308892	0.240303	0.185501	0.140598	0.10483	0.0848582	0.0612876	0.365644	0.291853	0.231892	0.184126	0.146775	0.123262	0.463758	22.806	216.803	1769.75	65.6221	
540000	10.8128	0.0725849	0.0024573	0.726132	0.0246879	162.264	10864.3	5.34386	5.39741	5.39658	4.93258	5.17567	5.32705	4.59422	20.3182	3.08671	2.72771	2.15801	1.6581	1.25034	0.111853	0.719096	120.239	8.33339	0.0951655	0.0741256	0.0598488	0.0496798	0.0428463	0.0549977	9.70748	0.302319	0.238163	0.187697	0.0992973	4.50888e-06	3.52583e-06	2.70556e-06	5.71506e-06	7.90186e-06	2.04005e-06	1.65189e-06	0.266892	2.20625e-06	2.63529e-06	3.30977e-06	4.16511e-06	5.22858e-06	6.52452e-06	0.00023362	0.000191561	8.07136e-06	17.425	21.8741	27.2956	33.7668	801.401	977.35	33.0581	23.9098	13.8467	10.6221	14.7511	18.8637	11.0249	9.22999	34.7737	5.00963	6.91116	8.53513	11.3194	16.4721	1473.18	40885.3	0.322926	0.254127	0.198257	0.151793	0.114219	0.0924685	0.0669684	0.37094	0.297038	0.2365	0.187896	0.149629	0.125334	0.472114	23.7754	224.77	1778.75	66.8249	
552000	10.1538	0.0681836	0.00235604	0.682102	0.0236706	165.152	10948.7	5.31218	5.37808	5.39409	5.0064	5.22039	5.34601	4.6986	21.8199	3.01252	2.68956	2.15001	1.66886	1.27053	0.113129	0.736166	119.324	8.62344	0.102159	0.0796744	0.0642108	0.0530443	0.0453955	0.0570636	9.94775	0.310204	0.244492	0.192746	0.10197	4.73616e-06	3.74261e-06	2.90133e-06	5.93614e-06	8.06864e-06	2.20864e-06	1.79171e-06	0.274102	2.24865e-06	2.69118e-06	3.38081e-06	4.24907e-06	5.32014e-06	6.61512e-06	0.000233699	0.00019262	8.14937e-06	17.7763	22.2571	27.6747	34.0931	805.828	977.68	33.7557	24.8346	14.1439	10.6218	15.6579	19.8145	11.2588	9.40738	35.4492	5.46246	7.4961	9.24043	12.1384	17.5023	1472.05	41751.4	0.335603	0.267099	0.210579	0.162876	0.123727	0.100323	0.0730131	0.375902	0.30207	0.24111	0.19178	0.152663	0.127611	0.480863	24.8029	232.612	1783.51	67.8488	
564000	9.56478	0.0640533	0.00225541	0.640783	0.0226594	167.919	11028.1	5.27783	5.35484	5.38634	5.07129	5.25717	5.35833	4.79363	23.3611	2.9328	2.64381	2.135	1.67407	1.28691	0.113725	0.753258	118.372	8.91334	0.109401	0.0854847	0.0688263	0.0566407	0.0481467	0.0592986	10.1892	0.318193	0.250929	0.197894	0.104695	4.94424e-06	3.94758e-06	3.09144e-06	6.12982e-06	8.20018e-06	2.37628e-06	1.9334e-06	0.281466	2.29414e-06	2.74939e-06	3.45274e-06	4.33175e-06	5.40764e-06	6.69852e-06	0.000233063	0.00019338	8.21708e-06	18.1221	22.6231	28.0235	34.3764	809.009	975.014	34.3058	25.6447	14.4448	10.6243	16.5154	20.6849	11.5023	9.59769	36.1545	5.93394	8.08888	9.94173	12.9337	18.6467	1470.86	42617.6	0.346724	0.278993	0.222247	0.173656	0.133197	0.108296	0.0793222	0.380447	0.306867	0.245646	0.195716	0.155829	0.130062	0.48999	25.8953	240.211	1784.02	68.6822	
576000	9.04001	0.0601979	0.00215645	0.602214	0.0216653	170.566	11102.6	5.24118	5.32811	5.37374	5.1274	5.28631	5.36437	4.87923	24.9365	2.84897	2.59154	2.1135	1.67385	1.2993	0.113651	0.769764	117.389	9.20219	0.116858	0.0915316	0.0736789	0.0604602	0.0510971	0.0617036	10.4315	0.326277	0.257468	0.203141	0.107477	5.12991e-06	4.13731e-06	3.27264e-06	6.29378e-06	8.29611e-06	2.54013e-06	2.07465e-06	0.288988	2.34209e-06	2.809e-06	3.52442e-06	4.41184e-06	5.48972e-06	6.77347e-06	0.000231751	0.000193835	8.27354e-06	18.4572	22.9665	28.337	34.6125	810.91	969.523	34.707	26.3305	14.7447	10.6295	17.3091	21.4616	11.7517	9.79831	36.8872	6.41606	8.67978	10.6272	13.6917	19.8969	1469.6	43484.1	0.356145	0.289618	0.23306	0.183945	0.142466	0.116255	0.085787	0.384502	0.311352	0.250033	0.199636	0.159075	0.132651	0.49946	27.0592	247.459	1780.43	69.3195	
588000	8.57345	0.0566166	0.0020601	0.566388	0.0206972	173.096	11172.6	5.20257	5.29829	5.35673	5.17501	5.3082	5.36458	4.95549	26.5408	2.76238	2.53384	2.08613	1.66839	1.30762	0.112944	0.785186	116.381	9.48919	0.124494	0.0977866	0.0787486	0.0644903	0.0542404	0.0642766	10.6741	0.334445	0.264102	0.208481	0.110317	5.29082e-06	4.3089e-06	3.44196e-06	6.42678e-06	8.35724e-06	2.69745e-06	2.21311e-06	0.296666	2.3918e-06	2.86906e-06	3.5947e-06	4.48811e-06	5.56515e-06	6.83889e-06	0.000229827	0.000193983	8.31801e-06	18.7763	23.2821	28.6107	34.7985	811.529	961.474	34.9627	26.8868	15.0387	10.6373	18.0268	22.1346	12.0029	10.0063	37.6441	6.90053	9.25904	11.2853	14.4	21.2408	1468.26	44351.1	0.363785	0.298828	0.242847	0.193568	0.151375	0.124067	0.0922937	0.388001	0.31545	0.254198	0.203475	0.162344	0.135339	0.509228	28.3005	254.254	1773	69.7612	
600000	8.15919	0.0533053	0.00196706	0.533262	0.0197625	175.511	11238.6	5.16235	5.26578	5.33575	5.21444	5.32325	5.35941	5.02256	28.1685	2.67424	2.47181	2.05356	1.658	1.31187	0.111659	0.799122	115.355	9.77361	0.13227	0.104219	0.0840121	0.0687151	0.0575673	0.067013	10.9169	0.342686	0.270822	0.21391	0.113218	5.42547e-06	4.46011e-06	3.59687e-06	6.52869e-06	8.38549e-06	2.84574e-06	2.34655e-06	0.304499	2.44253e-06	2.9286e-06	3.66249e-06	4.5594e-06	5.63286e-06	6.89393e-06	0.000227374	0.000193833	8.35009e-06	19.0745	23.5653	28.8409	34.9327	810.9	951.211	35.0807	27.3131	15.3222	10.6472	18.6593	22.6979	12.252	10.2185	38.4208	7.3791	9.81726	11.9057	15.048	22.6631	1466.86	45218.8	0.369623	0.306532	0.251471	0.202375	0.159778	0.1316	0.0987285	0.390895	0.319099	0.258074	0.207168	0.165582	0.138081	0.519234	29.6241	260.515	1762.11	70.0134	
