time	Bar1	Bar1a	Bar1aex	Cdc28	Far1	Far1PP	Far1U	Fus3	Fus3PP	GaGDP	GaGTP	Gabc	Gbc	Sst2	Ste11	Ste12	Ste12a	Ste2	Ste20	Ste2a	Ste5	Ste7	alpha	complexA	complexB	complexC	complexD	complexE	complexF	complexG	complexH	complexI	complexK	complexL	complexM	complexN
0.0.	200.0	0.0	-6.28363963558109e-89	300.0	500.0	0.0	0.0	686.399701641	9.273015376718552e-69	0.0	0.0	1666.6666667	0.0	0.0	158.331766088	200.0	0.0	1666.6666667	1000.0	0.0	158.331766088	36.3997016405	100.0	105.94329812	77.8753625676	235.724935792	0.0	0.0	0.0	0.0	0.0	0.0	0.0	0.0	0.0	0.0
0.0.3.0	147.67505402543446	52.300301637264944	0.024644337301220003	299.99928996660196	82.64823949865809	0.000731524041536	417.35028725302243	627.0074699812932	0.552325412348881	0.00037220675888300004	47.16094660482659	1619.5053478884126	15.417139402996211	0.102091563430158	148.22659100970046	142.67162619890908	57.32837380109068	1601.032235260264	968.3275498766978	51.91646282976187	148.22659100970046	34.74723106253337	99.99711676438127	105.138771091045	68.6181310383119	214.89049018154404	0.07169759440729401	16.48135381954813	2.862023581977658	0.37819878988750105	2.130448032057963	6.3051253015226	3.374362466609525	0.140938131700235	3.1690878423326106e-05	0.0007100333988450001
0.0.6.0	1.8804094988457822	197.61891674740806	0.500673753746911	287.4920497056767	4.801192229891088	1.9675428920296771	479.49471579388506	382.96452721332014	110.20287503543027	0.003555029323366	143.77579271363848	1522.887318957034	31.35786188813269	39.72240198206743	125.76266880224819	1.005132846917988	198.9948671530817	1546.1042525557723	888.9212538398714	90.32902560243119	125.76266880224819	40.60891728283002	99.79273120797237	111.21901715656436	46.3727686760823	151.82542697622856	0.11414090482832501	31.749391651400686	6.084454967824298	0.8165615259826741	5.083295774575826	42.43245063249183	23.35923948935315	1.5533521185025871	1.228598789869722	12.507950294324255
0.0.8999999999999999.0	0.9948631773385841	197.91028198309616	1.094854839565889	282.92716554211955	0.021525796542462002	0.029225700530539002	481.14309475141266	269.4839557046328	227.30693152356903	0.010847279476235	193.09506760404508	1473.5607518164754	25.994134394260414	81.23261229381413	107.77167051747088	0.487784482512411	199.51221551748765	1499.5475992331799	834.6956253452147	118.35837723380094	107.77167051747088	41.965713762918526	99.07879806927689	116.3959936304381	32.20195038509012	110.45387465646226	0.074086540840807	22.27877202335478	4.457092287140747	0.6019630110551321	3.9107394754560083	83.38570007787303	46.332718797637455	4.337388982271227	1.733319293631941	17.072834457881964
1.0.2.0	0.989070078504069	197.3232228340712	1.68770708742549	282.89084640688037	0.000341510014325	0.006388340568438001	481.1496295181878	215.50129887716128	287.1571244804062	0.033156139243562005	194.53510906316168	1472.0984014975918	11.544914198784696	112.00289382094654	100.6012682802435	0.386214110052777	199.61378588994737	1459.6525103651568	818.7406789839073	138.32089686777923	100.6012682802435	45.55354222359529	97.84578555173947	121.65087463234651	26.698600689094707	96.45899312189748	0.029542949417302	9.616558469777315	1.9763517158742432	0.267945390827799	1.78640811073705	103.28278462472879	57.61060568073027	6.718667023419922	1.734487038108146	17.109153593121025
1.0.5.0	0.985999304533514	196.7352063314072	2.278794364060014	282.88752457201264	0.000297393906874	0.006514901941334	481.1501422037809	207.00701614073319	298.5446232116563	0.136658354279242	182.20922272351623	1484.3207856222018	3.123062133868959	134.80066366106402	101.07482145581726	0.371482579711221	199.628517420289	1425.1149602950418	822.5158963055101	151.9916548796833	101.07482145581726	47.961742117972676	96.11467817073232	123.46534575098667	26.57842508893123	97.96758392165135	0.008145177051883001	2.9045997568575483	0.610463832564898	0.083023393484192	0.565627010882791	106.56008009136241	59.54189495513523	7.218414654205933	1.730570072381735	17.112475427988485
1.0.7999999999999998.0	0.983102336084763	196.14877774132216	2.868119922593703	282.88325475462887	0.00030191621237200003	0.0065746180273080004	481.1506512221543	216.15256786653444	289.690172305696	0.44728854061383905	171.0383894262595	1495.180988733122	1.001919353515473	151.68959201657643	103.99933612755518	0.382806956045658	199.6171930439544	1394.9358371173507	831.2446839059478	160.73664690076464	103.99933612755518	48.76579587043591	93.91401307036878	123.06896525326447	28.302505510483677	104.17366700405509	0.00271552106995	0.8574398896660471	0.175319310889082	0.023755209490105	0.15868191069971102	103.16519225386064	57.6807901742009	6.694137345248951	1.725726998232696	17.116745245372595
2.0.1.0	0.9802562638120701	195.564054997445	3.4556887387437	282.8787818240356	0.000304530795217	0.006579454871045	481.15116599925676	228.45159032923974	276.8490136746081	0.5232667584749471	162.69996284843177	1503.4434370930876	0.8799289790487571	164.20040709063895	106.89312192721867	0.400526003184045	199.5994739968161	1368.3457962965542	839.3798919982961	165.61175654116366	106.89312192721867	48.847489400642566	91.27903690058632	122.14468396174927	30.190316488425342	110.33962532228433	0.002460787040356	0.632358427913692	0.12108879095614102	0.016250926884532002	0.101778962742298	98.57432590480379	55.12171638888582	6.052588599521325	1.720731839110162	17.12121817596582
2.0.4.0	0.9774217672664011	194.98107223927923	4.041505993455257	282.87433276279097	0.00030672594016500004	0.006575645314614	481.15168474778767	239.65842141802233	265.06193909640047	0.45350209011979103	156.05737001648	1510.155794593395	1.026396148586558	173.46767312009084	109.3177258535389	0.41830047598353703	199.5816995240166	1344.7480820089706	846.2342699964303	167.4379903027662	109.3177258535389	48.776140669549406	88.25077401069515	121.30397128488796	31.84555646897745	115.60959254730639	0.002980310694069	0.760384361808462	0.144534250095458	0.019374950138165002	0.12014966375380201	94.40441625334735	52.79095115604018	5.525919368389747	1.715765643746258	17.12566723721053
2.0.6999999999999997.0	0.974590303299631	194.39983278091867	4.6255769157826485	282.86992351730225	0.00030892352931000003	0.006574135271824001	481.1522071838926	249.36371624745684	254.8921634258337	0.44286044787466905	150.168989329738	1516.0548169223819	1.049558545772755	180.33206084464925	111.36669351626496	0.434954398680217	199.56504560132	1323.6751972583813	852.151694729295	166.85849139809017	111.36669351626496	48.712199410230554	84.87497450994563	120.62432148437608	33.27881559051047	120.15752704212572	0.0031526865249450003	0.837096716628925	0.160729409920102	0.021578348442824	0.135063065777525	90.80584748796566	50.779264378094204	5.108725863879564	1.710833274606372	17.13007648269929
3.0.	0.9717635575395741	193.82032971587478	5.207906726586592	282.8655257290186	0.000311263361183	0.006576084699401001	481.1527334515759	258.1016119186479	245.79437907052142	0.49580808381064906	144.54089625056156	1521.6299623656212	0.9265835873802281	185.41636706131214	113.20785169031258	0.45101751606817203	199.54898248393195	1304.7562194146042	857.59865176495	164.38159989575016	113.20785169031258	48.68457418516968	81.20097912313499	120.06293076573347	34.586208270976236	124.32500172634188	0.002867582558639	0.7892426814980621	0.15293365115083102	0.020559661957647003	0.129822198342597	87.57436030678763	48.97403044788616	4.760399287431146	1.705904929379544	17.134474270983134
3.0.3.0	0.96894570411166	193.24255367484923	5.78850062103994	282.8611160156493	0.00031380241726	0.006579987773288	481.15326384484047	266.4192337207962	237.17844283183405	0.6201341227964331	138.93274563091086	1527.1137869462862	0.7257562389638891	189.18192823862944	114.95531139149406	0.46736273472538903	199.53263726527473	1287.6922718408528	862.8761437286665	160.41326188399773	114.95531139149406	48.68000265453028	77.28053959241623	119.56897163007518	35.84428036713886	128.3495518443032	0.0023088627912270002	0.655707451803555	0.12802799448045601	0.017230755260799	0.10959327566480201	84.5034706904435	47.25951494080934	4.450311162874464	1.7009583806154271	17.138883984352578
3.0.5999999999999996.0	0.9661402047297061	192.66649602832516	6.36736376694619	282.8566844080466	0.00031658003208500003	0.006584357343948	481.1537987368328	274.64084610053277	228.68773403333324	0.858636263545815	133.22812690739596	1532.5799035290518	0.5094752778300711	191.97046076094395	116.66331351593779	0.48467193095287403	199.5153280690472	1272.2382234020515	868.1203610073482	155.28133553420707	116.66331351593779	48.68148373251151	73.16663318897915	119.110978920976	37.09280870450219	132.34440440380956	0.0016641666217160002	0.487076062270877	0.09578093141395601	0.012904171749100002	0.08262968598498101	81.47165329229256	45.56717037904231	4.162424469901674	1.695984733834707	17.14331559195527
3.0.9.0	0.9633490951902021	192.09214959645755	6.944501308353418	282.85223211432697	0.00031961757413200004	0.006588051712498001	481.1543385536544	282.88030083085647	220.18956700921242	1.298862480881772	127.37461613579752	1537.9931880833149	0.324991721024707	194.0350744836264	118.34199706717341	0.503329455591314	199.49667054440874	1258.1891259597178	873.3435876321075	149.25375446837663	118.34199706717341	48.67571280435016	68.91230823453573	118.67451907762246	38.3408033405456	136.32598285093295	0.001088636375757	0.327057637807938	0.06469932141041	0.008724271869657001	0.05618790646258601	78.43629646890203	43.87262118181562	3.890825579627764	1.6909858913829932	17.147767885674888
4.0.2.0	0.9605728623988171	191.51950876752204	7.519918370080355	282.84776816348244	0.000322913477117	0.006590414452511	481.1548837376355	291.0896825789251	211.72427035013553	2.051430585125148	121.35652989125245	1543.258706223615	0.19722416532168202	195.5632540499797	119.97318810658837	0.5234000561047181	199.47659994389534	1245.3702425641238	878.4759108762097	142.55205169217024	119.97318810658837	48.654920900302045	64.56959434275103	118.25698721000558	39.57525441639182	140.24505947026475	0.000676089348014	0.205965924402556	0.040850296562156004	0.0055104881960560004	0.03558657436268	75.41515455474035	42.18538931337562	3.635631972154369	1.685971097914243	17.152231836519555
4.0.5.0	0.9578106888704611	190.9485692488819	8.093620062248846	282.8433041365511	0.00032645606059600004	0.00659149141105	481.15543471734185	299.1390411091934	203.4243182299039	3.186713075856643	115.183863616399	1548.2960900077376	0.12094744073728401	196.69388615757416	121.53214690604625	0.5446962397492641	199.45530376025076	1233.629784942711	883.4317454889679	135.36139368510584	121.53214690604625	48.6195095414352	60.18850676928195	117.86284402282892	40.775481387540026	144.03633129134138	0.00042326874798300006	0.129044210964765	0.025563353904106002	0.003447776590903	0.022245130455353	72.45645517406014	40.53234530764709	3.39915355741359	1.680951471734665	17.156695863450963
4.0.8.0	0.955061292873921	190.37932722405364	8.665611483073718	282.8388492126687	0.00033023588501400003	0.006591703107138001	481.15599190263566	306.91194545214825	195.4126902991724	4.7079012889163785	108.88622042285371	1553.0725449882227	0.077553652931565	197.5298673235372	123.0041992060863	0.566963846692899	199.4330361533071	1222.8336849886787	888.1596438357487	127.838001311683	123.0041992060863	48.57495587790593	55.81616896910804	117.49718063768468	41.92642396596507	147.65798746842907	0.000276523545186	0.08385696101618001	0.016561772651902	0.002232741087066	0.014365577774096002	69.60302489666199	38.93759818884116	3.182716026222759	1.675935371038368	17.161150787333042
5.0.1.0	0.9523236545108	189.81177862645583	9.235897719034462	282.8344090547064	0.00033424752510900004	0.006591409935123	481.1565556907962	314.34619690442804	187.75601822625092	6.57445309133996	102.50581118323227	1557.586402425421	0.052334341263092006	198.14743299455608	124.3859682655777	0.590015658226418	199.40998434177357	1212.8618835378327	892.6431876010731	120.11462460234306	124.3859682655777	48.52634067789939	51.496071617560794	117.16189817121708	43.02152575899547	151.0951313363437	0.000189827931304	0.057222600582867	0.011265195855183001	0.0015179835074480002	0.009737043396253	66.87731326647295	37.41389751506177	2.9858587940540673	1.670927706447493	17.1655909452952
5.0.3999999999999995.0	0.949597162349693	189.24591899384495	9.80448384380644	282.82998691529	0.000338489255517	0.006590820667948001	481.15712647308726	321.4228904580258	180.47462999463707	8.726587612046506	96.09111317293008	1561.8489659150173	0.036970738455103	198.60306330234368	125.68045593420722	0.6137465803352941	199.3862534196647	1203.6057416509839	896.8853373295015	112.30457775784194	125.68045593420722	48.47672361470261	47.26748012550412	116.85610139047088	44.059833710075566	154.34864376107743	0.0001362437428	0.040876280724137	0.008024640235419	0.001080876645355	0.0069146799423820005	64.28574526980904	35.96497066601984	2.8070502571259723	1.6659311322767651	17.17001308471161
5.0.7.0	0.946881492649925	188.68174359017175	10.371374917179548	282.8255847337784	0.00034296234443200005	0.0065900440130560005	481.15770464050627	328.14655334157925	173.56365861749185	11.09813664289558	89.69252696627049	1565.8760030908275	0.027128819621863	198.93859906509542	126.89329555425807	0.638106161498125	199.36189383850186	1194.9662728604417	900.8975137536046	104.50471824149312	126.89329555425807	48.42769280668614	43.16499654114086	116.57755130051518	45.043154048187134	157.4265654425949	0.00010145623310100001	0.030341626452123002	0.005942899398795	0.000800208753241	0.005107932835954	61.82617986230664	34.58970072626467	2.644412990387884	1.660947086912099	17.174415266223324
6.0.	0.9441764864167431	188.11924752899503	10.936575984589432	282.8212037693198	0.00034767008075900003	0.006589136337683	481.1582905880354	334.5323240630867	167.0068750970351	13.622829873346923	83.35958735637759	1569.6842494702692	0.020529440868396	199.18503316632732	128.0308601495783	0.6630748359973181	199.33692516400257	1186.8529660499146	904.694166419344	96.79766020517613	128.0308601495783	48.380028205993916	39.218275780037	116.32360909263356	45.97444103631795	160.33961934379573	7.783333304455116e-05	0.023232264951716	0.004542060197405	0.0006114215159580001	0.0038959779254860005	59.49265417551659	33.28480156292142	2.496096117631338	1.655976374863343	17.178796230682
6.0.3.0	0.94148207473304	187.55842584858394	11.500092076684185	282.8168449236493	0.000352616963861	0.006588127676256001	481.1588847173462	340.5994035905092	160.78375529731255	16.237580662262104	77.13913034008493	1573.2899556976463	0.015926517380721	199.36532032219046	129.09943131226638	0.688650012808482	199.31134998719142	1179.1830233190647	908.290296133129	89.25344137721402	129.09943131226638	48.33409166384118	35.45189080957291	116.09167370154279	46.85701335006785	163.09912996288548	6.115643121617671e-05	0.018237583971064	0.0035603213365360004	0.00047916280359500005	0.003048914047473	57.27778538302423	32.04617529101928	2.360417210672851	1.651019461660329	17.18315507635246
6.0.6.0	0.9387982384567811	186.99927355247877	12.061928209065648	282.81250890462616	0.00035780814615200005	0.006587034535102	481.15948743834826	346.3679453908906	154.87281876406584	18.88429068104721	71.0740678488035	1576.7083081701423	0.012607029904151001	199.49645918747416	130.10486941032173	0.7148386152160571	199.28516138478386	1171.8808786676816	911.7003741123688	81.93080809096652	130.10486941032173	48.2900274554814	31.885336701816545	115.87935123135989	47.69419318630005	165.7161044819664	4.898871729499369e-05	0.014606452622884002	0.0028480800561250003	0.000383239654419	0.002435785060404	55.17390180796508	30.86955243851664	2.23589808375986	1.646076623594067	17.187491095375545
6.0.8999999999999995.0	0.9361249867588981	186.44178563086857	12.622089382373588	282.8081963116551	0.00036324906568100003	0.006585866202509	481.16009916996234	351.85763070759776	149.25314511673398	21.51084154025836	65.20258221615552	1579.9532429435799	0.010144574734088	199.59103515796482	131.05250853772367	0.7416530954417411	199.25834690455812	1164.8778957610639	914.9379087051653	74.87824136130114	131.05250853772367	48.2478644431246	28.533159612923026	115.68450373603116	48.48914783073003	168.20085657098804	3.986041932355452e-05	0.011889235232732	0.002316034491286	0.000311603260432	0.0019786603352840004	53.173555101904036	29.750782374349054	2.121258285266119	1.641148026421803	17.191803688346774
7.0.199999999999999.0	0.933462345474746	185.88595707231255	13.180580582213747	282.80390768209395	0.00036894519821800004	0.006584627962035	481.1607203403821	357.08705298539945	143.9050199724208	24.07159749348334	59.55763081382323	1583.0374383926876	0.008273686459995001	199.65836347589982	131.94714936152022	0.769109258586383	199.23089074141353	1158.1121682279281	918.0153119969134	68.13481491352056	131.94714936152022	48.20756956970841	25.40519398784487	115.50524753648241	49.24482732839406	170.56288224970052	3.2849207336062575e-05	0.009805668179835001	0.0019086639643090002	0.00025676542422300004	0.0016292246638940002	51.269736898215804	28.685956653616714	2.015394129026097	1.636233768548749	17.19609231790794
7.0.5.0	0.930810350607242	185.33178287023011	13.73740677916365	282.7996435174147	0.00037490188061400004	0.006583322799526001	481.1613513869802	362.0734917541338	138.81016481076477	26.527590360673294	54.16669032023899	1585.9723860190818	0.006823069064349	199.70533610190918	132.79309234213795	0.797225041695787	199.20277495830413	1151.5283656880797	920.9439036493479	61.730950906951584	132.79309234213795	48.16907686237314	22.506889241350557	115.33993227340838	49.96394775327303	172.81085167835826	2.7355440597686334e-05	0.008174599771866001	0.001590163545601	0.000213898649139	0.00135639757497	49.45595419515362	27.67145243563046	1.9173546603306262	1.631333905751458	17.200356482587207
7.0.8.0	0.9281690446075851	184.77925802660022	14.292572928793216	282.79540429839216	0.000381124176185	0.006581952350594	481.16199275595335	366.83287367552373	133.95176872028756	28.84648387071251	49.051691579928246	1588.7684912493537	0.005678634925706001	199.73704919000895	133.59418520969493	0.8260198114108771	199.17398018858904	1145.077584570779	923.7339746270555	55.689119822198315	133.59418520969493	48.13230365918853	19.839706322044254	115.18711424181066	50.648995792416954	174.95265219868966	2.2976857695106732e-05	0.0068751093283590005	0.0013366810242920002	0.000179787935546	0.001139519762666	47.72623752714875	26.703937823035726	1.8263189247133642	1.626448465909055	17.204595701609787
8.0.1.0	0.9255384742001	184.22837755410683	14.846083971693977	282.7911904940791	0.00038761676501800004	0.0065805174497010005	481.16264490176246	371.37982145754034	129.31442836682095	31.002377317290545	44.22910816355309	1591.435181219151	0.004762244186029	199.75726787761369	134.3538729575947	0.8555139519166871	199.14448604808328	1138.7171757079886	926.3948736574698	50.02451529850628	134.3538729575947	48.09715990600157	17.401564299112476	115.04552971943167	51.30224277112465	176.9954515444161	1.9436024613669154e-05	0.005824149665235001	0.001131863944328	0.000152229732392	0.000964455308004	46.075118104602815	25.78035957333721	1.741575965944403	1.621577458098951	17.20880950592294
8.0.4.0	0.9229186890924971	183.67913647739516	15.397944833513211	282.7870025671122	0.00039438384936200005	0.006579018461995	481.1633082863998	375.727741160359	124.88404880529708	32.97548841758345	39.71016936744903	1593.981008914962	0.004019035151499001	199.76877066473003	135.0752452972357	0.885728620688158	199.11427137931184	1132.4105309664558	928.9350986653578	44.7457230933035	135.0752452972357	48.06355355518485	15.187318032271303	114.91407051908153	51.9257622612323	178.94576631220153	1.653683641937098e-05	0.004963226739112	0.0009642125894170001	0.000129674767672	0.0008212803913970001	44.497591838254664	24.897923312619604	1.6625077892847901	1.616720878398239	17.212997432889726
8.0.7.0	0.92030974120686	183.131529833803	15.948160424991025	282.7828409767588	0.000401429068426	0.0065774554922230005	481.16398337850546	379.8889229864112	120.64773138552613	34.75174475663012	35.50117282743487	1596.4137491159292	0.003409630641068	199.77360448873375	135.7610796285345	0.916685603477669	199.08331439652227	1126.1268197536106	931.3623848978772	39.85539358185138	135.7610796285345	48.031393702437704	13.189249085393305	114.79176245607779	52.521448382274436	180.80952867565546	1.4137606782915912e-05	0.004250205175333001	0.000825454870754	0.00011100883131100001	0.000702867472015	42.989079186378405	24.05407131387564	1.588575065523776	1.611878713690183	17.21715902324302
9.0.	0.917711684224611	182.58555267377716	16.49673564199914	282.77870618051395	0.000408755419426	0.006575828521721	481.16467065234355	383.87464317941084	116.59366164239502	36.322307162776944	31.603874904968368	1598.740484632249	0.002905204576924	199.77327367405329	136.41387904107697	0.9484072296108501	199.05159277038914	1119.8406729477847	933.6837862150024	35.350920288092865	136.41387904107697	48.00059237815284	11.397554039910148	114.67774675416167	53.09103341718564	182.59214828582176	1.2133939874408452e-05	0.003654117345421	0.0007095187857920001	9.541420398119153e-05	0.0006039918758170001	41.54538520529733	23.24646032394948	1.5193052135440972	1.607050944226928	17.221293819487872
9.0.299999999999999.0	0.915124573324367	182.04120006109594	17.04367536558058	282.7745986347317	0.00041636518320900003	0.0065741375019110005	481.1653705866496	387.6952610813598	112.71100325091042	37.68304494614479	28.015938965093696	1600.967682788756	0.002484277684973	199.76887988134277	137.03590550872113	0.9809163245779331	199.01908367542208	1113.5318171175143	935.9057483593921	31.225121581865622	137.03590550872113	47.971065523307885	9.800816515318381	114.57126414665622	53.63610413216943	184.29856825646527	1.04475467492571e-05	0.0031517879202560004	0.000611865358025	8.227972106524755e-05	0.000520752881312	40.16266185996164	22.47294061088357	1.4542824838866681	1.602237545394652	17.22540136527009
9.0.6.0	0.9125484650406851	181.49846707297036	17.58898446198982	282.7705187945868	0.00042425985376300004	0.006572382420625001	481.1660836633554	391.3603087657413	108.98980058725148	38.83398067258865	24.73142324496757	1603.1012627824382	0.0021305847392890003	199.76122575960122	137.62920870941073	1.014236186249704	198.9857638137503	1107.1846657821916	938.0341741749068	27.46691913558407	137.62920870941073	47.942733465320124	8.386451690159737	114.4716413428648	54.158116587055275	185.93331510386415	9.018764967518846e-06	0.0027255865772440003	0.000529045155689	7.114099268474843e-05	0.00045018943187100004	38.837373442650446	21.73153671936436	1.393139700925393	1.59743848895468	17.229481205415034
9.0.9.0	0.9099834171986231	180.95734880006907	18.13266778273318	282.76646711355306	0.00043244007143900003	0.006570563350950001	481.16681036619605	394.878572377699	105.42089065627242	39.77872069995184	21.74129121908123	1605.146654780961	0.0018316277543430001	199.7508916894889	138.19565097921233	1.048390575792771	198.95160942420722	1100.7878773228933	940.0744812541163	24.06200429712279	138.19565097921233	47.91552108624586	7.141114503306753	114.37827952426602	54.65840941733243	187.50054294917723	7.801458343245738e-06	0.002361899158173	0.00045839702353400003	6.163980234192998e-05	0.000390019495634	37.566265341476324	21.020430077497316	1.335551371435225	1.5926537439322361	17.233532886448717
10.0.2.0	0.9074294888973521	180.41784034649442	18.67473016460912	282.76244404252367	0.00044090556017100003	0.0065686804883370005	481.167551179209	398.2581652451209	101.99582419137832	40.523885954460894	19.033929021342406	1607.108851724191	0.0015776736657210002	199.73829260683246	138.7369289114378	1.083403718589552	198.91659628141042	1094.3338905899702	942.031652734598	20.993482801461496	138.7369289114378	47.889357802620516	6.051065379898097	114.2906445620965	55.138215671013626	189.00407250159358	6.759467042241889e-06	0.002050067330652	0.00039783937956	5.3495985042035924e-05	0.00033845973463700004	36.346336073941046	20.337943414244492	1.281227914791851	1.587883277263777	17.23755595747804
10.0.5.0	0.9048867405249991	179.87993682972743	19.215176429748517	282.7584500286557	0.00044965506922000004	0.006566734179565	481.168306585129	401.5065932218232	98.70679533753989	41.0785560642201	16.595655905876388	1608.9924547298974	0.001361048216401	199.72372005676007	139.25459206684408	1.11930031121168	198.8806996887883	1087.8184500430714	943.9102819964957	18.242487988999855	139.25459206684408	47.864177432147244	5.102489523071921	114.20825868569825	55.598673320494925	190.44742537985493	5.864095404636429e-06	0.0017816401394570001	0.00034572306550800005	4.648760279502052e-05	0.000294098517579	35.17481236912807	19.682526869549598	1.229910815506709	1.5831270542756042	17.24154997134596
10.0.799999999999999.0	0.9023552337936901	179.34363338055255	19.754011385654636	282.75448551400007	0.000458686320123	0.006564724945726	481.16907706368914	404.63081292292367	95.54657914005203	41.45373817929193	14.411215584624255	1610.8017129360776	0.0011756308753060002	199.70737330622973	139.75005920813612	1.156105532637101	198.8438944673629	1081.2401320370338	945.7146119983133	15.788753554645458	139.75005920813612	47.83991799514054	4.28176800905304	114.13069337115549	56.04083458425088	191.83385432671201	5.092306710252313e-06	0.001549837187093	0.00030072590923300004	4.043674174646116e-05	0.000255805028473	34.04912701828672	19.052745643837877	1.181368534700946	1.578385039042704	17.24551448600165
11.0.1.0	0.899835031787625	178.80892514297028	20.291239825242986	282.7505509339612	0.000467995959655	0.006562653500583	481.1698630898374	407.63728356452043	92.508476023617	41.66186994690829	12.464238234356793	1612.5405585187286	0.001016487835213	199.68938234825305	140.22463241697835	1.193845058145267	198.80615494185474	1074.5998830512358	947.4485699266422	13.611138180567691	140.22463241697838	47.81652148132357	3.57570077154086	114.05756325557944	56.465674191334045	193.16636982867504	4.425406112168055e-06	0.0013491579599870002	0.00026177606348400003	3.5199187002489746e-05	0.000222663247968	32.96689920275401	18.44726902597948	1.135393048171154	1.5736571946612021	17.249449066040516
11.0.4.0	0.897326199019522	178.27580727410066	20.826866526880742	282.7466467156235	0.00047757951966000004	0.006560520765161001	481.1706651318786	410.53201310610143	89.58626247436328	41.716364114655306	10.737665055629655	1614.2126375297084	0.0008796022002380001	199.6698248968482	140.67950939996587	1.232545075018399	198.7674549249816	1067.9005793393028	949.115797763446	11.688096143077656	140.6795093999659	47.793933601548865	2.971683118345876	113.98852091437368	56.874096712890534	194.447763601035	3.8480681566862895e-06	0.0011750937473440002	0.000227995521806	3.065681593163928e-05	0.000193923354858	31.92591701910628	17.864860644612882	1.091796903400283	1.5689434834576952	17.25335328437826
11.0.7.0	0.894828801492423	177.7442749440825	21.360896254426002	282.742773275973	0.00048743138464200003	0.006558327879034	481.171483649555	413.3205993479879	86.77414719674717	41.63120018445622	9.21412940189351	1615.8213371136437	0.000761672984674	199.6487389276849	141.11579424419762	1.272232299447054	198.72776770055293	1061.146615824796	950.7196793014012	9.998089929090096	141.11579424419764	47.772103536854736	2.457838660117229	113.92325236587652	57.26694307331923	195.6806293437145	3.3476096431927587e-06	0.0010239126453190001	0.00019865799644200002	2.671192622148364e-05	0.00016896551425	30.92412194313221	17.304369799453145	1.050410707936551	1.564243867151837	17.257226724028758
12.0.	0.892342906764889	177.2143233359693	21.89333375726671	282.7389310200428	0.0004975447679690001	0.006556076208639	481.17231909207976	416.0082665761166	84.06673208892515	41.420566521315514	7.876290594002033	1617.3698095846755	0.0006599638372100001	199.6261319163068	141.53450684337247	1.312933994240026	198.68706600575996	1054.3435302390983	952.2633640689486	8.519942890794738	141.5345068433725	47.7509836925975	2.023112450838926	113.86147319048993	57.6449963413647	196.86738112164318	2.913440329140657e-06	0.0008924973561130001	0.00017315716120700002	2.3282960052455464e-05	0.000147272596772	29.959594999947903	16.7647237433271	1.011080977707588	1.559558306983917	17.26106897995898
12.0.299999999999999.0	0.889868584018316	176.68594764562346	22.424183770359168	282.73512033900556	0.0005079116975100001	0.006553767352749	481.17317189613686	418.5998982831812	81.45897745355187	41.09855441167343	6.707118512220861	1618.860993776099	0.000572188009229	199.6019876271883	141.9365911814341	1.354677987082374	198.64532201291763	1047.4976666254272	953.7497885645794	7.233131875413215	141.93659118143412	47.7305294623258	1.6573287592205102	113.80292517028155	58.00898688948951	198.0102696762173	2.5366438531995505e-06	0.000778221608295	0.000150982470853	2.030124867406775e-05	0.000128409420287	29.030544433738548	16.24492080011116	0.9736682868281571	1.554886763815946	17.264879660996197
12.0.6.0	0.8874059041255651	176.15914308160902	22.953451014266363	282.73134160823804	0.000518523011437	0.006551403145217001	481.1740424838664	421.100066433811	78.9461709308252	40.67890383848174	5.690128844394595	1620.297634017117	0.000496420081672	199.57627108564787	142.32292263212176	1.397492689171569	198.60250731082837	1040.6158805305572	955.1816951450778	6.118021487346027	142.3229226321218	47.710699004043015	1.351218236799925	113.7473733706659	58.359596998844275	199.1113969326321	2.209655175196983e-06	0.000678855160494	0.00013170058363600002	1.770851154022663e-05	0.00011200681151100001	28.1352946954465	15.744024217489233	0.9380456709247721	1.550229198212506	17.268658391763676
12.0.9.0	0.8849549397203631	175.63390486508465	23.4811401951959	282.72759518537987	0.000529368364821	0.006548985655014001	481.1749312608517	423.5130576846883	76.52389970455495	40.174799247574754	4.809570411816702	1621.6822970406015	0.000431027650282	199.5489322007312	142.69431440865327	1.441407114119054	198.5585928858809	1033.7052865608252	956.5616488647798	5.156043100741423	142.6943144086533	47.691453030178074	1.096419357594454	113.69460359867207	58.697464977246945	200.17272893144096	1.9260102862389e-06	0.00059249018333	0.00011494097189800001	1.5454919374005503e-05	9.774926759753106e-05	27.272276589410456	15.26115666602378	0.904097244449197	1.545585570505978	17.27240481462185
13.0.2.0	0.882515765267159	175.11022822969622	24.007256005037593	282.7238814084096	0.000540436247503	0.006546517183600001	481.17583861412635	425.84289691933895	74.18802558921156	39.598712357877524	4.050567259340268	1623.017387082775	0.00037461803835600003	199.51990838574764	143.05152327750426	1.486450897041555	198.5135491029584	1026.773047552376	957.8920525218257	4.329822899422378	143.0515232775043	47.67275461172061	0.885458915011714	113.6444201829525	59.02318884883584	201.19610738121494	1.6801505349059938e-06	0.000517483781882	0.00010038469278000001	1.3497582714844222e-05	8.536533236452313e-05	26.44001844021991	14.795495307278989	0.871716999291368	1.5409558408496542	17.276118591592184
13.0.5.0	0.8800884571312061	174.58810842146892	24.531803121400827	282.7202005937604	0.000551714013585	0.006544000259662001	481.1767649102234	428.0933684119465	71.93466265631798	38.9622881322904	3.399219168525029	1624.305159399178	0.000325996419633	199.48912643318067	143.39525463325035	1.5326543137895219	198.46734568621042	1019.826203433679	959.1751601321389	3.623264062682807	143.39525463325037	47.65456899642199	0.711716115526226	113.59664402948508	59.337329666413126	202.18326000213173	1.467268562654947e-06	0.00045241280496800004	8.775556331713783e-05	1.1799364172712702e-05	7.462003684210108e-05	25.63713815889269	14.346267363648694	0.840807757555969	1.536339969261331	17.27979940624137
13.0.799999999999999.0	0.87767309364873	174.06754069870072	25.05478620765146	282.71655303449813	0.000563187922696	0.006541437631239	481.17771049328223	430.26803489471587	69.76015710256611	38.27626937487616	2.8426649349028983	1625.5477323902144	0.000284132668713	199.45650383404325	143.72616701717266	1.5800483002740031	198.41995169972594	1012.871536955091	960.4130890217401	3.02158874650534	143.72616701717268	47.63686344061879	0.5693744456767631	113.55111091420282	59.64041449085633	203.13580980717504	1.2831861586225659e-06	0.00039603807332200003	7.68131779395177e-05	1.032793871219846e-05	6.530892089257909e-05	24.862336103060205	13.912746131202704	0.811280255891754	1.531737915659416	17.283446965503693
14.0.1.0	0.875269755197104	173.5485203318553	25.576209912948546	282.7129389985817	0.0005748431929820001	0.006538832255334	481.17867568323766	432.37025476857275	67.66106910027698	37.55045503652908	2.369113160305969	1626.7470985031582	0.000248134929365	199.42194968237288	144.0448761503425	1.628664471861406	198.3713355281385	1005.9154728213017	961.6078307022492	2.511345754300693	144.04487615034253	47.61960705402798	0.453365046924019	113.50766997981722	59.93293907623138	204.0552834478292	1.1242567403822748e-06	0.00034727586962700005	6.734734596512581e-05	9.055045090364706e-06	5.725327295423021e-05	24.114388639370507	13.494247384389446	0.7830523424630641	1.52714963989306	17.287061001420145
14.0.399999999999999.0	0.8728785242649321	173.0310426034554	26.096078872280632	282.7093587272284	0.00058666406561	0.006536187285076001	481.1796607741077	434.403197666818	65.63415640392833	36.793687167669674	1.9678454773127312	1627.9051340550106	0.000217228381618	199.3853652689805	144.35195854181205	1.678535142809968	198.3214648571899	998.9640063692581	962.7612606724585	2.080389785461944	144.35195854181208	47.602770656749236	0.35930484556896103	113.46618240911934	60.21537029428178	204.94311873423686	9.872869201760283e-07	0.00030517505241000004	5.9173628501396026e-05	7.955885288305661e-06	5.029631263735151e-05	23.392142328028665	13.090126127949935	0.7560482706896581	1.52257510176752	17.290641272773453
14.0.7.0	0.8704994855220021	172.51510280797714	26.6143977065018	282.7058124334025	0.000598633880307	0.006533506054586	481.18066603239953	436.3698585551818	63.6763595150841	36.01386151720289	1.629197081324613	1629.023608101466	0.00019073805009600002	199.34664444146847	144.64795472403475	1.729693345724134	198.2703066542758	992.0226577581234	963.8751472700662	1.717837937190723	144.64795472403478	47.58632664766144	0.28343218116135205	113.42652025122096	60.488148327693864	205.80067142533395	8.694729141998223e-07	0.000268898539613	5.2129729423702844e-05	7.008638907700423e-06	4.430010562015131e-05	22.694508659512014	12.699773657031512	0.730198076382487	1.518014261065667	17.294187566599305
15.0.	0.8681327258890751	172.0006962517445	27.13117102236735	282.7023003004465	0.0006107351613110001	0.006530792061702001	481.18169169565476	438.273070529077	61.784788232783065	35.21795700262904	1.344519236485906	1630.104190460878	0.00016807476586500002	199.30567378745837	144.9333721604439	1.782172851004292	198.2178271489957	985.096447644567	964.9511596815709	1.414008761428172	144.93337216044392	47.570248883386824	0.22254218028149703	113.38856538068909	60.75168865784576	206.62922137208582	7.683485261056891e-07	0.00023770819515400002	4.607255140048466e-05	6.194067086221822e-06	3.914304868889579e-05	22.020459282241877	12.322614891359759	0.7054370269710021	1.513467077566356	17.29769969955535
15.0.299999999999999.0	0.865778334607442	171.48781825282433	27.646403412569192	282.6988224808708	0.0006229497128550001	0.00652804894876	481.1827379711466	440.11551644920075	59.956709437814546	34.412079626613995	1.106128085234064	1631.1484589881445	0.000148723597591	199.26233268309997	145.20868786402517	1.8360081862703042	198.16399181372972	978.1898904692682	965.9908752045569	1.1603486899490791	145.2086878640252	47.554512567013404	0.173923651595624	113.35220857245189	61.00638386956324	207.42997808633444	6.817421749102966e-07	0.00021095236989100003	4.087577062149352e-05	5.495186232171494e-06	3.471779941620997e-05	21.369021667551518	11.95810595353757	0.681705133233629	1.50893351106022	17.30117751913106
15.0.6.0	0.8634364033082501	170.9764641409218	28.160099455770933	282.69537909531823	0.0006352587231630001	0.006525280481666	481.1838050347476	441.899739539605	58.18953597780124	33.60151685205609	0.9072436665411421	1632.157906181396	0.000132234223006	199.2164932379193	145.47435076053628	1.8912346557382742	198.1087653442617	971.3070017424187	966.995785844735	0.94935007915208	145.4743507605363	47.53909414579811	0.13529884594333902	113.31734867781219	61.252605292649825	208.20408579864244	6.077410052160953e-07	0.000188055515951	3.64278166478096e-05	4.896996289152558e-06	3.092955307931684e-05	20.739275164831344	11.605731965185461	0.658946715371945	1.5044135213633272	17.30462090468365
15.0.899999999999999.0	0.8611070260815581	170.4666292572768	28.6722637166426	282.6919702317147	0.0006476428757190001	0.006522490527532	481.18489302998	443.6281530575634	56.4808165360431	32.79079893582864	0.7419225700927671	1633.1339451940717	0.00011821283116000001	199.16802015890863	145.7307838256104	1.947888359531388	198.05211164046858	964.4513160530123	967.9673043199044	0.7744645291591861	145.73078382561042	47.52397121711423	0.10476704057917201	113.28389188897498	61.49070449757056	208.95262806065512	5.446605580567578e-07	0.000168509423432	3.2630169221115396e-05	4.386251663087664e-06	2.769459121142715e-05	20.130347405404414	11.265005037798149	0.6371100164633701	1.499907068329055	17.308029768287085
16.0.2.0	0.8587902995451231	169.9583089545607	29.182900745895147	282.6885959446178	0.0006600824664780001	0.006519683031147001	481.18600206725944	445.3030491316881	54.82822638099676	31.983764230794566	0.604987153140902	1634.0779153160574	0.00010631523854700001	199.1167705507257	145.97838602120427	2.006006212907415	197.99399378709256	957.6259129085389	968.9067695341851	0.6300145308035371	145.9783860212043	47.509122441951334	0.08075257420995001	113.25175108124475	61.72101466059712	209.6766319407145	4.91018825183404e-07	0.000151865730437	2.9395903775106337e-05	3.951265623053178e-06	2.4939043234881522e-05	19.541411018610518	10.93546243793837	0.616146857328537	1.495414111858448	17.311404055383935
16.0.5.0	0.856486322912917	169.45149859677352	29.69201508031452	282.6852562547696	0.0006725575255170001	0.006516861990603	481.18713222334196	446.92660685351785	53.22955890538629	31.18362597162468	0.49195374853878004	1634.9910869798293	9.624097442125019e-05	199.06259366440008	146.2175340536135	2.065625965387615	197.93437403461235	950.833447912653	969.815451578239	0.5111059137504751	146.21753405361352	47.49452746532655	0.061957680466269004	113.22084522353202	61.94385181191839	210.37707185557673	4.4551378033437126e-07	0.00013772943762	2.664843306799861e-05	3.5817410972334303e-06	2.259781605191829e-05	18.971680627866593	10.616664908780086	0.5960123276922771	1.490934611909279	17.314743745232107
16.0.8.0	0.8541951980633951	168.94619355914193	30.199611242795566	282.68195114886026	0.000685047941558	0.0065140314324020005	481.1882835409802	448.50089969800115	51.68271787451185	30.39303854315313	0.398961815947016	1635.8746663408929	8.772814698131884e-05	199.0053306036464	146.44858397249493	2.1267862197740532	197.8732137802259	944.0761871877386	970.6945563045596	0.413543027821259	146.44858397249496	47.48016684301269	0.047320240595905005	113.19109884906796	62.159515978649694	211.05487307598978	4.07003694160134e-07	0.00012575322187700002	2.432040473371628e-05	3.268622451324319e-06	2.061365707141091e-05	18.420410098212205	10.308195132099552	0.576664509228423	1.486468528503998	17.318048851141384
17.0.099999999999998.0	0.85191702960753	168.44238922801787	30.7056937423755	282.67868057950426	0.000697533587757	0.006511195386366001	481.18945602879137	450.0279023396974	50.18571031256201	29.61416167650462	0.322705547510554	1636.7297994759786	8.054894609430591e-05	198.94481399544216	146.6718726279344	2.189526451044951	197.810473548955	937.3560433312638	971.5452295211619	0.33374810015948203	146.67187262793442	47.466021974035584	0.035976398191003005	113.16244157929987	62.36829223329817	211.71091493943507	3.744897067494013e-07	0.000115632393699	2.2352724302362132e-05	3.00396414941459e-06	1.8936324505752713e-05	17.88689001011917	10.009656316636534	0.558064226681123	1.482015821736701	17.321319420497385
17.0.4.0	0.8496519249566781	167.94008100077704	31.210267074267186	282.6754444654282	0.000709994447095	0.006508357860689	481.190649661339	451.50949692398956	48.736639963834236	28.848721418838238	0.260369043759973	1637.557576237396	7.450567236406257e-05	198.88086762973347	146.88771900052305	2.253887025119819	197.74611297488013	930.6746115480842	972.3685608419588	0.268685780622038	146.88771900052308	47.45207503843945	0.027227845027459	113.13480769485754	62.57045165704065	212.34603379947453	3.471002621277569e-07	0.000107100381818	2.0693680878331492e-05	2.780813225456363e-06	1.752184531965012e-05	17.370445337211613	9.72067090034724	0.5401748237670531	1.4775764517792451	17.324555534573456
17.0.7.0	0.8473999943903111	167.4392642857186	31.713335719891987	282.672242691868	0.0007224107357670001	0.006505522817453001	481.191864379426	452.9474788459804	47.33370127286499	28.098067072213553	0.20956583025129702	1638.3590337975295	6.942720863627782e-05	198.81330607181178	147.09642541760977	2.319909217488437	197.68009078251154	924.0332049181784	973.1655872277129	0.21579351980215902	147.0964254176098	47.43830893986075	0.020513492177673003	113.1081357482675	62.76625222611595	212.9610257377553	3.240771095888405e-07	9.992465897383012e-05	1.9298158576450582e-05	2.593103289330448e-06	1.6331846285586924e-05	16.8704333080552	9.440879355472207	0.522961960998798	1.473150378886598	17.327757308133727
18.0.	0.8451613511236961	166.93993450196473	32.214904146912446	282.66907511116847	0.000734763022977	0.006502694148916001	481.19310009059285	454.343562083915	45.975173833715964	27.363223594136088	0.16828319227423202	1639.1351599135842	6.516587002777312e-05	198.74193424994039	147.29827866733484	2.387635231699241	197.61236476830078	917.4328880367634	973.9372962476293	0.172918118071541	147.29827866733487	47.42470725249183	0.015385178670177002	113.08236821376411	62.95593962870672	213.55664906176452	3.0476265292616496e-07	9.390304565555398e-05	1.812692132001207e-05	2.435558397896274e-06	1.5332947470269554e-05	16.386241434385795	9.169939086576218	0.5063934329420781	1.46873756340152	17.330924888833266
18.0.3.0	0.8429361113755821	166.4420870793607	32.71497680926458	282.6659415435779	0.0007470323456690001	0.006499875654879	481.19435666981644	455.6993841288399	44.65941726415296	26.644939197784613	0.13483156290084	1639.886895939309	6.159458354979824e-05	198.66654702011056	147.49355102069345	2.457108217703906	197.54289178229615	910.8745085002133	974.6846290882504	0.138258537049608	147.49355102069347	47.41125417205304	0.011487035341052	113.05745117013193	63.13974801887182	214.13362660883342	2.8858848517927905e-07	8.886034574223397e-05	1.7145961958909792e-05	2.303605573176306e-06	1.4496210363581662e-05	15.917285690091617	8.907523412802016	0.49043900273834806	1.464337965758633	17.334058456423854
18.0.599999999999998.0	0.840724394435973	165.94571745837501	33.213558147189886	282.6628417782256	0.0007592003168190001	0.006497071021377	481.1956339603971	457.01651054768865	43.384866465288596	25.943728086724654	0.10779900581478101	1640.6151396074542	5.860435941606429e-05	198.58692870930835	147.6825011706944	2.528372290055525	197.47162770994453	904.3587259075886	975.4084833333776	0.11031487224325501	147.68250117069442	47.39793447042619	0.008538108651894001	113.03333401300814	63.31790071337574	214.69264787460753	2.750649873609215e-07	8.464528033280473e-05	1.632590909508619e-05	2.1932950770648756e-06	1.3796634957110561e-05	15.463008826975225	8.65332062653508	0.47507025199810504	1.459951546487954	17.337158221776175
18.0.9.0	0.8385263227340851	165.45082108999966	33.710652587267106	282.65977557427044	0.000771249226052	0.006494283800949001	481.19693177502313	458.2964392129723	42.15002723152358	25.25990841137356	0.08601068450714501	1641.3207476041116	5.610202405757506e-05	198.50285263832288	147.86537509664586	2.601472545957557	197.3985274540424	897.8860382063299	976.109715536138	0.08784324139145101	147.8653750966459	47.384733453634986	0.006317853108834001	113.00996919351503	63.49061083662535	215.23437098220248	2.63771898135766e-07	8.112769465424279e-05	1.5641486696536163e-05	2.101227780265145e-06	1.3212701545100102e-05	15.022878814831543	8.407033121519515	0.460260444405853	1.455578266217942	17.340224425731357
19.0.2.0	0.836342021906541	164.95739343565077	34.20626454244358	282.6567426622051	0.0007831621315330001	0.006491517394683	481.1982498969984	459.5406042287489	40.95347217937728	24.59363564770143	0.06849309849712501	1642.0045379537926	5.4008190442161934e-05	198.41408062489393	148.0424068607017	2.676455083160206	197.32354491683972	891.4568053352139	976.7891436020251	0.069816240859394	148.04240686070173	47.37163692288751	0.004654117052955001	112.98731198046079	63.65808191837447	215.7594245065097	2.5434978047842935e-07	7.819601861911636e-05	1.5071022707007812e-05	2.024489114983423e-06	1.272595399877795e-05	14.596387394708236	8.168376584207456	0.44598440158082203	1.45121808567811	17.343257337796665
19.0.5.0	0.834171620865903	164.46542996706856	34.700398412066434	282.65374274530035	0.0007949229422490001	0.006488775036197001	481.19958808161823	460.7503795794172	39.79383696711493	23.944931678086878	0.05444278981408	1642.6672922320897	5.225544511700611e-05	198.32036246784918	148.21381934300726	2.753367017699427	197.2466329823005	885.0712702120136	977.4475489997435	0.055388555693095004	148.2138193430073	47.358631138422	0.0034132711939810004	112.96532024367642	63.82050844836107	216.268409166564	2.464923233653901e-07	7.57549651189855e-05	1.4596003557204121e-05	1.9605891951963793e-06	1.2320621875410061e-05	14.183048735389642	7.937079242780336	0.432218389913246	1.4468709657012582	17.346257254701477
19.0.8.0	0.8320152518696171	163.97492616621793	35.19305858191339	282.65077550117076	0.0008065164899840001	0.006486059777690001	481.2009460576752	461.9270825251365	38.66981678000335	23.31370990537345	0.043199173623669006	1643.309757620992	5.078673395355497e-05	198.22143541280641	148.37982492109623	2.8322565014721013	197.1677434985278	878.7295771816778	978.0856788149076	0.043867271305900006	148.37982492109626	47.345702785922306	0.002492159157731	112.94395425633878	63.97807639161207	216.76189939752948	2.399394235958967e-07	7.372345209314693e-05	1.4200671875293912e-05	1.907408741274241e-06	1.19832790690407e-05	13.782398184180975	7.712881168858325	0.41894001724801805	1.442536867225348	17.34922449883112
20.0.099999999999998.0	0.8298730505894141	163.48587752518827	35.68424942422323	282.64784058344503	0.00081792859051	0.006483374478143	481.2023235290787	463.07197676523606	37.58016305861186	22.699796759227237	0.034221120386356	1643.9326488203747	4.955393026602439e-05	198.11702359999416	148.54062609858113	2.913172739638457	197.08682726036142	872.4317880875008	978.7042476600888	0.034686420304314	148.54062609858116	47.33283894529233	0.0018115819709100002	112.92317651437756	64.13096366776578	217.24044481265545	2.344709965161894e-07	7.203273530746981e-05	1.3871664877361382e-05	1.863150470506734e-06	1.170253687398366e-05	13.39399110398514	7.495533627425636	0.406128138419639	1.438215751295084	17.352159416556805
20.0.4.0	0.8277451561812671	162.99827954609353	36.17397529772612	282.6449376235215	0.000829146093689	0.006480721793724001	481.2037201765683	464.18627538883624	36.523680449855846	22.10294996370468	0.027066908504427	1644.5366498277801	4.8516570105628146e-05	198.00683749476931	148.69641608764667	2.9961660078403503	197.0038339921595	866.1778961566336	979.3039394533316	0.027385301341414002	148.6964160876467	47.320027061597045	0.0013110618390310001	112.90295157127781	64.27934059742682	217.70457156450195	2.299014660448725e-07	7.062473902067512e-05	1.359769097132353e-05	1.8262956223076712e-06	1.146876938266858e-05	13.017401789472547	7.284798470950383	0.39376276875708305	1.433907579063218	17.35506237648033
20.0.7.0	0.8256317113559181	162.5121277409716	36.66224054767345	282.6420662323891	0.0008401569224070001	0.006478104170394	481.2051356595021	465.27114362999384	35.49922396250036	21.522873930808537	0.021377171759588	1645.1224155974217	4.764074032894479e-05	197.8905733014752	148.8473793493882	3.081287669220884	196.918712330779	859.9678379061031	979.8854090760445	0.02159012345528	148.84737934938823	47.307254917998385	0.0009446633189020001	112.88324588677932	64.42337031826854	218.1547836137983	2.2607488492511257e-07	6.945057160887657e-05	1.3369242090273523e-05	1.795565284573192e-06	1.1273869127497062e-05	12.652222455859466	7.080447574077109	0.38182500477729303	1.429612311791616	17.357933767612714
21.0.	0.8235328624500501	162.02741763168345	37.14904950586747	282.63922600249634	0.000850950100413	0.006475523838699	481.20656961770266	466.32770144300173	34.50569631062588	20.959232630472048	0.016860481254445	1645.690573588265	4.689810566738462e-05	197.76791236138044	148.99369209562124	3.168590191227863	196.83140980877204	853.801503279465	980.4492839200974	0.016998555147304	148.99369209562127	47.29451061052875	0.0006776810115850001	112.86402768813979	64.5632091733316	218.5915639134723	2.2286063627459498e-07	6.846921299111628e-05	1.317833922791762e-05	1.769886181867161e-06	1.1111030840536751e-05	12.298062294443001	6.882262305623277	0.370296951373258	1.4253299108521191	17.360773997505387
21.0.3.0	0.82144875949812	161.54414474981218	37.63440649069063	282.6364165096492	0.0008615157693270001	0.0064729828106860005	481.2080216733396	467.35702591197617	33.542045430141876	20.411660266020355	0.013281223913229001	1646.2417252100583	4.6265061594141203e-05	197.63852053557136	149.13552275542565	3.258127162180192	196.74187283781973	847.6787442201444	980.9961653330101	0.013366789206010001	149.13552275542568	47.28178252456114	0.00048403153259100006	112.84526684277212	64.69900707373597	219.0153755146597	2.20149667724197e-07	6.764636049867934e-05	1.3018308609337251e-05	1.7483605807921249e-06	1.0974561170827731e-05	11.954546589601703	6.6900330349242	0.35916165487905505	1.421060337727222	17.363583490352486
21.0.599999999999998.0	0.819379556304885	161.06230463656144	38.118315807134614	282.63363731491995	0.0008718451952370001	0.006470482878839	481.20949143283286	468.36015350753985	32.60726215483928	19.87977005830077	0.010449466297436	1646.7764471753942	4.572200036633863e-05	197.50204757382585	149.27303240936445	3.349953307572926	196.650046692427	841.5993818777586	981.5266299692689	0.010498769350273001	149.27303240936448	47.26905931284711	0.000344213368137	112.826934741195	64.8309078378116	219.4266626008556	2.178512100257615e-07	6.695341975681014e-05	1.2883585914174473e-05	1.730239965700541e-06	1.0859712183797322e-05	11.621315892468745	6.503558669849021	0.34840304146114603	1.416803554010594	17.36636268508172
21.0.9.0	0.817325410518644	160.5818928426533	38.600781746829014	282.6308879665508	0.00088193076543	0.006468025616944001	481.21097848875866	469.3380822022232	31.700378039720242	19.363161413418794	0.008212521495813	1647.295292765078	4.525267824781683e-05	197.35812647069014	149.40637519403205	3.444124506093416	196.55587549390654	835.5632126301902	982.0412310550655	0.008237261095951	149.40637519403208	47.256329875007914	0.000243721139969	112.80900418934768	64.95904950847105	219.8258514557939	2.158899330978197e-07	6.636662724521626e-05	1.2769545985862552e-05	1.714902140074458e-06	1.076253647911263e-05	11.298025246926633	6.32264622405716	0.33800586034401703	1.412559521407463	17.36911203345082
22.0.2.0	0.8152864837051841	160.10290492822608	39.08180858806971	282.6281680018367	0.0008917659759220001	0.006465612382725001	481.21248242174084	470.2917734551597	30.820463320456703	18.861425719965567	0.006447966566879001	1647.7987930134611	4.484367260726154e-05	197.2063728101911	149.53569867933103	3.540697805317535	196.4593021946824	829.570013088448	982.5404995730827	0.006456485292466001	149.53569867933106	47.243583338370925	0.000171820782265	112.7914493094185	65.08356465047791	220.2133513701281	2.1420349410969698e-07	6.586629149071329e-05	1.267235551340522e-05	1.701831415957086e-06	1.067976180571498e-05	10.984343463967011	6.147110411284965	0.32795563142995504	1.408328201734888	17.371831998164975
22.0.5.0	0.813262941422459	159.62533646273152	39.561400595847	282.6254769489718	0.0009013454105380001	0.0064632443221040005	481.21400280231506	471.2221540757037	29.966624998822727	18.374150992969216	0.005057887260349001	1648.2874578197648	4.4483918332887904e-05	197.0463841008651	149.6611442206546	3.63973143705164	196.36026856294833	823.6195442345808	983.0249453733549	0.005056067414508	149.66114422065462	47.230809040058475	0.00012060930724700001	112.77424544842567	65.20458062912103	220.5895554915334	2.127404343336304e-07	6.543614031026266e-05	1.2588846259508272e-05	1.690601565500898e-06	1.0608683124362901e-05	10.679952440811011	5.976773264648908	0.318238596918375	1.404109556921925	17.37452305102976
22.0.8.0	0.8112549532959701	159.14918302483167	40.03956202187339	282.62281432884913	0.0009106647123860001	0.006460922374927001	481.21553919274993	472.13011797475934	29.1380050448325	17.90092555440076	0.003964154678792	1648.7617769909155	4.4164313797799424e-05	196.87773910305916	149.78284728794662	3.741284832282693	196.25871516771733	817.7115548260055	983.4950582157059	0.003956088170346	149.78284728794665	47.21799651024064	8.429740271921683e-05	112.75736909386411	65.32221987166922	220.9548416224361	2.114583840473894e-07	6.506276214325791e-05	1.251640652647309e-05	1.680861224454806e-06	1.0547070165446191e-05	10.38454652150039	5.811463779127432	0.30884167657042805	1.399903549009713	17.37718567115242
23.0.099999999999998.0	0.8092626930948391	158.67444020229516	40.516297104611034	282.62017965679854	0.0009197205485740001	0.006458647281972	481.2170911488144	473.01652781185527	28.333778707112987	17.441340914483003	0.003104564600225	1649.2222212209124	4.387738743068475e-05	196.69999715076366	149.90093777343537	3.845418635695755	196.15458136430428	811.8457841832187	983.9513087487823	0.003093050833433	149.9009377734354	47.20513545647412	5.8665312420453435e-05	112.74079779580414	65.43660011286457	221.30957296921898	2.103225376355414e-07	6.473513025400621e-05	1.245288869264964e-05	1.672321456372956e-06	1.0493088647687431e-05	10.097831895952014	5.651017575541145	0.29975242630020704	1.395710140151492	17.379820343202983
23.0.4.0	0.807286338808564	158.20110359189349	40.99161006929899	282.6175724442564	0.000928510569091	0.006456419593063	481.21865822147964	473.8822165453177	27.553152923755828	16.994993994632775	0.0024296940298160004	1649.6692430113335	4.3617016776834946e-05	196.51269747057492	150.01554027967234	3.952194719714955	196.0478052802851	806.0219644623988	984.3941494302758	0.002416607676025	150.01554027967236	47.192215749054505	4.0652566775675664e-05	112.72451009488584	65.54783462560277	221.65409884641116	2.093043641109055e-07	6.444419941498983e-05	1.2396530810915021e-05	1.664745207616939e-06	1.0445233456166302e-05	9.819526034722097	5.495276584492988	0.29095899980557804	1.391529292612548	17.382427555745124
23.0.7.0	0.80532607272441	157.72916879929676	41.465505127979924	282.6149922003562	0.000937033360753	0.006454239676121001	481.2202399585472	474.7279888922791	26.795364826538123	16.561488811779768	0.0019003510226850001	1650.1032775371943	4.3378192755184187e-05	196.3153585007538	150.1267743893667	4.061676198020921	195.93832380197912	800.239822500168	984.8240153925461	0.001886911912382	150.12677438936672	47.17922740731799	2.8050428258612466e-05	112.70848545570877	65.65603243785655	221.9887553390873	2.0838052144735058e-07	6.418256556258986e-05	1.2345890429619072e-05	1.657938405904935e-06	1.040227221998435e-05	9.549357156955592	5.344088748857756	0.282450112979703	1.3873609687701292	17.385007799645287
24.0.	0.803382081505421	157.2586314389689	41.93798647952675	282.61243843343476	0.000945288397112	0.006452107726956001	481.2218359061954	475.5546227047105	26.05968033198415	16.14043772508339	0.0014855128903510002	1650.5247434620235	4.31568226130028e-05	196.10747721375176	150.23475491837416	4.173927438494696	195.82607256150536	794.4990813048987	985.2413252574997	0.0014724827006710002	150.2347549183742	47.16616058683213	1.9272652676191113e-05	112.69270420516621	65.76129853680722	222.31386592642428	2.0753194629061017e-07	6.394417981912947e-05	1.2299788969837492e-05	1.651742478444189e-06	1.0363197875839631e-05	9.287063729202394	5.197307743525607	0.27421501086937	1.383205131113297	17.38756156656672
24.0.3.0	0.8014545562690031	156.7894871340632	42.409058309668865	282.6099106524475	0.0009532759852050001	0.006450023779656	481.2234456104379	476.36287026715917	25.345392813265814	15.731462329652741	0.001160664635597	1650.9340437057094	4.29495658371117e-05	195.8885284460145	150.33959215308244	4.289014075535319	195.71098592446478	788.7994612574829	985.6464819042694	0.001148489149756	150.33959215308246	47.15300556742245	1.3185587501243341e-05	112.6771474753144	65.86373406107334	222.62974206912594	2.0674309371216162e-07	6.372410917038497e-05	1.2257265165148761e-05	1.6460280888349649e-06	1.0327188949152671e-05	9.03239399296884	5.054792711208548	0.26624343696851205	1.379061742242754	17.390089347553985
24.0.599999999999998.0	0.7995436926660351	156.321731516317	42.878724791018	282.6074083682897	0.000960997209976	0.0064479877173920005	481.22506861848973	477.1534595214151	24.651821847420013	15.334194067636579	0.0009064639847850001	1651.331566168377	4.2753697989878076e-05	195.65796423934896	150.44139207333154	4.407003021695045	195.59299697830502	783.1406810743918	986.0398731929552	0.0008953751289830001	150.44139207333157	47.13975274198606	8.982949710421968e-06	112.66179715040823	65.96343648185267	222.9366837632103	2.060013046335085e-07	6.351833695528951e-05	1.221753623743985e-05	1.640689914407441e-06	1.029357642569819e-05	8.785105519043269	4.916408013213989	0.258525604655268	1.374930764870651	17.39259163171181
24.0.9.0	0.7976496909604671	155.85536022594667	43.34699008309387	282.6049310950206	0.0009684538771540001	0.006445999283497	481.2267044800377	477.92709522292546	23.97831203279217	14.948274614823054	0.00070767187352	1651.717684413302	4.2566998092600266e-05	195.41521319865413	150.54025656190944	4.527962478573741	195.47203752142633	777.5224585771033	986.4218726474252	0.000697760216901	150.54025656190947	47.12639260604647	6.094041808626333e-06	112.64663581776715	66.0604997737291	223.23498006244796	2.052962813260574e-07	6.332359714719874e-05	1.2179965641066211e-05	1.635642306992672e-06	1.0261816221040511e-05	8.544964786787515	4.782022994174946	0.2510521705987	1.37081216182035	17.395068904980945
25.0.2.0	0.7957727561093451	155.39036891154228	43.813858332349376	282.6024783509892	0.0009756484553260001	0.006444058092674	481.22835274841304	478.68446003338335	23.324231872014064	14.5733560904827	0.000552297884349	1652.092758311632	4.238765577496703e-05	195.15967987136517	150.63628360158032	4.651961946910589	195.34803805308945	771.9445113044536	986.7928400999419	0.0005435635933760001	150.63628360158035	47.112915748011105	4.116843302028026e-06	112.63164672216926	66.15501457583748	223.52490957156826	2.0461965395750388e-07	6.313723717294555e-05	1.214403635590321e-05	1.630815700046164e-06	1.023146638058992e-05	8.311746786727616	4.651511759805525	0.243814209977321	1.366705896026187	17.397521649012386
25.0.5.0	0.7939130978432081	154.9267532299621	44.27933367219568	282.60004965986144	0.000982584017854	0.006442163642216001	481.2300129816661	479.42621555358505	22.688972716180615	14.20910112940351	0.00043091913475100006	1652.4571346514608	4.22141949454179e-05	194.89074415455323	150.72956746052057	4.7790722358090125	195.22092776419103	766.4065569980439	987.1531223001621	0.000423307323525	150.7295674605206	47.09931284009239	2.7694985580429293e-06	112.61681372349636	66.24706834402356	223.806740912176	2.0396462349020038e-07	6.295710471923303e-05	1.21093288458852e-05	1.626153643329512e-06	1.0202168258444792e-05	8.085234644903759	4.524752966821042	0.23680319336584502	1.362611930533211	17.399950340140244
25.0.8.0	0.792070930746795	154.46450884622743	44.743420223026746	282.5976445515492	0.0009892641852470001	0.0064403153231170004	481.23168474354185	480.1530033003236	22.071947766223264	13.855182847708255	0.000336138669128	1652.811147713622	4.204541121457786e-05	194.6077607362498	150.8201988669721	4.909365471027274	195.0906345289728	760.908313985431	987.5030534908643	0.000329563536815	150.82019886697213	47.08557462986163	1.855330504477865e-06	112.60212125738084	66.33674549459028	224.08073316318107	2.033256683363828e-07	6.27814546126666e-05	1.2075502922913091e-05	1.621610362927408e-06	1.0173631027796831e-05	7.865219267557583	4.401629624228185	0.230010965159531	1.358530228496907	17.40235544845247
26.0.099999999999998.0	0.7902464743400021	154.00363143341727	45.20612209224372	282.5952625630439	0.000995693068506	0.006438512430973001	481.23336760435933	480.86544563080827	21.472591127775633	13.511284727922064	0.000262155709673	1653.155119816368	4.188032072446541e-05	194.31005857823317	150.9082651738517	5.042915102264832	194.95708489773523	755.4495014812874	987.8429559525783	0.00025651669038600003	150.90826517385173	47.0716919324035	1.237742155043807e-06	112.58755429862578	66.42412754017293	224.34713627739777	2.026983040405275e-07	6.26088724289109e-05	1.204228286629508e-05	1.617148759203449e-06	1.0145618969335712e-05	7.65149900484074	4.282028905249628	0.22342972341701503	1.354460753182916	17.404737436957852
26.0.4.0	0.7884399531590041	153.54411667256304	45.66744337427895	282.592903239155	0.0010018752139040001	0.006436754176593001	481.2350611417956	481.5641466178234	20.890356916104764	13.177100443699382	0.00020442534413200002	1653.4893618309559	4.1718118403551235e-05	193.9969404482171	150.9938505140018	5.179795909371379	194.8202040906287	750.0298398229295	988.1731405191287	0.000199617623122	150.99385051400182	47.05765562304518	8.223055841492744e-07	112.57309832719193	66.50929321824748	224.60619147585126	2.020788869010893e-07	6.243821199006401e-05	1.2009445245528262e-05	1.612738768426041e-06	1.0117941067072142e-05	7.443879332327273	4.165841969202734	0.21705200101302702	1.3504034679667432	17.40709676084672
26.0.7.0	0.7866515968374831	153.0859602525438	46.12738815061967	282.59056613315937	0.001007815549584	0.0064350396962520005	481.23676494157775	482.2496928786063	20.32471840793217	12.85233364046436	0.0001593895337	1653.8141736700013	4.155814398585316e-05	193.66768251011797	151.07703594671094	5.320084007402932	194.67991599259707	744.6490506535058	988.4939070659524	0.000155310635984	151.07703594671096	47.04345663063489	5.440462794506241e-07	112.55873929656201	66.59231861273707	224.85813162120968	2.0146445387507618e-07	6.226854435037885e-05	1.1976808979791711e-05	1.608356025300551e-06	1.0090442513764352e-05	7.242172549201493	4.052963792701642	0.21087064800177802	1.346358336333459	17.40943386684244
27.0.	0.7848816401878761	152.62915786998173	46.585960489831415	282.5882508073619	0.0010135193343050002	0.006433368061508	481.2384785980864	482.92265436019096	19.775167237202602	12.536697684825972	0.000124264854524	1654.1298447503193	4.1399854405782725e-05	193.32153398185122	151.15789959608557	5.463856850446143	194.53614314955388	739.3068570635386	988.8055449729127	0.000120818533504	151.1578995960856	47.02908593134846	3.584622035716469e-07	112.54446360431119	66.67327726914723	225.10318157165798	2.00852592346846e-07	6.209911625351089e-05	1.1944227241875022e-05	1.603980773642212e-06	1.0062997791402651e-05	7.046197492075859	3.943293009598447	0.204878815100344	1.342325321877398	17.411749192639892
27.0.3.0	0.783130323282553	152.17370522913745	47.043164447581034	282.58595683357476	0.001018992108582	0.006431738288561001	481.2402017148735	483.58358508377086	19.241212632069644	12.229915392874839	9.68752670688839e-05	1654.4366544318582	4.1242801413897425e-05	192.95771687090263	151.23651678180772	5.611193234129497	194.38880676587053	734.002983699426	989.1083335632119	9.397356925646204e-05	151.23651678180775	47.014534543003286	2.3521291956486028e-07	112.53025806472604	66.75224030362929	225.34155851643118	2.002413344045904e-07	6.192931637436049e-05	1.191158087833288e-05	1.5995969810399989e-06	1.003550504675326e-05	6.855779263468529	3.836731759121054	0.19906993820906202	1.33830438830185	17.414043166426996
27.0.599999999999998.0	0.7813978915348501	151.71959804180665	47.49900406665949	282.583683793517	0.0010242396484270002	0.006430149347096001	481.2419339051004	484.233023850428	18.722380690563785	11.931718745244078	7.552054800734764e-05	1654.7348724342082	4.108661345677793e-05	192.57542579874126	151.31296014277552	5.762173296737052	194.237826703263	728.7371568457947	989.4025425198785	7.308467345937158e-05	151.31296014277555	46.99979351986312	1.537073348950763e-07	112.51610988333016	66.82927650634133	225.57347229413799	1.996290711734101e-07	6.17586479407598e-05	1.187877307248159e-05	1.595191620735223e-06	1.0007881528664172e-05	6.670748974039986	3.733185541704351	0.19343772389292802	1.33429549941875	17.416316206484797
27.0.9.0	0.7796845957798461	151.2668320272168	47.95348337700437	282.5814312791405	0.001029267921833	0.006428600168598001	481.24367479189925	484.87149491041885	18.218213692588723	11.641848595029483	5.8872912833842885e-05	1655.0247592320584	4.0930981031233404e-05	192.17382792598028	151.38729975408327	5.916878518837601	194.0831214811624	723.5091044872003	989.688432281211	5.683330491249263e-05	151.3872997540833	46.98485394791718	1.0003430396735168e-07	112.50200663318495	66.90445243944987	225.79912569492225	1.9901448352054332e-07	6.158670656993009e-05	1.184572502344077e-05	1.5907540902043679e-06	9.980059893537669e-06	6.490943497752124	3.632563082047014	0.187976135754328	1.3302986191483681	17.418568720861447
28.0.2.0	0.7779906923548031	150.81540291192434	48.406606395721866	282.57919889288667	0.0010340830480960002	0.006427089654120001	481.24542400866284	485.49950859803346	17.728269446057325	11.360054373236208	4.589588355715291e-05	1655.3065664308808	4.077564486312722e-05	191.75206299103567	151.4596032377648	6.075391721339286	193.9246082786607	718.3185563535542	989.9662544164502	4.4191847718967333e-05	151.45960323776484	46.9697069406198	6.483799377055571e-08	112.48793623284628	66.97783253009013	226.01871474743595	1.983964860940221e-07	6.141316235707169e-05	1.1812372453785673e-05	1.586275741230253e-06	9.951985218933093e-06	6.316205239171952	3.5347761989591753	0.18267938163313502	1.326313711518996	17.42080110711529
28.0.5.0	0.776316443179152	150.3653064297131	48.85837712710875	282.5769862478797	0.001038691260022	0.006425616681491	481.24718119926916	486.1175619338999	17.252120665130604	11.086093795283318	3.5780681579140044e-05	1655.5805371240363	4.0620386378012505e-05	191.30924347587927	151.52993586769318	6.237797061877218	193.7622029381228	713.1652439527529	990.2362519828721	3.435973719185689e-05	151.5299358676932	46.95434363507914	4.185445844443376e-08	112.47388692586847	67.04947915858142	226.2324289915296	1.977741821967848e-07	6.123774542341297e-05	1.177866279143637e-05	1.5817495006925738e-06	9.923612593460159e-06	6.146381912196194	3.439739681596361	0.17754190157545802	1.322340740666629	17.423013752122174
28.0.799999999999997.0	0.7746621158339241	149.91653832149314	49.30879956267389	282.57479296805985	0.001043098869031	0.006424180111967001	481.24894601824184	486.7261391964716	16.789354378665397	10.819732571199486	2.7896407129521745e-05	1655.846906232395	4.0465020027907426e-05	190.84445491331175	151.59836066899874	6.404180029438566	193.59581997056148	708.0489005932665	990.4986598654049	2.671350849720922e-05	151.59836066899877	46.93875518868303	2.6908575550635542e-08	112.45984726175558	67.11945274217014	226.44045173749663	1.971468274491239e-07	6.106023427309555e-05	1.174455289904933e-05	1.5771695650269479e-06	9.894905174704368e-06	5.981326329523455	3.3473711717033092	0.17255835651703502	1.318379670834653	17.425207031941962
29.0.099999999999998.0	0.7730279836405011	149.46909433520108	49.75787768115939	282.5726186882623	0.001047312233143	0.006422778796337	481.25071813085685	487.32571246430655	16.33957136710499	10.560744121436269	2.1751049831027233e-05	1656.1059008275156	4.0309387118895706e-05	190.35675635099108	151.66493851234495	6.574627437127302	193.42537256287275	702.9692613988605	990.7537050997985	2.0767765006367173e-05	151.66493851234497	46.92293277615411	1.722986103065732e-08	112.44580607826876	67.18781181455843	226.64296031266363	1.9651380056644232e-07	6.0880446426390924e-05	1.1710007247165951e-05	1.572531154394158e-06	9.865832626546297e-06	5.820896202246376	3.257591051516836	0.16772361763158503	1.314430466373529	17.42738131173952
29.0.4.0	0.771414325738587	149.02297022570073	50.20561544856164	282.5704630542466	0.0010513377277760001	0.006421411580479	481.2524972131955	487.9167421306232	15.902385626167275	10.308909299672537	1.696099837912577e-05	1656.3577404393309	4.015335085048146e-05	189.84518098820877	151.72972820337256	6.749227412968179	193.2507725870318	697.92606331717	991.0016071803052	1.6144701298375732e-05	151.7297282033726	46.906867587025424	1.098803850527613e-08	112.43175248500685	67.25461310145276	226.84012629604382	1.958745798885471e-07	6.069823089458794e-05	1.167499644642176e-05	1.5678303151639e-06	9.836369863498143e-06	5.664953948978939	3.170322337000789	0.16303275629837502	1.310493091740476	17.429536945755213
29.0.7.0	0.7698214271632481	148.57816175468585	50.65201681815184	282.5683257226815	0.0010551817193040001	0.006420077310405001	481.2542829521501	488.4996773915261	15.477423855796056	10.064016123553827	1.3227212285836271e-05	1656.6026373492357	3.999679233202725e-05	189.30873700211598	151.79278656760403	6.9280693886470175	193.071930611353	692.9190451234787	991.2425783527646	1.2550321134211823e-05	151.79278656760405	46.89055082352967	6.979288221970553e-09	112.41767584818258	67.31991159235582	227.03211574174162	1.95228724551347e-07	6.0513462142606106e-05	1.1639496069836811e-05	1.5630637614318761e-06	9.806496043102282e-06	5.513366513973512	3.085490576108192	0.158481034646823	1.306567511499154	17.4316742773204
30.0.	0.7682495789209101	148.13466469058363	51.09708573049644	282.5662063610886	0.001058850541252	0.006418774836786	481.2560750453888	489.0749567091714	15.064324972945832	9.82585951397985	1.0316610735955562e-05	1656.8407968694114	3.983960738615099e-05	188.7464085807108	151.85416853107736	7.111244086082498	192.88875591391752	687.9479474207664	991.4768238939228	9.755890211600084e-06	151.8541685310774	46.873973698897274	4.4152965401001514e-09	112.40356577652648	67.38376060880547	227.21908939173525	1.945758594008454e-07	6.032603525175602e-05	1.160348570913464e-05	1.558228748028159e-06	9.776193758477442e-06	5.366005193719442	3.003023751786442	0.154063896639275	1.302653690319349	17.433793638913254
